Nom_Commercial,DCI,Dosage,Prix_DZD
RESTILON,"RIVASTIGMINE TARTRATE EXPRIME EN
RIVASTIGMINE",2MG/ML,0.0
GRIPEX ALLERGIE,"CETIRIZINE
DICHLORHYDRATE",10MG,0.0
RHITENE,"CETIRIZINE
DICHLORHYDRATE",10MG,0.0
ARTIZ,CETIRIZINE DICHLORHYDRATE,10MG,0.0
HISTARIZINE,"CETIRIZINE
DICHLORHYDRATE",10MG,0.0
ZYRTIRIZINE,"CETIRIZINE
DICHLORHYDRATE",10MG,0.0
ZYTREX,"CETIRIZINE
DICHLORHYDRATE",10MG,0.0
"CETIRIZINE
MYLAN","CETIRIZINE
DICHLORHYDRATE",10MG,0.0
NADEC,CETIRIZINE DICHLORHYDRATE,10MG,0.0
"CETIRIZINE
PHYSIOPHARM","CETIRIZINE
DICHLORHYDRATE",10MG,0.0
HISTAGAN,DEXCHLORPHENIRAMIN E MALEATE,2MG,0.0
FENIRAMINE,DEXCHLORPHENIRAMIN E MALEATE,"0,5 MG/5ML
(0,01%)",0.0
DEXCHLORPHENIR AMINE AFRO,DEXCHLORPHENIRAMIN E MALEATE,"0,5MG/5ML",0.0
DORAMINE,"DEXCHLORPHENIRAMIN
E MALEATE","0,5MG/5ML",0.0
HISTAGAN,DEXCHLORPHENIRAMIN E MALEATE EXPRIME EN DEXCHLORPHENIRAMIN E,"0,5MG/5ML(0,01
%)",0.0
GENARITYNE,"DEXCHLORPHENIRAMIN
E MALEATE","0,5MG/5ML(0,01
%)",0.0
HISTONE,"DEXCHLORPHENIRAMIN
E MALEATE","0,5MG/5ML",0.0
DOMSTAL,"DOXYLAMINE
SUCCINATE","6,25MG/5ML",0.0
SULAMINE,DOXYLAMINE SUCCINATE,"6,25MG/5ML",0.0
NATAZINE,MEQUITAZINE,5MG,0.0
PRIMALAN,MEQUITAZINE,5MG,0.0
PRANOK,"PROMETHAZINE CHLORHYDRATE EXPRIME EN
PROMETHAZINE",50MG/02ML,0.0
PRIMALAN,MEQUITAZINE,"1,25MG/2,5ML",0.0
GELARTINE,LORATADINE,10MG,0.0
LUTEDINE,LORATADINE,10MG,0.0
RITADOLE,LORATADINE,10MG,0.0
LORATAN,LORATADINE,10MG,0.0
ORIN,LORATADINE,10MG,0.0
RESTAMINE,LORATADINE,10MG,0.0
"LORATADINE
BEKER",LORATADINE,10MG,0.0
AKARYD,LORATADINE,10MG,0.0
NEOTADINE,LORATADINE,10MG,0.0
"LORATADINE
NOVAGENERICS",LORATADINE,10MG,0.0
LORADINE,LORATADINE,10MG,0.0
ALLERTINE,LORATADINE,10MG,0.0
TIRLOR,LORATADINE,10MG,0.0
LORATAL,LORATADINE,10MG,0.0
APILOR,LORATADINE,10MG,0.0
GELARTINE,LORATADINE,1MG/ML,0.0
ORIN,LORATADINE,1MG/ML,0.0
RESTAMINE,LORATADINE,1MG/ML,0.0
HOCINOR,LORATADINE,1MG/ML,0.0
ALLERTINE,LORATADINE,1MG/ML,0.0
CLARDINE,LORATADINE,1MG/ML,0.0
CLARADINE,LORATADINE,1MG/ML,0.0
LORATADINE,LORATADINE,1MG/ML,0.0
"FEXOFENADINE
BEKER","Fexofenadine
chlorhydrate",120MG,0.0
FEXODINE,Fexofenadine chlorhydrate,120MG,0.0
RIFEX 120,Fexofenadine chlorhydrate,120MG,0.0
"FEXOFENADINE
NOVAGENERICS","Fexofenadine
chlorhydrate",120MG,0.0
"FEXOFENADINE
IVAL","Fexofenadine
chlorhydrate",120MG,0.0
TELFADINE,"Fexofenadine
chlorhydrate",120MG,0.0
TELFAST,"Fexofenadine
chlorhydrate",120MG,0.0
FEXONIDAL,"Fexofenadine
chlorhydrate",120MG,0.0
FASTOFEN 120,Fexofenadine chlorhydrate,120MG,0.0
FEXODINE,"Fexofenadine
chlorhydrate",180MG,0.0
RIFEX 180,Fexofenadine chlorhydrate,180MG,0.0
TELFAST,Fexofenadine chlorhydrate,180MG,0.0
FEXONIDAL,"Fexofenadine
chlorhydrate",180MG,0.0
FASTOFEN 180,Fexofenadine chlorhydrate,180MG,0.0
"FEXOFENADINE
BEKER","Fexofenadine
chlorhydrate",180MG,0.0
FEXOFENADINE IVAL,Fexofenadine chlorhydrate,180MG,0.0
"FEXOFENADINE
NOVAGENERICS","Fexofenadine
chlorhydrate",180MG,0.0
RHITENE,CETIRIZINE DICHLORHYDRATE,10MG/ML,0.0
ARTIZ,"CETIRIZINE
DICHLORHYDRATE",10MG/ML,0.0
CETIRIZINE GL,CETIRIZINE DICHLORHYDRATE,10MG/ML,0.0
ZYRTEC,CETIRIZINE DICHLORHYDRATE,10MG/ML,0.0
ZETIREC,"CETIRIZINE
DICHLORHYDRATE",10MG/ML,0.0
RUPAFIN,RUPATADINE FUMARATE EXPRIME EN RUPATADINE,10MG,0.0
HUDU,DIPHENHYDRAMINE CHLORHYDRATE,50MG,0.0
DESLORAL,Desloratadine,5MG,0.0
UDINE,Desloratadine,5MG,0.0
AIRDITINE,Desloratadine,5MG,0.0
DESLOR,Desloratadine,5MG,0.0
LORADESS,Desloratadine,5MG,0.0
AIRDITINE,Desloratadine,"0,5MG/ML",0.0
DESLOR,Desloratadine,"0,5MG/ML",0.0
LORADESS,Desloratadine,"0,5ML/ML",0.0
BILAXTEN,Bilastine,20MG,0.0
FEXOFENADINE NOVAGENERICS,Fexofenadine chlorhydrate,30MG,0.0
TELFAST,"Fexofenadine
chlorhydrate",30MG,0.0
PRIMALAN,MEQUITAZINE,10MG,0.0
PERIAMEX,"CYPROHEPTADINE
CHLORHYDRATE",2MG/5ML,0.0
HEPTAFORT,"CYPROHEPTADINE CHLORHYDRATE EXPRIME EN
CYPROHEPTADINE",2MG/5ML,0.0
XYCARE,LéVOCéTIRIZINE DICHLORHYDRATE,5 MG,0.0
LEVOZEN,"LéVOCéTIRIZINE
DICHLORHYDRATE",5 MG,0.0
CIPROMINE,"CYPROHEPTADINE
CHLORHYDRATE",4MG,0.0
EBASTA,EBASTINE,10 MG,0.0
ALUSTAL,"EXTRAITS
ALLERGENIQUES DERMATOPHAGOIDES","0,1IR/ML+1IR/ML
+10IR/ML",0.0
ALUSTAL,"EXTRAITS ALLERGENIQUS DERMATOPHAGOIDES
PTERONYSSINUS",10IR/ML,0.0
ALUSTAL,"EXTRAITS ALLERGENIQUES MELANGE DE 5
GRAMINES","0,1IR/ML+1IR/ML
+10IR/ML",0.0
ALUSTAL,"EXTRAITS ALLERGENIQUES MELANGE DE 5
GRAMINES",10IR/ML,0.0
STALORAL,"EXTRAITS
ALLERGENIQUES DERMARTOPHAGOIDES PTERONYSSINUS /","10+100+300
IR/ML - 300 IR/ML",0.0
RAPIFEN,ALFENTANYL,1MG/2ML,0.0
"FENTANYL
JANSSEN","FENTANYL CITRATE
EXPRIME EN FENTANYL","0,05MG/ML
(0,5MG/10ML)",0.0
FENTANYL JANSSEN,FENTANYL CITRATE EXPRIME EN FENTANYL,"0,1MG/AMP.",0.0
SUFENTA,"SUFENTANIL CITRATE EXPRIME EN
SUFENTANIL",250µG/5ML,0.0
RAPIFEN,ALFENTANYL,5MG/10ML,0.0
SUFENTA,"SUFENTANIL CITRATE
EXPRIME EN","5µG/ML
(10µG/2ML -",0.0
REMIFENTANIL MYLAN,CHLORHYDRATE DE REMIFENTANIL,2MG/ FLACON,0.0
REMIFENTANIL MYLAN,CHLORHYDRATE DE REMIFENTANIL,5MG/FLACON,0.0
HALOTHANE BP,HALOTHANE,100%,0.0
FORENE,ISOFLURANE,100ML/100ML,0.0
AERRANE,ISOFLURANE,"100ML/100ML -
250ML/250ML",0.0
KETAMILE,KETAMINE CHLORHYDRATE EXPRIME EN KETAMINE,50MG/ML,0.0
KETAMINE-50,KETAMINE CHLORHYDRATE EXPRIME EN KETAMINE,50MG/ML,0.0
PROVIVE,PROPOFOL,"1% (OU
10MG/ML)",0.0
PROPOFOL FRESENIUS 1%,PROPOFOL,"1% (OU
10MG/ML) ( OU
200MG/20ML)",0.0
"THIOPENTAL 0,5G ROTEXMEDICA",THIOPENTAL SODIQUE,"0,5G",0.0
THIOPENTAL,THIOPENTAL SODIQUE,1G,0.0
"THIOPENTAL 1G
ROTEXMEDICA",THIOPENTAL SODIQUE,1G,0.0
OXYGENE MEDICINAL LIQUIDE LINDE GAS ALGERIE,Oxygene médicinal liquide,"OXYGENE PURTE
> OU = à 99,5 % SOUS PRESSION 1 A 15 BAR DE -
180°C A-150°C",0.0
OXYGENE MEDICINAL AIR LIQUID 200BAR,OXYGENE MEDICINAL GAZ,,0.0
OXYGENE MEDICINAL LIQUIDE AIR LIQUIDE,"OXYGENE  PURETE 99,50 %  SOUS PRESSION DE 10 BAR A 15 BAR  DE -155° C A -
145 ° C",,0.0
PROTOXYDE D'AZOTE,PROTOXYDE D'AZOTE,,0.0
ANESTANE,HALOTHANE,"100% STABILISE
PAR THYMOL",0.0
SEVORANE,SEVOFLURANE,"100ML/100ML DE
LIQUIDE POUR INHALATION PAR",0.0
SEVOFLURANE USP,SEVOFLURANE,100ML/100ML DE LIQUIDE POUR INHALATION PAR VAPEUR,0.0
HYPNOMIDATE,ETOMIDATE,2MG/ML,0.0
BRIDION,"SUGAMMADEX
SODIQUE EXPRIME EN","100MG/ML
(200MG/2ML)",0.0
DIPRIVAN,PROPOFOL,10MG/ML,0.0
DIPRIVAN,PROPOFOL,20mg/ml,0.0
BUPIVACAINE MYLAN,BUPIVACAINE CHLORHYDRATE ANHYDRE,0.5%,0.0
XYLOCAINE,LIDOCAINE CHLORHYDRATE,1%,0.0
UNICAINE 1%,"LIDOCAINE
CHLORHYDRATE",1%,0.0
XYLOCAINE,"LIDOCAINE
CHLORHYDRATE",2%,0.0
LIDOCAINE-GEO,"LIDOCAINE
CHLORHYDRATE",2%,0.0
"XYLOROLLAND
SANS VASOCONTRICTE",LIDOCAINE CHLORHYDRATE,2%,0.0
KIDOCAINE,LIDOCAINE CHLORHYDRATE,2%,0.0
UNICAINE,"LIDOCAINE
CHLORHYDRATE",2%,0.0
ADRECAINE-GEO,LIDOCAINE CHLORHYDRATE / EPINEPHRINE TARTRATE EXPRIME EN EPINEPHRINE,2% / 1/80000,0.0
XILONIBSA,LIDOCAINE CHLORHYDRATE / ADRENALINE,2%,0.0
XYLOCAINE NAPHAZOLINE,LIDOCAINE/NAPHAZOLI NE,"5% / 0,02%",0.0
"XYLOCAINE
VISQUEUSE",LIDOCAINE VISQUEUSE,2%,0.0
"MEDICAINE 2%
AVEC","MEPIVACAINE
(CHLORHYDRATE) /","2% / 1/100 000
(OU 2G / 0,001G /",0.0
MEDICAINE 3%,MEPIVACAINE,3%,0.0
TRONOTHANE,PRAMOCAINE CHLORHYDRATE,1%,0.0
ANESDERM GE 5%,"LIDOCAINE /
PRILOCAINE","2,5G/2,5G/100G",0.0
XYLOROLLAND AVEC NORADRENALINE,LIDOCAINE CHLORHYDRATE/NORA DRENALINE TARTRATE,"2G/0,00125G/100 ML",0.0
SEPTANEST ADRENALINE 1/100000,ARTICAINE CHLORHYDRATE / ADRENALINE TARTRATE,4G/1MG/100ML,0.0
SEPTANEST ADRENALINE 1/200000,ARTICAINE CHLORHYDRATE / ADRENALINE TARTRATE,"4G/0,5MG/100ML",0.0
BUPIVACAINE MYLAN,BUPIVACAINE CHLORHYDRATE ANHYDRE,5MG/ML,0.0
LISAPAN,PANCURONIUM BROMURE,2MG/ML (4MG/2ML),0.0
NEOVEC,"VECURONIUM
BROMURE","4MG/FL. DE
LYOPH.",0.0
VECURON,VECURONIUM BROMURE,4MG/FL. DE LYOPH.,0.0
ATACURE,ATRACURIUM BESYLATE,10MG/ML (50MG/5ML),0.0
RONIUM,ROCURONIUM BROMURE,50MG/5ML ( 10 MG/ML),0.0
ESMERON,ROCURONIUM BROMURE,50MG/5ML,0.0
GEASPIRIQUE,"ACIDE
ACETYLSALICYLIQUE",500MG,0.0
ASPIRINE BEKER,"ACIDE
ACETYLSALICYLIQUE",500MG,0.0
ACEPRAL,ACIDE ACETYLSALICYLIQUE,500MG,0.0
LYSOGIC,"ACETYLSALICYLATE DE
DL LYSINE EXPRIME EN","100MG/SACH.-
DOSE",0.0
ASPEGIC,"ACETYLSALICYLATE DE DL LYSINE EXPRIME EN ACIDE
ACETYLSALICYLIQUE",500MG/FL. DE PDRE.,0.0
ASPIGAL 900,ACETYLSALICYLATE DE DL LYSINE EXPRIME EN ACIDE ACETYLSALICYLIQUE,500MG/FL. DE PDRE.,0.0
ACEPRAL-L ENFANT,ACETYLSALICYLATE DE DL LYSINE EXPRIME EN ACIDE ACETYLSALICYLIQUE,250MG/SACH.-DOSE,0.0
ASPEGIC ENFANT,"ACETYLSALICYLATE DE DL LYSINE EXPRIME EN ACIDE
ACETYLSALICYLIQUE",250MG/SACH.-DOSE,0.0
ACEPRAL-L ADULTES,"ACETYLSALICYLATE DE DL LYSINE EXPRIME EN ACIDE
ACETYLSALICYLIQUE",500MG/SACH.-DOSE,0.0
ASPEGIC 500,"ACETYLSALICYLATE DE DL LYSINE EXPRIME EN ACIDE
ACETYLSALICYLIQUE",500MG/SACH.-DOSE,0.0
"ASPIRINE UPSA VITAMINE C TAMPONNEE
EFFERVESCENTE",ACIDE ACETYLSALICYLIQUE/ ACIDE ASCORBIQUE,330MG/200MG,0.0
ACEPRAL-L 1000MG,"ACETYLSALICYLATE DE DL LYSINE EXPRIME EN ACIDE
ACETYLSALICYLIQUE",1G/SACH.-DOSE,0.0
ASPEGIC ADULTE,"ACETYLSALICYLATE DE DL LYSINE EXPRIME EN ACIDE
ACETYLSALICYLIQUE",1G/SACH.-DOSE,0.0
ASPIRINE BIOTIC,ACIDE ACETYLSALICYLIQUE,100MG,0.0
ASPRO ACCEL,"ACIDE
ACETYLSALICYLIQUE /",500MG/50MG,0.0
ASPRO ACCEL,"ACIDE ACETYLSALICYLIQUE /
CAFEINE",500MG/50MG,0.0
ACEPRAL L-NOURRISSON,"ACETYLSALICYLATE DE
DL LYSINE EXPRIME EN ACIDE",100MG/SACH.-DOSE,0.0
ASPEGIC NOURRISSON,"ACETYLSALICYLATE DE DL LYSINE EXPRIME EN ACIDE
ACETYLSALICYLIQUE",100MG/SACH.-DOSE,0.0
ANTI GRIP,"ACIDE ACETYLSALICYLIQUE / ACIDE ASCORBIQUE /
CAFEINE",450MG/20MG/20 MG,0.0
GEMAL,PARACETAMOL,500MG,0.0
EXPANDOL,PARACETAMOL,500MG,0.0
PAROL,PARACETAMOL,500MG,0.0
SAPRAMOL,PARACETAMOL,500MG,0.0
TYLENOL,PARACETAMOL,500MG,0.0
DOLICRANE,PARACETAMOL,500MG,0.0
MIGRAMOL,PARACETAMOL,500MG,0.0
PACET,PARACETAMOL,500MG,0.0
"PARACETAMOL
PHYSIOPHARM",PARACETAMOL,500MG,0.0
EFFERALGAN,PARACETAMOL,500MG,0.0
PARALGAN,PARACETAMOL,500MG,0.0
PARAMOL,PARACETAMOL,500MG,0.0
DOLIPRANE,PARACETAMOL,500MG,0.0
DOLI-BIEN,PARACETAMOL,500MG,0.0
PLANADIX LIQUIZ,PARACETAMOL,300MG/STICK,0.0
PLANADIX LIQUIZ,PARACETAMOL,200MG/STICK,0.0
PARACETAL,PARACETAMOL,500MG,0.0
DOFEBRIL,PARACETAMOL,500MG,0.0
DOLYC,PARACETAMOL,500MG,0.0
"PARACETAMOL
IVAL",PARACETAMOL,500MG,0.0
"PARACETAMOL
BIOCARE",PARACETAMOL,100MG,0.0
EXPANDOL,PARACETAMOL,100MG,0.0
SAPRAMOL,PARACETAMOL,100MG,0.0
ISOMOL,PARACETAMOL,100MG/5ML,0.0
DOLIPRANE,PARACETAMOL,100MG,0.0
PARACETAMOL PHYSIOPHARM,PARACETAMOL,100MG,0.0
SUPPFADOL 100,PARACETAMOL,100MG,0.0
GEMAL,PARACETAMOL,100MG,0.0
PAROL,PARACETAMOL,100MG,0.0
DOLPRIV,PARACETAMOL,100MG,0.0
PARALGAN,PARACETAMOL,100MG,0.0
PARALGAN,PARACETAMOL,120MG,0.0
CETALGINE,PARACETAMOL,100MG,0.0
DOLIPRANE,PARACETAMOL,100MG,0.0
DOLYMEX,PARACETAMOL,100MG,0.0
PANADOL,PARACETAMOL,500MG,0.0
DOFEBRIL,PARACETAMOL,500MG,0.0
COEXPANDOL,Paracétamol / Codéine phosphate hémihydraté,400MG/20MG,0.0
COPRALGIR,Paracétamol / Codéine phosphate hémihydraté,400MG/20MG,0.0
PARAC-CO,"PARACETAMOL
/PHOSPHATE DE CODEINE HEMIHYDRATE",400MG/20MG,0.0
CODOLIPRANE,Paracétamol / Codéine phosphate hémihydraté,400MG/20MG,0.0
COPARALGAN,Paracétamol / Codéine phosphate hémihydraté,400MG/20MG,0.0
COPARAMOL,Paracétamol / Codéine phosphate hémihydraté,400MG/20MG,0.0
CODOFEBRIL,"PARACETAMOL/CODEIN E PHOSPHATE
HEMIHYDRATE",500 MG/30 MG,0.0
DAFALGAN CODEINE,Paracétamol / Codéine phosphate hémihydraté,500MG/30MG,0.0
CODOLIPRANE,Paracétamol / Codéine phosphate hémihydraté,500MG/30MG,0.0
COPARAMOL FORT,PARACETAMOL/CODEIN E PHOSPHATE HEMIHYDRATE,500MG/30MG,0.0
PLANADIX CONFORT +,Paracétamol / Codéine phosphate hémihydraté,500MG/30MG,0.0
DOFEBRIL C,PARACETAMOL / ACIDE ASCORBIQUE,330MG/200MG,0.0
GEMAL,PARACETAMOL,500MG,0.0
DIALAMOL,PARACETAMOL,500MG,0.0
SUPPFADOL 150,PARACETAMOL,150MG,0.0
PAROL,PARACETAMOL,150MG,0.0
DOLPRIV,PARACETAMOL,150MG,0.0
CETALGINE,PARACETAMOL,150MG,0.0
DOLIPRANE,PARACETAMOL,150MG,0.0
SUPPFADOL 200,PARACETAMOL,200MG,0.0
GEMAL,PARACETAMOL,200MG,0.0
PAROL,PARACETAMOL,200MG,0.0
DOLYMEX,PARACETAMOL,200MG,0.0
ALGIMOL ENFANT,PARACETAMOL,200MG,0.0
DOLPRIV,PARACETAMOL,200MG,0.0
CETALGINE,PARACETAMOL,200MG,0.0
DOLIPRANE,PARACETAMOL,200MG,0.0
SUPPFADOL 300,PARACETAMOL,300MG,0.0
GEMAL,PARACETAMOL,300MG,0.0
PAROL,PARACETAMOL,300MG,0.0
DOLYMEX,PARACETAMOL,300MG,0.0
ALGIMOL ENFANT,PARACETAMOL,300MG,0.0
DOLPRIV,PARACETAMOL,300MG,0.0
CETALGINE,PARACETAMOL,300MG,0.0
DOLIPRANE,PARACETAMOL,300MG,0.0
"PARACETAMOL
BIOCARE",PARACETAMOL,150MG,0.0
EXPANDOL,PARACETAMOL,150MG,0.0
SAPRAMOL,PARACETAMOL,150MG,0.0
DOLIPRANE,PARACETAMOL,150MG,0.0
PARACETAMOL PHYSIOPHARM,PARACETAMOL,150MG,0.0
PARACETAMOL BIOCARE,PARACETAMOL,200MG,0.0
EXPANDOL,PARACETAMOL,200MG,0.0
SAPRAMOL,PARACETAMOL,200MG,0.0
"PARACETAMOL
PHYSIOPHARM",PARACETAMOL,200MG,0.0
DOLIPRANE,PARACETAMOL,200MG,0.0
EXPANDOL,PARACETAMOL,300MG,0.0
SAPRAMOL,PARACETAMOL,300MG,0.0
DOLIPRANE,PARACETAMOL,300MG,0.0
PARACETAMOL BIOCARE,PARACETAMOL,300MG,0.0
PARAMOL RHUME,"PARACETAMOL / PSEUDOEPHEDRINE
CHLORHYDRATE",500MG/30MG,0.0
RHUMEDRINE,"PARACETAMOL /
PSEUDOEPHEDRINE CHLORHYDRATE",500MG/30MG,0.0
DOLI RHUME,"PARACETAMOL /
PSEUDOEPHEDRINE CHLORHYDRATE",500MG/30MG,0.0
PLANADIX RHUME,"PARACETAMOL/PSEUD
OEPHEDRINE (SOUS FORME DE",500MG/30MG,0.0
ACETADOL,PARACETAMOL,3%,0.0
TYLENOL,PARACETAMOL,3% (150MG/5ML),0.0
PEDIAMOL,PARACETAMOL,3%,0.0
ALGIMOL-PEDIATRIQUE,PARACETAMOL,3%,0.0
DOLPRIV,PARACETAMOL,3%,0.0
EFFERALGAN PEDIATRIQUE,PARACETAMOL,3%,0.0
PARACETAMOL BIOCARE,PARACETAMOL,500MG,0.0
EXPANDOL,PARACETAMOL,500MG,0.0
SAPRAMOL,PARACETAMOL,500MG,0.0
"PARACETAMOL
PHYSIOPHARM",PARACETAMOL,500MG,0.0
PERMIDOL,PARACETAMOL,10MG/ML,0.0
PARACETAMOL RAZES,PARACETAMOL,"10MG/ML (500MG/50ML)
(1000MG/100ML)",0.0
PARACETAMOL PHARMAGHREB,PARACETAMOL,10MG/ML (500MG/50ML) (1000MG/100ML),0.0
PARACETAL,PARACETAMOL,10MG/ML (1000MG/100ML),0.0
DOLOMOL,PARACETAMOL,250MG/5ML,0.0
DOLOMOL,PARACETAMOL,250MG,0.0
DOFEBRIL,PARACETAMOL,1G,0.0
GEMAL,PARACETAMOL,1G,0.0
DOLICRANE,PARACETAMOL,1G,0.0
MIGRAMOL,PARACETAMOL,1G,0.0
PANADOL 1G,PARACETAMOL,1G,0.0
DOLYC,PARACETAMOL,1G,0.0
PARACETAMOL PHYSIOPHARM,PARACETAMOL,1G,0.0
PARALGAN,PARACETAMOL,1G,0.0
PARAMOL,PARACETAMOL,1G,0.0
DOLIPRANE,PARACETAMOL,1G,0.0
DOLI-BIEN,PARACETAMOL,1G,0.0
EXPANDOL,PARACETAMOL,1G,0.0
PARALGAN,PARACETAMOL,1000MG,0.0
PARALGAN,PARACETAMOL,80MG,0.0
EXTRADOL,"PARACETAMOL /
CAFEINE",500MG/65MG,0.0
EXPANDOL PLUS,"PARACETAMOL /
CAFEINE",500MG/65MG,0.0
PANADOL EXTRA,PARACETAMOL / CAFEINE,500MG/65MG,0.0
PLANADIX EXTRA,"PARACETAMOL /
CAFEINE",500MG/65MG,0.0
PACET EXTRA,"PARACETAMOL /
CAFEINE",500MG/65MG,0.0
PARALGAN,PARACETAMOL,160MG,0.0
ALGIMOL,PARACETAMOL,170MG,0.0
PARALGAN,PARACETAMOL,170MG,0.0
SUPPFADOL 170,PARACETAMOL,170MG,0.0
NOFEB,PARACETAMOL / CHLORPHENAMINE MALEATE / ACIDE ASCORBIQUE,"240MG/3,2MG/1
00MG",0.0
SUPPFADOL,PARACETAMOL,80MG,0.0
PARALGAN,PARACETAMOL,80MG,0.0
PARALGAN,PARACETAMOL,600MG,0.0
PARAMOL EXTRA,"PARACETAMOL/
CAFEINE ANHYDRE",500MG/50MG,0.0
"MIGRAMOL
PEDIATRIQUE",PARACETAMOL,"120MG/5ML
(2,4G/100ML)",0.0
PARALGAN,PARACETAMOL,120MG/5ML,0.0
"DOLIPRANE 2,4%",PARACETAMOL,120MG/5ML,0.0
EFFERALGAN VITAMINE C,PARACETAMOL / ACIDE ASCORBIQUE,500MG/200MG,0.0
SKENAN LP,Morphine sulfate,10MG,0.0
SKENAN LP,Morphine sulfate,30MG,0.0
SKENAN LP,Morphine sulfate,60MG,0.0
SKENAN LP,Morphine sulfate,100MG,0.0
"PARACETAMOL
PHYSIOPHARM",PARACETAMOL,1000MG,0.0
BUPRINAL,BUPRENORPHINE CHLORHYDRATE EXPRIME EN BUPRENORPHINE,"0,3MG/ML",0.0
"TRAMADOL
BEKER","TRAMADOL
CHLORHYDRATE",50MG,0.0
ZODID,"TRAMADOL CHLORHYDRATE
EXPRIME EN TRAMADOL",50MG,0.0
SUPRAMADOL,TRAMADOL CHLORHYDRATE EXPRIME EN TRAMADOL,50MG,0.0
TRAMADIS,TRAMADOL CHLORHYDRATE EXPRIME EN TRAMADOL,50MG,0.0
TRAMEX,TRAMADOL CHLORHYDRATE EXPRIME EN TRAMADOL,50MG,0.0
TRAMAL,TRAMADOL CHLORHYDRATE EXPRIME EN TRAMADOL,50MG,0.0
TRAMADOL NOVAGENERICS,TRAMADOL CHLORHYDRATE EXPRIME EN TRAMADOL,50MG,0.0
DUOFEM,TRAMADOL CHLORHYDRATE EXPRIME EN TRAMADOL,50MG,0.0
DOLTRAM,TRAMADOL CHLORHYDRATE EXPRIME EN TRAMADOL,50MG,0.0
TRAMADOL SANDOZ,TRAMADOL CHLORHYDRATE EXPRIME EN TRAMADOL,50MG,0.0
DOLEX,TRAMADOL CHLORHYDRATE EXPRIME EN TRAMADOL,50MG,0.0
TRAMADOL LS,TRAMADOL CHLORHYDRATE EXPRIME EN TRAMADOL,50MG,0.0
TRAMADOL LS,TRAMADOL CHLORHYDRATE EXPRIME EN TRAMADOL,100MG,0.0
TRAMADINE,CHLORHYDRATE DE TRAMADOL,100MG,0.0
ATEPADENE,Adénosine triphosphate,30MG,0.0
ATP NOVAGENERICS,"Adénosine triphosphate disodique trihydraté exprimé en adénosine
triphosphate disodique",30MG,0.0
"TRAMADOL
BEKER LP","TRAMADOL
CHLORHYDRATE",100MG,0.0
DOLTRAM,"TRAMADOL
CHLORHYDRATE",100MG,0.0
DOLTRAM,TRAMADOL CHLORHYDRATE EXPRIME EN TRAMADOL,150MG,0.0
DOLTRAM,TRAMADOL CHLORHYDRATE EXPRIME EN TRAMADOL,200MG,0.0
TRAMGESIC,TRAMADOL CHLORHYDRATE EXPRIME EN TRAMADOL,50MG/ML (100MG/2ML),0.0
TRAMADIS,TRAMADOL CHLORHYDRATE EXPRIME EN TRAMADOL,50MG/ML (100MG/2ML),0.0
SUPRAMADOL,TRAMADOL CHLORHYDRATE EXPRIME EN TRAMADOL,50MG/ML,0.0
XALDOL,Paracétamol/ Tramadol chlorhydrate,"325MG / 37,5MG",0.0
DOLOKIL,Paracétamol/ Tramadol chlorhydrate,"325MG / 37,5MG",0.0
PRADOL,Paracétamol/ Tramadol chlorhydrate,"325MG / 37,5MG",0.0
XAMADOL,Paracétamol/ Tramadol chlorhydrate,"325MG / 37,5MG",0.0
SUPRADOLEX,Paracétamol/ Tramadol chlorhydrate,"325MG / 37,5MG",0.0
DI-DOLEX,Paracétamol/ Tramadol chlorhydrate,"325MG / 37,5MG",0.0
CETADOL,Paracétamol/ Tramadol chlorhydrate,"325MG / 37,5MG",0.0
TRAMADOL PLUS,Paracétamol/ Tramadol chlorhydrate,"325MG / 37,5MG",0.0
TRAPAL,Paracétamol/ Tramadol chlorhydrate,"325MG / 37,5MG",0.0
EXTRAMADOL,Paracétamol/ Tramadol chlorhydrate,"325MG / 37,5MG",0.0
PLANADIX ADVANCE,Paracétamol/ Tramadol chlorhydrate,"325MG / 37,5MG",0.0
DOLMATOL,Paracétamol/ Tramadol chlorhydrate,"325MG / 37,5MG",0.0
DUROGESIC 25µG/HEURE,FENTANYL,25µG/HEURE,0.0
DUROGESIC 50µG/HEURE,FENTANYL,50µG/HEURE,0.0
DUROGESIC 75µG/HEURE,FENTANYL,75µG/HEURE,0.0
DUROGESIC 100µG/HEURE,FENTANYL,100µG/HEURE,0.0
DUROGESIC 12µG/HEURE,FENTANYL,12µG/HEURE,0.0
ACUPAN,NEFOPAM CHLORHYDRATE,"10MG/ML (OU
20MG/2ML)",0.0
ENANTUM,DEXKéTOPROFéNE(TRO MéTAMOL),25 MG,0.0
DICLAMID,Diclofénac sodique,25MG/ML (75MG/3ML),0.0
VOLTAFENE,Diclofénac sodique,"25MG/ML
(75MG/3ML)",0.0
CLOFENAL,Diclofénac sodique,"25MG/ML
(75MG/3ML)",0.0
VOLTUM,Diclofénac sodique,25MG,0.0
FLOVENAC,Diclofénac sodique,50MG,0.0
GEOFENAC,Diclofénac sodique,50MG,0.0
BIOFENAC,Diclofénac sodique,50MG,0.0
XINAC-50,Diclofénac sodique,50MG,0.0
VOTREX,Diclofénac sodique,50MG,0.0
VOLTUM,Diclofénac sodique,50MG,0.0
CLOFENAL,Diclofénac sodique,50MG,0.0
DICLOFAL,Diclofénac sodique,50MG,0.0
FLOVENAC LP,Diclofénac sodique,100MG,0.0
BIOFENAC,Diclofénac sodique,100MG,0.0
DICLOGESIC RETARD,Diclofénac sodique,100MG,0.0
VOTREX RETARD,Diclofénac sodique,100MG,0.0
"DICLOFENAC
NOVAGENERICS LP",Diclofénac sodique,100MG,0.0
VOLTUM,Diclofénac sodique,100MG,0.0
CLOFENAL LP,Diclofénac sodique,100MG,0.0
ROFENAC LP,Diclofénac sodique,100MG,0.0
DICLOFAR,Diclofénac sodique,25MG,0.0
BIOFENAC,Diclofénac sodique,25MG,0.0
VOTREX,Diclofénac sodique,25MG,0.0
"DICLOFENIL-
ENFANT",Diclofénac sodique,25MG,0.0
VOLTARENE,Diclofénac sodique,25MG,0.0
VOLTUM,Diclofénac sodique,25MG,0.0
CLOFENAL ENFANT,Diclofénac sodique,25MG,0.0
FENAQUENE,Diclofénac sodique,25MG,0.0
"PHLOGOREN
ENFANT",Diclofénac sodique,25MG,0.0
DICLOFAR,Diclofénac sodique,100MG,0.0
PHLOGOREN,Diclofénac sodique,100MG,0.0
BIOFENAC,Diclofénac sodique,100MG,0.0
VOLTAMEX,Diclofénac sodique,100MG,0.0
DICLOFENIL,Diclofénac sodique,100MG,0.0
VOLTARENE,Diclofénac sodique,100MG,0.0
VOLTUM,Diclofénac sodique,100MG,0.0
CLOFENAL,Diclofénac sodique,100MG,0.0
FENAQUENE,Diclofénac sodique,100MG,0.0
NEUPREN,IBUPROFENE,400MG,0.0
PROF,IBUPROFENE,400MG,0.0
HUBIFEN,IBUPROFENE,400MG,0.0
CALMOFEN,IBUPROFENE,400MG,0.0
XYDOL 400,IBUPROFENE,400MG,0.0
UBACTIVE 400MG,IBUPROFENE,400MG,0.0
NEOFEN,IBUPROFENE,400MG,0.0
ANTALFEN,IBUPROFENE,400MG,0.0
IBUPRANE,IBUPROFENE,400MG,0.0
SAPOFEN,IBUPROFENE,400MG,0.0
IBUPROFAL,IBUPROFENE,400MG,0.0
APIFEN,IBUPROFENE,400MG,0.0
IBUPROFENE BEKER,IBUPROFENE,400MG,0.0
CROMIVAL,IBUPROFENE,500MG,0.0
INDOMET,Indométacine,25MG,0.0
INDOGESIC,Indométacine,50MG,0.0
INDOMIN,Indométacine,50MG,0.0
ARTROLIFE,Indométacine,50MG,0.0
INDOGESIC,Indométacine,100MG,0.0
INDOMIN,Indométacine,100MG,0.0
ARTROLIFE,Indométacine,100MG,0.0
GEPROFENE,KETOPROFENE,100MG,0.0
KETOPROFENE LPA,KETOPROFENE,100MG,0.0
SAIFEN,KETOPROFENE,100MG,0.0
ALPROFEN,KETOPROFENE,100MG,0.0
PROFENID,KETOPROFENE,100MG,0.0
KETOFEN,KETOPROFENE,100MG,0.0
KETONEED,KETOPROFENE,"50MG/ML
(100MG/2ML)",0.0
KETONAL,KETOPROFENE,"50MG/ML
(100MG/2ML)",0.0
PROFENID,KETOPROFENE,"50MG/ML
(100MG/2ML)",0.0
PROXIDOL,NAPROXENE SODIQUE,275MG,0.0
NOPAIN,NAPROXENE SODIQUE,275MG,0.0
NHUPAIN,NAPROXENE SODIQUE,275MG,0.0
NAPROLGIC,NAPROXENE SODIQUE,275MG,0.0
NAREX,NAPROXENE SODIQUE,275MG,0.0
NEXORPAN,NAPROXENE SODIQUE,275MG,0.0
NAPROX,NAPROXENE SODIQUE,275MG,0.0
PROXIDOL DS,NAPROXENE SODIQUE,550MG,0.0
NOPAIN DS,NAPROXENE SODIQUE,550MG,0.0
NHUPAIN,NAPROXENE SODIQUE,550MG,0.0
NAPROLGIC,NAPROXENE SODIQUE ANHYDRE,550MG,0.0
NEXORPAN,NAPROXENE SODIQUE,550MG,0.0
NAPROX,NAPROXENE SODIQUE,550MG,0.0
PIROCAM,PIROXICAM,10MG,0.0
FENOXAM,PIROXICAM,20MG,0.0
ORTHOCAM,PIROXICAM,20MG,0.0
PRELDENE,PIROXICAM,20MG,0.0
PIROXEN,PIROXICAM,20MG,0.0
ROXICAM,PIROXICAM,20MG,0.0
"PIROXICAM
NOVAGENERICS",PIROXICAM,20MG,0.0
FELDENE,PIROXICAM,20MG,0.0
FELCAM,PIROXICAM,20MG,0.0
CYCLADOL,"PIROXICAM SOUS
FORME DE COMPLEXE",20MG,0.0
"PIROXICAM
PHYSIOPHARM",PIROXICAM,20MG,0.0
"PIROXICAM
PHYSIOPHARM",PIROXICAM,20MG,0.0
PRIXAM,PIROXICAM,20MG,0.0
FRADENE,PIROXICAM,20MG,0.0
PIROXICAM SANDOZ,PIROXICAM,20MG,0.0
PAINOXAM,PIROXICAM,20MG,0.0
POLIPIROX,PIROXICAM,20MG,0.0
PRIXAM,PIROXICAM,20MG,0.0
PIROXAL,PIROXICAM,20MG,0.0
FRADENE,PIROXICAM,20MG/ML,0.0
PRELDENE,PIROXICAM,20MG/ML,0.0
PIROXEN,PIROXICAM,20MG/ML,0.0
FELDENE,PIROXICAM,20MG/ML,0.0
PRIXAM,PIROXICAM,20MG/ML,0.0
FLUCIDAL,ACIDE NIFLUMIQUE,250MG,0.0
NIFLUMENE,ACIDE NIFLUMIQUE,250MG,0.0
INFLAMINE,ACIDE NIFLUMIQUE,250MG,0.0
NIFLURIC,MORNIFLUMATE,700MG,0.0
USENIL,MORNIFLUMATE,700MG,0.0
NIFLUMATE,MORNIFLUMATE,700MG,0.0
NIFLUMENE,MORNIFLUMATE,700MG,0.0
GEMATE,MORNIFLUMATE,400MG,0.0
USENIL,MORNIFLUMATE,400MG,0.0
NIFLUMATE,MORNIFLUMATE,400MG,0.0
NIFLUMENE,MORNIFLUMATE,400MG,0.0
NIFLURIC,MORNIFLUMATE,400MG,0.0
KETOFEN LP,KETOPROFENE,200MG,0.0
PROFEN LP,KETOPROFENE,200MG,0.0
PROFENID LP,KETOPROFENE,200MG,0.0
MENODIS,FLURBIPROFENE,100MG,0.0
FLUBIFENE,FLURBIPROFENE,100MG,0.0
HUPTADYS,FLURBIPROFENE,100MG,0.0
FLUDIS,FLURBIPROFENE,100MG,0.0
XYDOL GYN,FLURBIPROFENE,100MG,0.0
FLURBINAD,FLURBIPROFENE,100MG,0.0
ANTAPROFEN,FLURBIPROFENE,100MG,0.0
FLURBIPROFAL,FLURBIPROFENE,100MG,0.0
ANTADINE,FLURBIPROFENE,100MG,0.0
PROFENID,KETOPROFENE,100MG,0.0
ARBREX,CELECOXIB,100MG,0.0
RUMABREX,CELECOXIB,100MG,0.0
CELECOX,CELECOXIB,100MG,0.0
COXIBREX,CELECOXIB,100MG,0.0
CIREXA,CELECOXIB,100MG,0.0
CELECOBREX HUP,CELECOXIB,100MG,0.0
CELECOMEX,CELECOXIB,100MG,0.0
CELECOXIB LDM,CELECOXIB,100MG,0.0
CELECOXIB BEKER,CELECOXIB,100MG,0.0
CELVEX,CELECOXIB,100MG,0.0
CELECOXIB NOVAGENERICS,CELECOXIB,100MG,0.0
CELEBREX,CELECOXIB,100MG,0.0
"CELECOXIB
ZENTIVA",CELECOXIB,100MG,0.0
INICOX 100,CELECOXIB,100MG,0.0
ARBREX,CELECOXIB,200MG,0.0
CELECOXIB BEKER,CELECOXIB,200MG,0.0
RUMABREX,CELECOXIB,200MG,0.0
COXIBREX,CELECOXIB,200MG,0.0
NOTOREX,CELECOXIB,200MG,0.0
CIREXA,CELECOXIB,200MG,0.0
CELECOBREX HUP,CELECOXIB,200MG,0.0
CELECOMEX,CELECOXIB,200MG,0.0
CELECOXIB LDM,CELECOXIB,200MG,0.0
INICOX 200,CELECOXIB,200MG,0.0
CELVEX,CELECOXIB,200MG,0.0
CELECOXIB NOVAGENERICS,CELECOXIB,200MG,0.0
CELEBREX,CELECOXIB,200MG,0.0
CELEXAL,CELECOXIB,200MG,0.0
FLOVENAC LP,Diclofénac sodique,75MG,0.0
BIOFENAC LP,Diclofénac sodique,75MG,0.0
CLOFENAL LP,Diclofénac sodique,75MG,0.0
VOTREX,Diclofénac sodique,75MG,0.0
BIDICLO LP,Diclofénac sodique,75mg,0.0
DICLOFAL LP,Diclofénac sodique,75MG,0.0
APIFEN,IBUPROFENE,200MG,0.0
IBUPROFNE BEKER,IBUPROFENE,200MG,0.0
BUTAFEN,IBUPROFENE,200MG,0.0
REMOFEN,IBUPROFENE,200MG,0.0
HUBIFEN,IBUPROFENE,200MG,0.0
SAPOMEX,IBUPROFENE,200MG,0.0
XYDOL 200,IBUPROFENE,200MG,0.0
UBACTIVE 200MG,IBUPROFENE,200MG,0.0
IBUPROFENE IVAL,IBUPROFENE,200MG,0.0
ANTALFEN,IBUPROFENE,200MG,0.0
UPFEN,IBUPROFENE,200MG,0.0
IBUMAL,IBUPROFENE,200MG,0.0
IBUPRANE,IBUPROFENE,200MG,0.0
IBUPROFAL,IBUPROFENE,200MG,0.0
NEUPREN,IBUPROFENE,200MG,0.0
BRUFEN,IBUPROFENE,"20MG/ML
(100MG/5ML)",0.0
POLYPHENE,IBUPROFENE,20MG/ML,0.0
GEFENE,IBUPROFENE,"20MG/ML
(100MG/5ML)",0.0
PROF,IBUPROFENE,20MG/ML (100MG/5ML),0.0
ALGIFEN,IBUPROFENE,20MG/ML (100MG/5ML),0.0
BUFEN,IBUPROFENE,"20MG/ML
(100MG/5ML)",0.0
REMOFEN,IBUPROFENE,20MG/ML (100MG/5ML),0.0
CALMOFEN,IBUPROFENE,100MG/5ML,0.0
RUMIFEN,IBUPROFENE,100MG/5ML,0.0
IBUFEN,IBUPROFENE,20MG/ML (100MG/5ML),0.0
NARUFENE 2%,IBUPROFENE,20MG/ML (100MG/5ML),0.0
NEUPREN,IBUPROFENE,20MG/ML (100MG/5ML),0.0
IBUGESIC,IBUPROFENE,20MG/ML (100MG/5ML),0.0
LAMIFENE,IBUPROFENE,"20MG/ML
(100MG/5ML)",0.0
ALVIL,IBUPROFENE,"20MG/ML
(100MG/5ML)",0.0
ANTALFEN,IBUPROFENE,20MG/ML (100MG/5ML),0.0
VOTREX,Diclofénac sodique,"12,5MG",0.0
"VOLTARENE 12,5MG",Diclofénac sodique,"12,5MG",0.0
IBUPROFENE BEKER,IBUPROFENE,600MG,0.0
BUTAFEN,IBUPROFENE,600MG,0.0
NEUPREN,IBUPROFENE,600MG,0.0
HUBIFEN,IBUPROFENE,600MG,0.0
SAPOMEX,IBUPROFENE,600MG,0.0
XYDOL 600,IBUPROFENE,600MG,0.0
UBACTIVE 600MG,IBUPROFENE,600MG,0.0
NEOFEN,IBUPROFENE,600MG,0.0
ANTALFEN,IBUPROFENE,600MG,0.0
SAPOFEN 600,IBUPROFENE,600MG,0.0
IBUPROFAL,IBUPROFENE,600MG,0.0
DIACENE 50,DIACEREINE,50MG,0.0
ARTROPI,DIACEREINE,50MG,0.0
VOTREX,Diclofénac sodique,50MG,0.0
FENAQUENE,Diclofénac sodique,50MG,0.0
DICLOFAR,Diclofénac sodique,50MG,0.0
NOPAIN,NAPROXENE SODIQUE,125MG/5ML,0.0
FENDOL,ACIDE MEFENAMIQUE,50MG/5ML,0.0
HARUFEN,KETOPROFENE,30MG,0.0
KEFENTECH,KETOPROFENE,30MG,0.0
BUTAFEN LP,IBUPROFENE,400MG,0.0
PROFEMIGR,KETOPROFENE,150MG,0.0
CYCLADOL,"PIROXICAM  (SOUS
FORME COMPLEXE PIROXICAM BETA","20MG
(COMPLEXE PIROXICAM BETA",0.0
FLEXEN,KETOPROFENE,"100MG/FL. DE
PDRE.",0.0
MOVEN,MELOXICAM,15MG,0.0
MELOX,MELOXICAM,15MG,0.0
OXIMAL,MELOXICAM,15MG,0.0
MOTION 15,MELOXICAM,15MG,0.0
DOLISED,IBUPROFENE / PARACETAMOL,200MG/400MG,0.0
MOVEN,MELOXICAM,"7,5MG",0.0
MELOX,MELOXICAM,"7,5MG",0.0
OXIMAL,MELOXICAM,"7,5MG",0.0
VOLTARENE DOLO,DICLOFENAC POTASSIQUE,"12,5MG",0.0
DIVIDO,Diclofénac sodique,75MG,0.0
RAPIDUS 50,DICLOFENAC POTASSIQUE,50MG,0.0
VOTREX RAPID,DICLOFENAC POTASSIQUE,50MG,0.0
CATAFLAM,DICLOFENAC POTASSIQUE,50MG,0.0
NIFLURIC,MORNIFLUMATE,200MG,0.0
NIFLUMENE,MORNIFLUMATE,200MG,0.0
MEFESTAN,ACIDE MEFENAMIQUE,125MG,0.0
MEFESTAN,ACIDE MEFENAMIQUE,500MG,0.0
APONIL,NIMESULIDE,100MG,0.0
"PROFENID
ENFANT ET NOURRISON",KETOPROFENE,1MG/ML,0.0
MEFESTAN,ACIDE MEFENAMIQUE,250MG,0.0
MAFEPAIN,ACIDE MEFENAMIQUE,500MG,0.0
DYNASTAT,PARéCOXIB,40MG / FLACON,0.0
SAPBUFEN,IBUPROFENE,600MG,0.0
BIOFENAC FAST,"DICLOFENAC
POTASSIUM",50MG/SACHET,0.0
VOTREX RAPID,"DICLOFENAC
POTASSIUM",50MG/SACHET,0.0
MEGAMYLASE,ALPHA-AMYLASE,3000 U CEIP,0.0
LAMYLASE,ALPHA-AMYLASE,20 000 U CEIP/100ML,0.0
XIMALEX,ALPHA-AMYLASE,20 000 U CEIP/100ML,0.0
MAXILASE,ALPHA-AMYLASE,"20 000 U
CEIP/100ML",0.0
BLEOMYCINE,BLEOMYCINE,15MG,0.0
BLOICIN -S,BLEOMYCINE,15MG (15 UI),0.0
FAMISAS,CYCLOPHOSPHAMIDE,50MG,0.0
ARACYTINE,CYTARABINE,100MG,0.0
DETICENE,DACARBAZINE,100MG,0.0
DTI,DACARBAZINE,100MG,0.0
CERUBIDINE,"DAUNORUBICINE
CHLORHYDRATE EXPRIME EN",20MG,0.0
ETOPOSID EBEWE 100MG,ETOPOSIDE,"20MG/ML (OU
100MG/5ML)",0.0
ETOSID,ETOPOSIDE,"20MG/ML (OU
100MG/5ML)",0.0
HYDREA,HYDROXYCARBAMIDE,500MG,0.0
ALKERAN,MELPHALAN,2MG,0.0
PURINETHOL,MERCAPTOPURINE,50MG,0.0
"METHOTREXAT
""EBEWE""",METHOTREXATE,1000MG,0.0
"METHOTREXAT
EBEWE",METHOTREXATE,"2,5MG",0.0
CYTOTREX,METHOTREXATE,"2,5MG",0.0
ARACYTINE,CYTARABINE,500MG,0.0
ARACYTINE,CYTARABINE,1G,0.0
"5-FLUOROURACIL
EBEWE","5-FLUOROURACILE
HYDROXYDE DE","50MG/ML**  (OU
250MG/5ML -",0.0
NAVELBINE,VINORELBINE,10MG/ML,0.0
VINORELBIN EBEWE,VINORELBINE,"10MG/ML (10MG/ML ET
50MG/5ML)",0.0
NAVELBINE,VINORELBINE,50MG/5ML,0.0
"PACLITAXEL
EBEWE",PACLITAXEL,"6MG/ML (OU
30MG/5ML,",0.0
CAMPTO,IRINOTECAN,"20MG/ML  (OU
40MG/2ML  ET
100MG/5ML)",0.0
GEMZAR,GEMCITABINE,1G/50ML,0.0
MECITABINE,GEMCITABINE CHLORHYDRATE EXPRIME EN GEMCITABINE,1000MG,0.0
CYTOCARB,CARBOPLATINE,"10MG /ML (OU
150MG/15ML  -
450MG/45ML)",0.0
"OXALIPLATIN
EBEWE",OXALIPLATINE,"5MG/ML  (OU
50MG/10ML ET",0.0
MECITABINE,"GEMCITABINE CHLORHYDRATE EXPRIME EN
GEMCITABINE",200MG/FL. DE PDRE,0.0
GEMZAR,GEMCITABINE,200MG,0.0
EPIRUBICIN EBEWE,EPIRUBICINE,"2MG/ML
(10MG/5ML - 50MG/25ML  -",0.0
IMATIB,IMATINIB,100MG,0.0
GLIVEC,IMATINIB,100MG,0.0
ALEXAN,CYTARABINE,"50MG/ML (OU
500MG/10ML -
1000MG/20ML)",0.0
CYTOPLATIN-10,CISPLATINE,"0,5MG/ML (OU
10MG/20ML)",0.0
CYTOPLATIN-50,CISPLATINE,"1MG/ML (OU
50MG/50ML)",0.0
IMUREL,AZATHIOPRINE,50MG,0.0
"AZATHIOPRINE
MYLAN",AZATHIOPRINE,50MG,0.0
SANDIMMUN,CICLOSPORINE,50MG/ML,0.0
NEORAL,CICLOSPORINE,100MG/ML,0.0
SANDIMMUN,CICLOSPORINE,100MG/ML,0.0
SANDIMMUN,CICLOSPORINE,25MG,0.0
IMUSPORIN 25,CICLOSPORINE,25MG,0.0
SANDIMMUN,CICLOSPORINE,100MG,0.0
IMUSPORIN-100,CICLOSPORINE,100MG,0.0
IMUSPORIN 50,CICLOSPORINE,50MG,0.0
SANDIMMUN,CICLOSPORINE,50MG,0.0
TACROLIMUS CINFA,"TACROLIMUS
MONOHYDRATE EXPRIME EN",1MG,0.0
PROGRAF,"TACROLIMUS
MONOHYDRATE EXPRIME EN",1MG,0.0
TACROLIMUS CINFA,"TACROLIMUS
MONOHYDRATE EXPRIME EN TACROLIMUS",5MG,0.0
PROGRAF,"TACROLIMUS MONOHYDRATE EXPRIME EN
TACROLIMUS",5MG,0.0
TACROLIMUS CINFA,"TACROLIMUS MONOHYDRATE EXPRIME EN
TACROLIMUS","0,5MG",0.0
PROGRAF,"TACROLIMUS MONOHYDRATE EXPRIME EN
TACROLIMUS","0,5MG",0.0
IMALEK 100,IMATINIB MESYLATE EXPRIME EN IMATINIB,100MG,0.0
IMATIB 400,IMATINIB MESYLATE EXPRIME EN IMATINIB,400MG,0.0
IMALEK 400,IMATINIB MESYLATE EXPRIME EN IMATINIB,400MG,0.0
SUTENT,SUNITINIB MALATE EXPRIME EN SUNITINIB,"12,5MG",0.0
SUTENT,SUNITINIB MALATE EXPRIME EN SUNITINIB,25MG,0.0
SUTENT,SUNITINIB MALATE EXPRIME EN SUNITINIB,50MG,0.0
NEXAVAR,SORAFENIB TOSYLATE EXPRIME EN SORAFENIB,200MG,0.0
TYKERB,LAPATINIB DITOSYLATE EXPRIME EN LAPATINIB,250MG,0.0
SPRYCEL,DASATINIB MONOHYDRATEE,20MG,0.0
SPRYCEL,DASATINIB MONOHYDRATEE,50MG,0.0
SPRYCEL,DASATINIB MONOHYDRATEE,70MG,0.0
TASIGNA,"NILOTINIB
CHLORHYDRATE MONOHYDRATE",200MG,0.0
IRESSA,GEFITINIB,250MG,0.0
VOTRIENT,"PAZOPANIB CHLORHYDRATE
EXPRIME EN PAZOPANIB",200MG,0.0
VOTRIENT,PAZOPANIB CHLORHYDRATE EXPRIME EN PAZOPANIB,400MG,0.0
BIRLOTIB,"ERLOTINIB
CHLORHYDRATE",100MG,0.0
BIRLOTIB,ERLOTINIB CHLORHYDRATE EXPRIME EN ERLOTINIB,150MG,0.0
STIVARGRA,REGORAFENIB,40MG,0.0
AFINITOR,EVEROLIMUS,5MG,0.0
AFINITOR,EVEROLIMUS,10 MG,0.0
MABTHERA,RITUXIMAB,"10MG/ML (100MG/10ML ET
500MG/50ML)",0.0
CANMAB 150,TRASTUZUMAB,150MG/FL. DE PDRE,0.0
HERCEPTIN,TRASTUZUMAB,150MG/FL. DE LYOPH.,0.0
ERBITUX,CETUXIMAB,"2MG/ML (OU
100MG/50ML)",0.0
AVASTIN,BEVACIZUMAB,"25MG/ML (OU
100MG/4ML -
400MG/16ML)",0.0
CIMAHER,NIMOTUZUMAB,"5MG/ML
(50MG/10ML)",0.0
ERBITUX,CETUXIMAB,"5MG/ML
(100MG/20ML -",0.0
VECTIBIX,PANITUMUMAB,"20MG/ML (100MG/5ML)
(400MG/20ML)",0.0
REMSIMA,INFLIXIMAB,100MG/FL,0.0
REMICADE,INFLIXIMAB,"100MG/FL
(10MG/ML APRES RECONSTITUTION",0.0
HERTRAZ 440,Trastuzumab,440MG/FL. DE PDRE.,0.0
KEYTRUDA,Pembrolizumab,25 MG/ML,0.0
PERJETA,Pertuzumab,30 MG/ML,0.0
ADCETRIS,BRENTUXIMAB VEDOTIN TAKEDA,5 MG / ML,0.0
KADCYLA,Trastuzumab emtansine,20 MG/ML,0.0
ENANTONE LP,LEUPRORELINE,"1,875 MG/ML (OU
3,75MG/2ML)",0.0
"ENANTONE LP 11,25MG",Leuproréline acétate,"11,25MG/ FL. DE PDRE",0.0
TAMOXIFENE MYLAN,TAMOXIFENE CITRATE EXPRIME EN TAMOXIFENE,10MG,0.0
CYTOTAM-20,"TAMOXIFENE CITRATE
EXPRIME EN TAMOXIFENE",20MG,0.0
TAMOXIFENE MYLAN,"TAMOXIFENE CITRATE
EXPRIME EN TAMOXIFENE",20MG,0.0
DECAPEPTYL  L.P.,TRIPTORELINE PAMOATE EXPRIME EN TRIPTORELINE,"11,25MG/FL. DE PDRE.",0.0
ZYTIGA,ABIRATERONE ACETATE,250MG,0.0
FASLODEX,FULVESTRANT,250MG/SERING. DE 5ML,0.0
ELIGARD,LEUPRORELINE ACETATE,"22,5MG",0.0
ELIGARD,LEUPRORELINE ACETATE,45MG,0.0
XTANDI,Enzalutamide,40MG,0.0
ZOLDRIA,"ACIDE ZOLEDRONIQUE
MONOHYDRATEE EXPRIME EN ACIDE",4MG/FL. DE PDRE.,0.0
ZOLIDRO,ACIDE ZOLEDRONIQUE MONOHYDRATE,"0,8MG/ML (4MG/5ML)",0.0
ACIDE ZOLEDRONIQUE HIKMA,ACIDE ZOLEDRONIQUE MONOHYDRATE (EXPRIME EN ACIDE ZOLEDRONIQUE),4MG/FLACON,0.0
ZOLENAT,ACIDE ZOLEDRONIQUE MONOHYDRATEE EXPRIME EN ACIDE ZOLEDRONIQUE ANHYDRE,4MG/FL. DE CONC.,0.0
ZOBONE,"ACIDE ZOLEDRONIQUE
MONOHYDRATEE EXPRIME EN ACIDE",4MG/FL. DE LYOPH.,0.0
ZOMETA,ACIDE ZOLEDRONIQUE,"0,8MG/ML (4MG/5ML)",0.0
BONEFOS,CLODRONATE DISODIQUE TETRAHYDRATE,800MG,0.0
ACLASTA,ACIDE ZOLEDRONIQUE MONOHYDRATE EXPRIME EN ACIDE ZOLEDRONIQUE,5MG/100ML,0.0
XGEVA,DENOSUMAB,"70MG/ML (120MG/1,7ML)",0.0
KIDROLASE,L-ASPARAGINASE,10.000 UI/FL. DE PDRE.,0.0
CONSIUM,CARMUSTINE,100MG/FL. DE PDRE.,0.0
ENDOXAN,CYCLOPHOSPHAMIDE MONOHYDRATEE EXPRIME EN CYCLOPHOSPHAMIDE,200MG/FL. DE PDRE.,0.0
FAMISAS,CYCLOPHOSPHAMIDE ANHYDRE,200MG/FL. DE PDRE.,0.0
ENDOXAN,CYCLOPHOSPHAMIDE MONOHYDRATEE EXPRIME EN CYCLOPHOSPHAMIDE,500MG/FL. DE PDRE.,0.0
FAMISAS,CYCLOPHOSPHAMIDE ANHYDRE,500MG/FL. DE PDRE.,0.0
ENDOXAN,CYCLOPHOSPHAMIDE MONOHYDRATEE EXPRIME EN CYCLOPHOSPHAMIDE,50MG,0.0
DAUNOTEC,DAUNORUBICINE CHLORHYDRATE EXPRIME EN DAUNORUBICINE,20MG/FL. DE LYOPHILISAT,0.0
DAUNOCIN,"DAUNORUBICINE CHLORHYDRATE EXPRIME EN
DAUNORUBICINE",20 MG /FL,0.0
ONCODOX-10,"DOXORUBICINE
CHLORHYDRATE","10MG/FL. DE
LYOPH.",0.0
"DOXORUBICINE ""EBEWE""",DOXORUBICINE CHLORHYDRATE,"2MG/ML (10MG/5ML -
50MG/25ML)",0.0
ONCODOX-50,"DOXORUBICINE
CHLORHYDRATE","50MG/FL. DE
LYOPH.",0.0
POSIDAN,ETOPOSIDE,"20MG/ML (OU
100MG/5ML)",0.0
"ETOPOSIDE
MYLAN",ETOPOSIDE,"20MG/ML
(100MG/5ML)",0.0
"METHOTREXATE
MYLAN",METHOTREXATE,"2,5MG/ML (OU
5MG/2ML)",0.0
METHOTREXATE MYLAN,METHOTREXATE,"25MG/ML (OU
50MG/2ML -
500MG/20ML)",0.0
VELBASTINE,VINBLASTINE SULFATE,10 MG,0.0
UTORAL,FLUOROURACILE,50MG/ML,0.0
MITOXANTRON EBEWE,"MITOXANTRONE CHLORHYDRATE EXPRIME EN
MITOXANTRONE",2MG/ML (20MG/10ML),0.0
TAXOTERE,"DOCETAXEL
TRIHYDRATE",20MG/FL. DE 1ML,0.0
DOCETAX 20,DOCETAXEL ANHYDRE,20MG/FL. DE CONC.,0.0
DOCEFREZ 20,DOCETAXEL ANHYDRE,20MG/FL. DE LYOPH.,0.0
TAXOTERE,"DOCETAXEL
TRIHYDRATE",80MG/FL. DE 4ML,0.0
DOCETAX 80,DOCETAXEL ANHYDRE,80MG/FL. DE CONC.,0.0
DOCEFREZ 80,DOCETAXEL ANHYDRE,80MG/FL. DE LYOPH.,0.0
FLUDARABINE EBEWE,FLUDARABINE PHOSPHATE,25MG/ML (50MG/2ML),0.0
FLUDARA,"FLUDARABINE
PHOSPHATE","50MG/FL. DE
PDRE",0.0
ERTICAN,"IRINOTECAN
CHLORHYDRATE TRIHYDRATE","20MG/ML
(40MG/2ML - 100MG/5ML)",0.0
TEKAMEN,IRINOTECAN CHLORHYDRATE TRIHYDRATE,20MG/ML (40MG/2ML) (100MG/5ML),0.0
IRINOTECAN MYLAN,"IRINOTECAN
CHLORHYDRATE TRIHYDRATE","20MG/ML
(100MG/5ML) (40MG/2ML)",0.0
GEMCITABIN EBEWE,"GEMCITABINE CHLORHYDRATE EXPRIME EN
GEMCITABINE",10MG/ML (1000MG/100ML),0.0
CITAFINE,"GEMCITABINE CHLORHYDRATE EXPRIME EN
GEMCITABINE",1G/FL. DE PDRE.,0.0
CARBOPLATINE MYLAN,CARBOPLATINE,"10MG/ML  (OU
50MG/5/ML -
150MG/15ML -
450MG/45ML)",0.0
OXALIPLATINE MYLAN,OXALIPLATINE,"50MG/FL. DE PDRE. (5MG/ML DE SOL.
RECONSTITUEE)",0.0
ELOXATINE,OXALIPLATINE,"50MG/ FL. DE LYOPH. ET 50MG/FL. DE SOL. A DILUER (OU
5MG/ML)",0.0
OXIPLAT 50,OXALIPLATINE,50MG/FL. DE CONC. (5MG/ML OU 50MG/10ML),0.0
OXALIPLATINE MYLAN,OXALIPLATINE,"100MG/FL. DE PDRE. (5MG/ML DE SOL.
RECONSTITUEE)",0.0
ELOXATINE,OXALIPLATINE,"100MG/FL. DE LYOPH. ET 100MG/FL. DE SOL. A DILUER
(OU 5MG/ML)",0.0
OXIPLAT 100,OXALIPLATINE,"100MG/FL. DE CONC. (5MG/ML OU
100MG/20ML)",0.0
GEMCITABIN EBEWE,"GEMCITABINE CHLORHYDRATE EXPRIME EN
GEMCITABINE",10MG/ML (200MG/20ML),0.0
PACLITAX,PACLITAXEL,"6MG/ML (30MG/5ML - 100MG/16,5ML -
300MG/50ML)",0.0
ALIMTA,"PEMETREXED DISODIQUE EXPRIME EN
PEMETREXED",500MG/FL. DE PDRE.,0.0
PREXET,"PEMETREXED DISODIQUE HEMIPENTAHYDRATE EXPRIME EN
PEMETREXED",500MG/FL. DE PDRE.,0.0
PIRUCIN,EPIRUBICINE CHLORHYDRATE,"2MG/ML (10MG/5ML - 50MG/25ML ET
200MG/100ML)",0.0
EPIRUBICINE MYLAN,EPIRUBICINE CHLORHYDRATE,"2MG/ML (10MG/5ML - 50MG/25ML-
100MG/50ML  ET
200MG/100ML)",0.0
EPINTAS,EPIRUBICINE CHLORHYDRATE,2MG/ML (10MG/5ML  ET 50MG/25ML),0.0
EPIRUDEX,EPIRUBICINE CHLORHYDRATE,2MG/ML (10MG/5ML - 50MG/25ML ),0.0
ENDOXAN,CYCLOPHOSPHAMIDE MONOHYDRATEE EXPRIME EN CYCLOPHOSPHAMIDE,1G/FL. DE PDRE,0.0
HOLOXAN,IFOSFAMIDE,1G/FL. DE PDRE.,0.0
IFOXAN,IFOSFAMIDE,1G/FL. DE PDRE.,0.0
CAPEGARD 500,CAPECITABINE,500MG,0.0
CAPEMAX 500,CAPECITABINE,500MG,0.0
XELODA,CAPECITABINE,500MG,0.0
CISPLATINE MYLAN,CISPLATINE,1MG/ML,0.0
NAVELBINE,VINORELBINE,20MG,0.0
NAVELBINE,VINORELBINE,30MG,0.0
"METHOTREXAT
EBEWE",METHOTREXATE,"10MG/ML (OU
50MG/5ML)",0.0
METHOTREXATE MYLAN,METHOTREXATE,"100MG/ML (1G/10ML -
5G/50ML)",0.0
TEMOSIDE 100,TEMOZOLOMIDE,100MG,0.0
TEMOSIDE 250,TEMOZOLOMIDE,250MG,0.0
HOLOXAN,IFOSFAMIDE,2G/FL. DE PDRE.,0.0
GEMCITABIN EBEWE,"GEMCITABINE CHLORHYDRATE EXPRIME EN
GEMCITABINE",10MG/ML (500MG/50ML),0.0
FLUDARA,"FLUDARABINE
PHOSPHATE",10MG,0.0
DOCETAX 120,DOCETAXEL ANHYDRE,120MG/FL. DE CONC.,0.0
BORTERO,"BORTEZOMIB ESTER BORONIQUE DE MANNITOL EXPRIME EN
BORTEZOMIB","3,5MG/FL.",0.0
VELCADE,BORTEZOMIB ESTER BORONIQUE DE MANNITOL EXPRIME EN BORTEZOMIB,"3,5MG/FL. DE PDRE. (OU 1MG/ML DE SOL. RECONSTITUEE)",0.0
PREXET,Pémétrexet hémipentahydraté disodique,"100 MG/ FLACON
(20mg/ ml)",0.0
"ARASID 100 -
ARASID 500 -
ARASID 1000",CYTARABINE,100M/ML (500MG/5ML - 1000MG/10ML),0.0
ZECYTE-100,CYTARABINE,100MG/ML,0.0
JAVLOR,"VINFLUNINE DITRATRATE EXPRIME
EN VINFLUNINE","25MG/ML (50MG/2ML ET
250MG/10ML)",0.0
TEMOSIDE-20,TEMOZOLOMIDE,20MG,0.0
RIBOMUSTIN,BENDAMUSTINE CHLORHYDRATE,"2,5MG/ML (APRES RECONSTITUTION
)",0.0
BENDAMUSTINE HYDROCHLORIDE ACCORD,BENDAMUSTINE CHLORHYDRATE,"2,5MG/ML (APRES RECONSTITUTION
)",0.0
JEVTANA,CABAZITAXEL,"40MG/ML (60MG/1,5ML)",0.0
RUBIDEX,CHLORHYDRATE DOXORUBICINE,"2MG/ML (
10MG/5ML) ET (50MG/25ML)",0.0
WINDUZA,AZACITIDINE,25 MG/ML ( 100 MG/FL ),0.0
VIDAZA,AZACITIDINE,25 MG/ML,0.0
LEUKERAN,CHLORAMBUCIL,2 MG,0.0
CALCIUM FOLINATE EBEWE,"FOLINATE DE CALCIUM
EXPRIME EN ACIDE FOLINIQUE","10MG/ML (
50MG/5ML)",0.0
UROMITEXAN,MESNA,100MG/ML (400MG/4ML),0.0
NOSITRON,"ONDANSETRON CHLORHYDRATE DIHYDRATE EXPRIME EN
ONDANSETRON",4MG,0.0
NOSITRON,"ONDANSETRON CHLORHYDRATE DIHYDRATE EXPRIME EN
ONDANSETRON",8MG,0.0
REVLIMID,LENALIDOMIDE,5MG,0.0
REVLIMID,LENALIDOMIDE,10MG,0.0
REVLIMID,LENALIDOMIDE,15MG,0.0
REVLIMID,LENALIDOMIDE,25MG,0.0
GIOTRIF,"Afatinib dimaléate
exprimé en afatinib",30 MG,0.0
GIOTRIF,"Afatinib dimaléate
exprimé en afatinib",20 MG,0.0
GIOTRIF,"Afatinib dimaléate
exprimé en afatinib",40 MG,0.0
GIOTRIF,"Afatinib dimaléate
exprimé en afatinib",50 MG,0.0
IBRANCE,Palbociclib,125 MG,0.0
IBRANCE,Palbociclib,75 MG,0.0
IBRANCE,Palbociclib,100 MG,0.0
ERIVEDGE,Vismodegib,150 MG,0.0
TELMISARTE +,TELMISARTAN/HYDROC HLOROTHIAZIDE,80MG/25 MG,0.0
CARDITEL,TELMISARTAN,80MG,0.0
ADRENALINE AGUETTANT,ADRENALINE,"0,25MG/ML",0.0
"ADRENALINE
AGUETTANT",ADRENALINE,1MG/ML,0.0
"ADRENALINE
RAZES SANS","ADRENALINE TARTRATE
EXPRIME EN",1MG/ML,0.0
"DOBUTAMINE
MYLAN","DOBUTAMINE
CHLORHYDRATE","12,5MG/ML
(250MG/20ML)",0.0
DOPAMINE-200,"DOPAMINE
CHLORHYDRATE","40MG/ML
(200MG/5ML)",0.0
NORADRENALINE,ADRENALINE TARTRATE EXPRIME EN ADRENALINE,8MG/4ML,0.0
"NORADRENALINE
RAZES","ADRENALINE TARTRATE
EXPRIME EN",8MG/4ML,0.0
DOBUTAMINE-250,"DOBUTAMINE
CHLORHYDRATE EXPRIME EN",250MG/FL. DE PDRE.,0.0
DILTIAL,DILTIAZEM CHLORHYDRATE,60MG,0.0
TILDIEM,DILTIAZEM CHLORHYDRATE,60MG,0.0
CITIZEN,DILTIAZEM CHLORHYDRATE,300MG,0.0
"ZALAXAN LP
300MG","DILTIAZEM
CHLORHYDRATE",300MG,0.0
MONO-TILDIEM LP,DILTIAZEM CHLORHYDRATE,300MG,0.0
LOXEN,"NICARDIPINE
CHLORHYDRATE",20MG,0.0
CARDIPEN LP,"NICARDIPINE
CHLORHYDRATE",50MG,0.0
"NICARDIPINE
BIOCARE LP","NICARDIPINE
CHLORHYDRATE",50MG,0.0
PULSAGEN LP,"NICARDIPINE
CHLORHYDRATE",50MG,0.0
LOXIDIPINE LP,"NICARDIPINE
CHLORHYDRATE",50MG,0.0
LOXEN LP,NICARDIPINE CHLORHYDRATE,50MG,0.0
NICARDIL LP,NICARDIPINE CHLORHYDRATE,50MG,0.0
NICARDEX,NICARDIPINE CHLORHYDRATE,1MG/ML (10MG/10ML),0.0
LOXEN,NICARDIPINE CHLORHYDRATE,1MG/ML (10MG/10ML),0.0
EPILAT 10,NIFEDIPINE,10MG,0.0
ADIPINE,NIFEDIPINE,10MG,0.0
ADIPINE,NIFEDIPINE,20MG,0.0
AMLOMED,Amlodipine bésilate exprimé en amlodipine,5MG,0.0
AMLODIPINE BEKER,Amlodipine bésilate exprimé en amlodipine,5MG,0.0
LOTENSE,Amlodipine bésilate exprimé en amlodipine,5MG,0.0
AMLOPINE,Amlodipine bésilate exprimé en amlodipine,5MG,0.0
LOWVASC,Amlodipine bésilate exprimé en amlodipine,5MG,0.0
AMLODIPINE LDM,Amlodipine bésilate exprimé en amlodipine,5MG,0.0
AMLODIPINE MM,Amlodipine bésilate exprimé en amlodipine,5MG,0.0
AMLOR,Amlodipine bésilate exprimé en amlodipine,5MG,0.0
AMLORIDAL,Amlodipine bésilate exprimé en amlodipine,5MG,0.0
AMLODEX,"Amlodipine bésilate
exprimé en amlodipine",5MG,0.0
AMLIBON,"Amlodipine bésilate
exprimé en amlodipine",5MG,0.0
AMLODAL,"Amlodipine bésilate
exprimé en amlodipine",5MG,0.0
AMLODIPAL,"Amlodipine bésilate
exprimé en amlodipine",5MG,0.0
"AMLODIPINE
ZENTIVA","Amlodipine bésilate
exprimé en amlodipine",5MG,0.0
TENSODIPINE,Amlodipine bésilate exprimé en amlodipine,5MG,0.0
ALODIPINE,Amlodipine bésilate exprimé en amlodipine,5MG,0.0
DILTIAZEM - BAYER LP,DILTIAZEM CHLORHYDRATE,90MG,0.0
ZALAXAN LP,DILTIAZEM CHLORHYDRATE,90MG,0.0
ZALAXAN LP,DILTIAZEM CHLORHYDRATE,120MG,0.0
DILTIAZEM - BAYER LP,DILTIAZEM CHLORHYDRATE,120MG,0.0
ZALAXAN LP,DILTIAZEM CHLORHYDRATE,180MG,0.0
AMLODIPINE BEKER,Amlodipine bésilate exprimé en amlodipine,10MG,0.0
AMLODIPINE LDM,Amlodipine bésilate exprimé en amlodipine,10MG,0.0
AMLOR,Amlodipine bésilate exprimé en amlodipine,10MG,0.0
ALODIPINE,Amlodipine bésilate exprimé en amlodipine,10MG,0.0
AMLODAL,"Amlodipine bésilate
exprimé en amlodipine",10MG,0.0
AMLORIDAL,"Amlodipine bésilate
exprimé en amlodipine",10MG,0.0
"AMLODIPINE
ZENTIVA","Amlodipine bésilate
exprimé en amlodipine",10MG,0.0
LOTENSE,"Amlodipine bésilate
exprimé en amlodipine",10MG,0.0
TENSODIPINE,Amlodipine bésilate exprimé en amlodipine,10MG,0.0
AMLIBON,"Amlodipine bésilate
exprimé en amlodipine",10MG,0.0
UNISIA,"AMLODIPINE BESIATE
EXPRIME EN",5MG/8MG,0.0
MOLSINE,MOLSIDOMINE,2MG,0.0
"MOLSIDOMINE
BEKER",MOLSIDOMINE,2MG,0.0
VAZOTEK 2,MOLSIDOMINE,2MG,0.0
INVERTER,MOLSIDOMINE,2MG,0.0
CORVASAL,MOLSIDOMINE,2MG,0.0
"MOLSIDOMINE
IVAL",MOLSIDOMINE,2MG,0.0
DIALOMINE,MOLSIDOMINE,2MG,0.0
"MOLSIDOMINE
BEKER",MOLSIDOMINE,4MG,0.0
VAZOTEK 4,MOLSIDOMINE,4MG,0.0
INVERTER,MOLSIDOMINE,4MG,0.0
CORVASAL,MOLSIDOMINE,4MG,0.0
MOLSINE,MOLSIDOMINE,4MG,0.0
"MOLSIDOMINE
IVAL",MOLSIDOMINE,4MG,0.0
ANGODAL,ISOSORBIDE DINITRATE,10MG,0.0
ISOKET,ISOSORBIDE DINITRATE,10MG,0.0
ISOKET,ISOSORBIDE DINITRATE,20MG,0.0
ANGODAL,ISOSORBIDE DINITRATE,20MG,0.0
LENITRAL,TRINITRINE,"2,5MG",0.0
LENITRAL,TRINITRINE,3MG/2ML,0.0
LENITRAL,TRINITRINE,15MG/10ML,0.0
AGRASTAT,"TIROFIBAN
CHLORHYDRATE","0,25MG/ML",0.0
PROCORALAN,"IVABRADINE
CHLORHYDRATE",5MG,0.0
PROCORALAN,"IVABRADINE
CHLORHYDRATE","7,5MG",0.0
SEDACORON,"AMIODARONE
CHLORHYDRATE","50MG/ML
(150MG/3ML)",0.0
AMIOCARDONE,"AMIODARONE
CHLORHYDRATE","50MG/ML
(150MG/3ML)",0.0
CORDARONE,"AMIODARONE
CHLORHYDRATE","50MG/ML
(150MG/3ML)",0.0
SEDACORON,"AMIODARONE
CHLORHYDRATE",200MG,0.0
"AMIODARONE
HUP",AMIODARONE,200MG,0.0
TRIAXONE,"CAHMLOIORDHAYDRORANTEE
CHLORHYDRATE",200MG,0.0
AMIOCARDONE,"AMIODARONE
CHLORHYDRATE",200MG,0.0
CORDARONE,"AMIODARONE
CHLORHYDRATE",200MG,0.0
FLECAINE,FLECAINIDE ACETATE,100MG,0.0
TENSIOPRIL,CAPTOPRIL,25MG,0.0
TENSOPREL,CAPTOPRIL,25MG,0.0
SAIPRIL,CAPTOPRIL,25MG,0.0
LOPRIL,CAPTOPRIL,25MG,0.0
CAPTOPRIL LS,CAPTOPRIL,25MG,0.0
TENSIOPRIL,CAPTOPRIL,50MG,0.0
TENSOPREL,CAPTOPRIL,50MG,0.0
SAIPRIL,CAPTOPRIL,50MG,0.0
CAPTOPRIL LS,CAPTOPRIL,50MG,0.0
LOPRIL,CAPTOPRIL,50MG,0.0
CATAPRESSAN,CLONIDINE,"0,15MG/ML",0.0
CATAPRESSAN,CLONIDINE,"0,15MG",0.0
CRONIDINE,"CLONIDINE
CHLORHYDRATE","0,15MG",0.0
"ENALAPRIL
MYLAN",ENALAPRIL MALEATE,5MG,0.0
ANGIOPRIL,ENALAPRIL MALEATE,5MG,0.0
CORPRILOR,ENALAPRIL MALEATE,5MG,0.0
ENALAPRIL,ENALAPRIL MALEATE,20MG,0.0
"ENALAPRIL
MYLAN",ENALAPRIL MALEATE,20MG,0.0
ANGIOPRIL,ENALAPRIL MALEATE,20MG,0.0
CORPRILOR,ENALAPRIL MALEATE,20MG,0.0
LASYTEQ,ENALAPRIL MALEATE,20MG,0.0
ALDOMET,"METHYLDOPA
SESQUIHYDRATEE",250MG,0.0
BEKTAL,LOSARTAN POTASSIQUE,50MG,0.0
LOZARTAN GEO,LOSARTAN POTASSIQUE,50MG,0.0
NORTA,LOSARTAN POTASSIQUE,50MG,0.0
LOSARTAN LDM,LOSARTAN POTASSIQUE,50MG,0.0
HYSARTAN,LOSARTAN POTASSIQUE,50MG,0.0
ANGIZAR,LOSARTAN POTASSIQUE,50MG,0.0
TRIAMPEX,RAMIPRIL,"2,5MG",0.0
TANATRIL,RAMIPRIL,"2,5MG",0.0
RAMIPRIL BEKER,RAMIPRIL,"2,5MG",0.0
RAMIPRIL IVAL,RAMIPRIL,"2,5MG",0.0
RENIPRIL,RAMIPRIL,"2,5MG",0.0
TRIATEC,RAMIPRIL,"2,5MG",0.0
RAMITEC,RAMIPRIL,"2,5MG",0.0
TANATRIL,RAMIPRIL,5MG,0.0
RAMIPRIL BEKER,RAMIPRIL,5MG,0.0
RAMIPRIL IVAL,RAMIPRIL,5MG,0.0
RENIPRIL,RAMIPRIL,5MG,0.0
RAMINORM,RAMIPRIL,5MG,0.0
TRIATEC,RAMIPRIL,5MG,0.0
TRIAMPEX,RAMIPRIL,5MG,0.0
RAMITEC,RAMIPRIL,5MG,0.0
ACUITEL,QUINAPRIL CHLORHYDRATE EXPRIME EN QUINAPRIL,5MG,0.0
ACUITEL,"QUINAPRIL CHLORHYDRATE
EXPRIME EN QUINAPRIL",20MG,0.0
ACUILIX,"QUINAPRIL
CHLORHYDRATE","20MG/12,5MG",0.0
"QUINAPRIL /
HYDROCHLOROTH","QUINAPRIL
CHLORHYDRATE","20MG/12,5MG",0.0
CAPOCARD PLUS,"CAPTOPRIL /
HYDROCHLOROTHIAZID",50MG/25MG,0.0
CO-TENSOPREL,"CAPTOPRIL/HYDROCHL
OROTHIAZIDE",50MG/25MG,0.0
PRIAZIDE,"CAPTOPRIL / HYDROCHLOROTHIAZID
E",50MG/25MG,0.0
ECAZIDE,"CAPTOPRIL /
HYDROCHLOROTHIAZID",50MG/25MG,0.0
SAIPRIL PLUS,"CAPTOPRIL /
HYDROCHLOROTHIAZID E",50MG/25MG,0.0
TANATRIL,RAMIPRIL,"1,25MG",0.0
TRIATEC,RAMIPRIL,"1,25MG",0.0
RENIPRIL,RAMIPRIL,"1,25MG",0.0
"PHYSIOTENS 0,2",MOXONIDINE,"0,2MG",0.0
"MOXONIDINE
BEKER",MOXONIDINE,"0,2MG",0.0
"PHYSIOTENS 0,4",MOXONIDINE,"0,4MG",0.0
"MOXONIDINE
BEKER",MOXONIDINE,"0,4MG",0.0
VALACLOR 40,VALSARTAN,40MG,0.0
VALASTAN,VALSARTAN,80MG,0.0
SARTEG,VALSARTAN,80MG,0.0
ARBITAN,VALSARTAN,80MG,0.0
RETA 80,VALSARTAN,80MG,0.0
VALSARTAN LDM,VALSARTAN,80MG,0.0
VALEX 80,VALSARTAN,80MG,0.0
VESTAG,VALSARTAN,80MG,0.0
TAREG,VALSARTAN,80MG,0.0
VALACLOR 80,VALSARTAN,80MG,0.0
VALSIS,VALSARTAN,80MG,0.0
VALSARTAL,VALSARTAN,80MG,0.0
DIVALAN,VALSARTAN,80MG,0.0
VALSAN,VALSARTAN,80MG,0.0
IRBAC,Irbesartan,150MG,0.0
IRBISART,Irbesartan,150MG,0.0
IRBEVEL,Irbesartan,150MG,0.0
APROSART,Irbesartan,150MG,0.0
ARADEX 150,Irbesartan,150MG,0.0
ZIBRAT,Irbesartan,150MG,0.0
IROVEL,Irbesartan,150MG,0.0
APRIVAL,Irbesartan,150MG,0.0
ARAVEL,Irbesartan,150MG,0.0
LATENSIA,Irbesartan,150MG,0.0
APROVEL,Irbesartan,150MG,0.0
IRBE 150,Irbesartan,150MG,0.0
IRBEK,Irbesartan,150MG,0.0
CARDIOTENS,Irbesartan,150MG,0.0
IRBAC,Irbesartan,300MG,0.0
IRBEVEL,Irbesartan,300MG,0.0
APROSART,Irbesartan,300MG,0.0
ARADEX 300,Irbesartan,300MG,0.0
ZIBRAT,Irbesartan,300MG,0.0
IROVEL,Irbesartan,300MG,0.0
APRIVAL,Irbesartan,300MG,0.0
APROVEL,Irbesartan,300MG,0.0
IRBEK,Irbesartan,300MG,0.0
ARAVEL,Irbesartan,300MG,0.0
CARDIOTENS 300,Irbesartan,300MG,0.0
CO VALASTAN,Valsartan / Hydrochlorothiazide,"80MG/12,5MG",0.0
COSARTEG,"Valsartan /
Hydrochlorothiazide","80MG/12,5MG",0.0
CO-ARBITAN,Valsartan / Hydrochlorothiazide,"80MG/12,5MG",0.0
CO-RETA,"Valsartan /
Hydrochlorothiazide","80MG/12,5MG",0.0
VALSARTAN+HCTZ LDM,Valsartan / Hydrochlorothiazide,"80MG/12,5MG",0.0
CO-VALEX,Valsartan / Hydrochlorothiazide,"80MG/12,5MG",0.0
COVESTAG,Valsartan / Hydrochlorothiazide,"80MG/12,5MG",0.0
CO-LIPIRINAD,Valsartan / Hydrochlorothiazide,"80MG / 12,5MG",0.0
NOVAVALZ PLUS,Valsartan / Hydrochlorothiazide,"80MG/12,5MG",0.0
COTAREG,"Valsartan /
Hydrochlorothiazide","80MG/12,5MG",0.0
VALACLOR PLUS,"Valsartan /
Hydrochlorothiazide","80MG/12,5MG",0.0
THIA-VALSAN,Valsartan / Hydrochlorothiazide,"80MG/12,5MG",0.0
"PERINDOPRIL
BEKER","PERINDOPRIL TER-
BUTYLAMINE",4MG,0.0
PERINDOSYL,PERINDOPRIL ERBUMINE,4MG,0.0
VALASTAN,VALSARTAN,160MG,0.0
SARTEG,VALSARTAN,160MG,0.0
ARBITAN,VALSARTAN,160MG,0.0
RETA 160,VALSARTAN,160MG,0.0
VALSARTAN LDM,VALSARTAN,160MG,0.0
VALEX 160,VALSARTAN,160MG,0.0
VESTAG,VALSARTAN,160MG,0.0
TAREG,VALSARTAN,160MG,0.0
VALACLOR 160,VALSARTAN,160MG,0.0
VALSIS,VALSARTAN,160MG,0.0
VALSARTAL,VALSARTAN,160MG,0.0
DIVALAN,VALSARTAN,160MG,0.0
VALSAN,VALSARTAN,160MG,0.0
CO-NORTA,"LOSARTAN POTASSIQUE
/ HYDROCHLOROTHIAZID E","50MG/12,5MG",0.0
HYZAAR,"LOSARTAN POTASSIQUE
/","50MG/12,5MG",0.0
THIAZARTAN,"LOSARTAN POTASSIQUE
/","50MG/12,5MG",0.0
COBEKTAL,"LOSARTAN POTASSIQUE
/","50MG/12,5MG",0.0
CO-HYSARTAN,"LOSARTAN POTASSIQUE
/ HYDROCHLOROTHIAZID","50MG/12,5MG",0.0
LERCANIDIPINE BEKER,LERCANIDIPINE CHLORHYDRATE,10MG,0.0
ZANIDIP,"LERCANIDIPINE
CHLORHYDRATE",10MG,0.0
DEPADIUM,LERCANIDIPINE CHLORHYDRATE,10MG,0.0
LERCA,"LERCANIDIPINE
CHLORHYDRATE",10MG,0.0
TENSIONORM,CANDESARTAN CILEXETIL,4MG,0.0
ATACAND,"CANDESARTAN
CILEXETIL",4MG,0.0
SARCAND,"CANDESARTAN
CILEXETIL",4MG,0.0
BLOPRESS 8MG,"CANDESARTAN
CILEXETIL",8MG,0.0
ATACAND,CANDESARTAN CILEXETIL,8MG,0.0
ATABEK,"CANDESARTAN
CILEXETIL",8MG,0.0
CARDAXEL BGL,"CANDESARTAN
CILEXETIL",8MG,0.0
SARCAND,"CANDESARTAN
CILEXETIL",8MG,0.0
CANDERAX,"CANDESARTAN
CILEXETIL",8MG,0.0
SARTIX,"CANDESARTAN
CILEXETIL",8MG,0.0
TANATRIL,RAMIPRIL,10MG,0.0
RAMIPRIL BEKER,RAMIPRIL,10MG,0.0
RENIPRIL,RAMIPRIL,10MG,0.0
RAMITEC,RAMIPRIL,10MG,0.0
RAMINORM,RAMIPRIL,10MG,0.0
TRIATEC,RAMIPRIL,10MG,0.0
TENORDATE,ATENOLOL / NIFEDIPINE,50MG/20MG,0.0
IMINOPRIL 5,IMIDAPRIL CHLORHYDRATE,5MG,0.0
IMINOPRIL 10,IMIDAPRIL CHLORHYDRATE,10MG,0.0
CO AVSART,"IRBESARTAN / HYDROCHLOROTHIAZID
E","150MG/12,5MG",0.0
CO-IRBEK,"IRBESARTAN /
HYDROCHLOROTHIAZID E","150MG/12,5MG",0.0
CO-IRBEVEL,"IRBESARTAN /
HYDROCHLOROTHIAZID E","150MG / 12,5MG",0.0
CO APROSART,"IRBESARTAN / HYDROCHLOROTHIAZID
E","150MG/12,5MG",0.0
"CO-ARADEX 150/12,5","IRBESARTAN / HYDROCHLOROTHIAZID
E","150MG/12,5MG",0.0
COZIBRAT,"IRBESARTAN / HYDROCHLOROTHIAZID
E","150MG/12,5MG",0.0
CO-APRIVAL,"IRBESARTAN / HYDROCHLOROTHIAZID
E","150MG/12,5MG",0.0
COAPROVEL,"IRBESARTAN / HYDROCHLOROTHIAZID
E","150MG/12,5MG",0.0
COARAVEL,"IRBESARTAN / HYDROCHLOROTHIAZID
E","150MG/12,5MG",0.0
CO AVASART,"IRBESARTAN / HYDROCHLOROTHIAZID
E","300MG/12,5MG",0.0
CO-IRBEK,IRBESARTAN / HYDROCHLOROTHIAZID E,"300MG/12,5MG",0.0
CO-IRBEVEL,"IRBESARTAN / HYDROCHLOROTHIAZID
E","300MG / 12,5MG",0.0
CO APROSART,IRBESARTAN / HYDROCHLOROTHIAZID E,"300MG/12,5MG",0.0
"CO-ARADEX 300/12,5","IRBESARTAN / HYDROCHLOROTHIAZID
E","300MG/12,5MG",0.0
COZIBRAT,"IRBESARTAN / HYDROCHLOROTHIAZID
E","300MG/12,5MG",0.0
CO-APRIVAL,"IRBESARTAN / HYDROCHLOROTHIAZID
E","300MG/12,5MG",0.0
COAPROVEL,"IRBESARTAN /
HYDROCHLOROTHIAZID","300MG/12,5MG",0.0
ENALAPRIL / HYDROCHLOROTH IAZIDE MYLAN,ENALAPRIL MALEATE / HYDROCHLOROTHIAZID E,"20MG** /12,5MG",0.0
EVERYL,PERINDOPRIL TER-BUTYLAMINE / INDAPAMIDE,"2MG/0,625MG",0.0
FLUTERAX,PERINDOPRIL ERBUMINE / INDAPAMIDE,"2MG/0,625MG",0.0
BIEVERYL,PERINDOPRIL TER-BUTYLAMINE / INDAPAMIDE,"4MG /1,25MG",0.0
FLUTERAX,PERINDOPRIL TER-BUTYLAMINE / INDAPAMIDE,"4MG/1,25MG",0.0
BINOVAX,PERINDOPRIL TER-BUTYLAMINE / INDAPAMIDE,"4MG/1,25MG",0.0
LOZARTAN GEO,LOSARTAN POTASSIQUE,25MG,0.0
BLOPRESS 8 PLUS,CANDESARTAN CILEXETIL / HYDROCHLOROTHIAZID E,"8MG / 12,5MG",0.0
HYTACAND,"CANDESARTAN (SOUS
FORME DE CILEXETIL)**
/ HYDROCHLOROTHIAZID","8MG**/ 12,5MG",0.0
CO-ATABEK,"CANDESARTAN CILEXETIL/ HYDROCHLOROTHIAZID
E","8MG/12,5MG",0.0
CO SARCAND,"CANDESARTAN CILEXETIL/ HYDROCHLOROTHIAZID
E","8MG/12,5MG",0.0
CANDERAX PLUS,"CANDESARTAN CILEXETIL / HYDROCHLOROTHIAZID
E","8MG/12,5MG",0.0
CARDAXEL PLUS,CANDESARTAN CILEXETIL/ HYDROCHLOROTHIAZID E,"8MG/12,5MG",0.0
BLOPRESS 16 PLUS,"CANDESARTAN
CILEXETIL / HYDROCHLOROTHIAZID E","16MG / 12,5MG",0.0
HYTACAND,"CANDESARTAN  (SOUS
FORME DE CILEXETIL)**/","16MG**/12,5MG",0.0
CO-ATABEK,"CANDESARTAN
CILEXETIL/","16MG/12,5MG",0.0
CARDAXEL PLUS,"CANDESARTAN
CILEXETIL / HYDROCHLOROTHIAZID","16MG / 12,5MG",0.0
COSARCAND,"CANDESARTAN
CILEXETIL/","16MG/12,5MG",0.0
CANDERAX PLUS,"CANDESARTAN
CILEXETIL /","16MG/12,5MG",0.0
BLOPRESS 16MG,CANDESARTAN CILEXETIL,16MG,0.0
ATACAND,CANDESARTAN  (SOUS FORME DE CILEXETIL)**,16MG,0.0
ATABEK,CANDESARTAN CILEXETIL,16MG,0.0
CARDAXEL BGL,"CANDESARTAN
CILEXETIL",16MG,0.0
SARCAND,CANDESARTAN CILEXETIL,16MG,0.0
CANDERAX,"CANDESARTAN
CILEXETIL",16MG,0.0
SARTIX,CANDESARTAN CILEXETIL,16MG,0.0
THIA-VALSAN,"Valsartan /
Hydrochlorothiazide","160MG/12,5MG",0.0
CO VALASTAN,Valsartan / Hydrochlorothiazide,"160MG/12,5MG",0.0
COSARTEG,"Valsartan /
Hydrochlorothiazide","160MG/12,5MG",0.0
CO-ARBITAN,"Valsartan /
Hydrochlorothiazide","160MG/12,5MG",0.0
"VALSARTAN/
HYDROCHLOROTH","Valsartan /
Hydrochlorothiazide","160MG/12,5MG",0.0
CO-VALEX,Valsartan / Hydrochlorothiazide,"160MG/12,5MG",0.0
COVESTAG,Valsartan / Hydrochlorothiazide,"160MG/12,5MG",0.0
NOVAVALZ PLUS,Valsartan / Hydrochlorothiazide,"160MG/12,5MG",0.0
COTAREG,Valsartan / Hydrochlorothiazide,"160MG / 12,5MG",0.0
"CO VALSARTAN
IVAL","Valsartan /
Hydrochlorothiazide","160MG/12,5MG",0.0
VALACLOR PLUS,"Valsartan /
Hydrochlorothiazide","160MG/12,5MG",0.0
DIVALAN PLUS,"Valsartan /
Hydrochlorothiazide","160MG / 12,5MG",0.0
THIA-VALSAN,"Valsartan /
Hydrochlorothiazide",160MG/25MG,0.0
COTAREG,"Valsartan /
Hydrochlorothiazide",160MG/25MG,0.0
CO VALASTAN,"Valsartan /
Hydrochlorothiazide",160MG/25MG,0.0
CO SARTEG,"Valsartan /
Hydrochlorothiazide",160MG/25MG,0.0
CO-ARBITAN,Valsartan / Hydrochlorothiazide,160MG/25MG,0.0
CO-RETA,Valsartan / Hydrochlorothiazide,160MG/25MG,0.0
VLASARTAN+HCTZ LDM,Valsartan / Hydrochlorothiazide,160MG/25MG,0.0
CO-VALEX,Valsartan / Hydrochlorothiazide,160MG/25MG,0.0
NOVAVALZ PLUS,"Valsartan /
Hydrochlorothiazide",160MG/25MG,0.0
"CO-VALSARTAN
IVAL","Valsartan /
Hydrochlorothiazide",160MG / 25MG,0.0
VALACLOR PLUS,"Valsartan /
Hydrochlorothiazide",160MG/25MG,0.0
COBEKTAL,"LOSARTAN POTASSIQUE/ HYDROCHLOROTHIAZID
E",100MG/25MG,0.0
CO-NORTA FORT,"LOSARTAN
POTASSIQUE/",100MG/25MG,0.0
FORTZAAR,"LOSARTAN
POTASSIQUE/ HYDROCHLOROTHIAZID",100MG/25MG,0.0
BEKTAL,LOSARTAN POTASSIQUE,100MG,0.0
COZAAR,LOSARTAN POTASSIQUE,50MG,0.0
COZAAR,LOSARTAN POTASSIQUE,100MG,0.0
NORTA FORT,LOSARTAN POTASSIQUE,100MG,0.0
LOSARTAN LDM,LOSARTAN POTASSIQUE,100MG,0.0
HYSARTAN,LOSARTAN POTASSIQUE,100MG,0.0
PERINDOPRIL BEKER,PERINDOPRIL TER-BUTYLAMINE,8MG,0.0
PERINDOSYL,PERINDOPRIL TER-BUTYLAMINE,8MG,0.0
CO  AVASART,IRBESARTAN / HYDROCHLOROTHIAZID E,300MG/25MG,0.0
CO-IRBEVEL,IRBESARTAN / HYDROCHLOROTHIAZID E,300MG / 25MG,0.0
CO APROSART,IRBESARTRAN / HYDROCHLOROTHIAZID E,300MG / 25MG,0.0
CO-ARADEX 300/25,IRBESARTAN / HYDROCHLOROTHIAZID E,300MG/25MG,0.0
CO-APRIVAL,IRBESARTAN / HYDROCHLOROTHIAZID E,300MG/25MG,0.0
CO-IRBEK,IRBESARTAN / HYDROCHLOROTHIAZID E,300MG/25MG,0.0
COAPROVEL,IRBESARTAN / HYDROCHLOROTHIAZID E,300MG/25MG,0.0
EXVAL,"AMLODIPINE BESILATE EXPRIME EN AMLODIPINE /
VALSARTAN",5MG/80MG,0.0
EXBITAN,"AMLODIPINE BESILATE EXPRIME EN AMLODIPINE /
VALSARTAN",5MG/80MG,0.0
AMLODIPINE+VAL SARTAN LDM,"AMLODIPINE BESILATE EXPRIME EN AMLODIPINE /
VALSARTAN",5MG/80MG,0.0
VESTAMOL,"AMLODIPINE BESILATE EXPRIME EN AMLODIPINE /
VALSARTAN",5MG/80MG,0.0
EXFORMEDIC,"AMLODIPINE BESILATE EXPRIME EN AMLODIPINE /
VALSARTAN",5MG/80MG,0.0
EXSART,"AMLODIPINE BESYLATE EXPRIME EN AMLODIPINE /
VALSARTAN",5MG/80MG,0.0
DARTIX,"AMLODIPINE BESYLATE EXPRIME EN AMLODIPINE /
VALSARTAN",5MG/80MG,0.0
AMLOVAL,"AMLODIPINE BESILATE EXPRIME EN AMLODIPINE /
VALSARTAN",5MG/80MG,0.0
EXFORGE,"AMLODIPINE BESYLATE EXPRIME EN AMLODIPINE/
VALSARTAN",5MG/80MG,0.0
AMPLID,"AMLODIPINE BESILATE EXPRIME EN AMLODIPINE /
VALSARTAN",5MG/160MG,0.0
DARTIX,"AMLODIPINE BESILATE EXPRIME EN AMLODIPINE /
VALSARTAN",5MG/160MG,0.0
VALAMLO ALEMBIC MAMI,"AMLODIPINE BESILATE EXPRIME EN AMLODIPINE /
VALSARTAN",5MG/160MG,0.0
EXVAL,"AMLODIPINE BESILATE EXPRIME EN AMLODIPINE /
VALSARTAN",5MG/160MG,0.0
EXBITAN,"AMLODIPINE BESILATE EXPRIME EN AMLODIPINE /
VALSARTAN",5MG/160MG,0.0
AMLODIPINE+VAL SARTAN LDM,"AMLODIPINE BESILATE EXPRIME EN AMLODIPINE /
VALSARTAN",5MG/160MG,0.0
VESTAMOL,"AMLODIPINE BESILATE EXPRIME EN AMLODIPINE /
VALSARTAN",5MG/160MG,0.0
EXFORMEDIC,"AMLODIPINE BESILATE EXPRIME EN AMLODIPINE /
VALSARTAN",5MG/160MG,0.0
EXSART,"AMLODIPINE BESILATE EXPRIME EN AMLODIPINE /
VALSARTAN",5MG/160MG,0.0
AMLOVAL,"AMLODIPINE BESILATE EXPRIME EN AMLODIPINE /
VALSARTAN",5MG/160MG,0.0
EXFORGE,"AMLODIPINE BESYLATE EXPRIME EN AMLODIPINE/
VALSARTAN",5MG/160MG,0.0
AMPLID,"AMLODIPINE BESILATE EXPRIME EN AMLODIPINE /
VALSARTAN",10MG/160MG,0.0
EXVAL,"AMLODIPINE BESILATE EXPRIME EN AMLODIPINE /
VALSARTAN",10MG/160MG,0.0
EXBITAN,"AMLODIPINE BESILATE EXPRIME EN AMLODIPINE /
VALSARTAN",10MG/160MG,0.0
"AMLODIPINE+VAL
SARTAN LDM","AMLODIPINE BESILATE
EXPRIME EN",10MG/160MG,0.0
VESTAMOL,"AMLODIPINE BESILATE
EXPRIME EN",10MG/160MG,0.0
EXSART,"AMLODIPINE BESYLATE
EXPRIME EN",10MG/160MG,0.0
DARTIX,"AMLODIPINE BESILATE EXPRIME EN AMLODIPINE /
VALSARTAN",10MG/160MG,0.0
EXFORMEDIC,"AMLODIPINE BESILATE
EXPRIME EN AMLODIPINE /",10MG/160MG,0.0
AMLOVAL,"AMLODIPINE BESILATE
EXPRIME EN AMLODIPINE /",10MG/160MG,0.0
EXFORGE,"AMLODIPINE BESYLATE
EXPRIME EN",10MG/160MG,0.0
OLMETEC,OLMESARTAN MEDOXOMIL,10MG,0.0
OLMETEC,"OLMESARTAN
MEDOXOMIL",20MG,0.0
OLMETEC,OLMESARTAN MEDOXOMIL,40MG,0.0
MICARDIS,TELMISARTAN,40MG,0.0
TENSOTEL,TELMISARTAN,40MG,0.0
TELMISARTE,TELMISARTAN,40MG,0.0
TELMIDIS,TELMISARTAN,40MG,0.0
BEKERDIS,TELMISARTAN,40MG,0.0
CARDITEL,TELMISARTAN,40MG,0.0
TELMISARTAN ZENTIVA,TELMISARTAN,40MG,0.0
MICARDIS,TELMISARTAN,80MG,0.0
TENSOTEL,TELMISARTAN,80MG,0.0
TELMIDIS,TELMISARTAN,80MG,0.0
TELMISARTE,TELMISARTAN,80MG,0.0
BEKERDIS,TELMISARTAN,80MG,0.0
TELMISARTAN ZENTIVA,TELMISARTAN,80MG,0.0
MICARDIS PLUS,TELMISARTAN/HYDROC HLOROTHIAZIDE,"40MG/12,5MG",0.0
TELMISARTE +,TELMISARTAN/HYDROC HLOROTHIAZIDE,"40MG/12,5MG",0.0
TELMISARTE+,TELMISARTAN/HYDROC HLOROTHIAZIDE,"80MG/12,5MG",0.0
MICARDIS PLUS,"TELMISARTAN/HYDROC
HLOROTHIAZIDE","80MG/12,5MG",0.0
DELAKET,DELAPRIL,30MG,0.0
TANATRIL +,Ramipril / Hydrochlorothiazide,"5MG/12,5MG",0.0
CORENIPRIL,Ramipril / Hydrochlorothiazide,"5MG/12,5MG",0.0
CORENIPRIL,Ramipril / Hydrochlorothiazide,10MG/25MG,0.0
TANATRIL +,Ramipril / Hydrochlorothiazide,10MG/25MG,0.0
TRITAZIDE,"Ramipril /
Hydrochlorothiazide",10MG/25MG,0.0
COVERSYL,PERINDOPRIL ARGININE,5MG,0.0
COVERSYL,PERINDOPRIL ARGININE,10MG,0.0
IMINOPRIL 20,IMIDAPRIL CHLORHYDRATE,20MG,0.0
TRIACOR,RAMIPRIL / FELODIPINE,"2,5MG/2,5MG",0.0
TRITAZIDE,Ramipril / Hydrochlorothiazide,"10MG/12,5MG",0.0
TANATRIL +,Ramipril / Hydrochlorothiazide,"10MG/12,5MG",0.0
ATENOCLOR,"ATENOLOL /
CHLORTHALIDONE","50MG/12,5MG",0.0
"PRETERAX
ARGININE","PERINDOPRIL ARGININE
/ INDAPAMIDE","2,5MG/0,625MG",0.0
"BIPRETERAX
ARGININE","PERINDOPRIL ARGININE
/ INDAPAMIDE","5MG/1,25MG",0.0
CO SARTEG,Valsartan / Hydrochlorothiazide,320MG/25MG,0.0
"VALCARD
ALEMBIC MAMI",VALSARTAN,320MG,0.0
SARTEG,VALSARTAN,320MG,0.0
EXIRB,"AMLODIPINE
BESILATE/IRBESARTAN",5MG/150 MG,0.0
APROVASC,"IRBéSARTAN/BéSILATE
D'AMLODIPINE",150MG/5MG,0.0
APROVASC,"IRBéSARTAN/BéSILATE
D'AMLODIPINE",150MG/10MG,0.0
EXIRB,IRBéSARTAN/BéSILATE D'AMLODIPINE,300MG/5MG,0.0
APROVASC,"IRBéSARTAN/BéSILATE
D'AMLODIPINE",300MG/5MG,0.0
APROVASC,IRBESARTAN/ AMLODIPINE (BESILATE),300MG/10MG,0.0
CLOXTON,ACEBUTOLOL CHLORHYDRATE,200MG,0.0
SEBUTOL,"ACEBUTOLOL
CHLORHYDRATE",200MG,0.0
ACEBUTOLOL IVAL,ACEBUTOLOL,200MG,0.0
CARDITAL,"CHALCOEBRUHTYODRLOALTE
CHLORHYDRATE",200MG,0.0
"ACEBUTOLOL
SANDOZ","ACEBUTOLOL
CHLORHYDRATE",200MG,0.0
SECTRAL,ACEBUTOLOL CHLORHYDRATE,200MG,0.0
ACEBUTOLOL IVAL,ACEBUTOLOL CHLORHYDRATE,400MG,0.0
SECTRAL,ACEBUTOLOL CHLORHYDRATE,400MG,0.0
ATENOR,ATENOLOL,100MG,0.0
ATINAL,ATENOLOL,100MG,0.0
DAGHTAN 100,ATENOLOL,100MG,0.0
METOCROVIS,"METOPROLOL
TARTRATE",200MG,0.0
LOPRESSOR  LP,METOPROLOL,200MG,0.0
METOPRESS,"METOPROLOL
SUCCINATE EXPRIME EN",200MG,0.0
"METOPROLOL 200
STADA RETARD",METOPROLOL,200MG,0.0
INDICARDIN,PROPRANOLOL,40MG,0.0
FEDICARD,PROPRANOLOL CHLORHYDRATE,40MG,0.0
INDRANOL,PROPRANOLOL,40MG,0.0
AVLOCARDYL,PROPRANOLOL,40MG,0.0
FENOTYL LP,"PROPRANOLOL
CHLORHYDRATE",160MG,0.0
ATINAL,ATENOLOL,50MG,0.0
DAGHTAN 50,ATENOLOL,50MG,0.0
CIRBESA,BISOPROLOL FUMARATE,10MG,0.0
BIPROTENS,BISOPROLOL FUMARATE,10MG,0.0
BONACOR,BISOPROLOL FUMARATE,10MG,0.0
BISOPROLOL HUP,BISOPROLOL FUMARATE,10MG,0.0
BISOPROLOL BEKER,BISOPROLOL FUMARATE,10MG,0.0
BYZOLEX,BISOPROLOL FUMARATE,10MG,0.0
BISOPROLOL MM,BISOPROLOL FUMARATE,10MG,0.0
PRODOL,BISOPROLOL FUMARATE,10MG,0.0
DIPROLOL,BISOPROLOL FUMARATE,10MG,0.0
DETENPRESS,BISOPROLOL FUMARATE,10MG,0.0
LOPRESS,METOPROLOL TARTRATE,100MG,0.0
DILACARD,CARVEDILOL,"6,25MG",0.0
CARVEDILOL LDM,CARVEDILOL,"6,25MG",0.0
DILACARD,CARVEDILOL,25MG,0.0
CARVEDILOL LDM,CARVEDILOL,25MG,0.0
DILACARD,CARVEDILOL,"12,5MG",0.0
DILACARD,CARVEDILOL,"3,125MG",0.0
BIPROTENS,BISOPROLOL FUMARATE,5MG,0.0
BONACOR,BISOPROLOL FUMARATE,5MG,0.0
BISOPROLOL BEKER,BISOPROLOL FUMARATE,5MG,0.0
PRODOL,BISOPROLOL FUMARATE,5MG,0.0
BISOPROLOL MM,BISOPROLOL FUMARATE,5MG,0.0
DIPROLOL,BISOPROLOL FUMARATE,5MG,0.0
TEMERIT,NEBIVOLOL CHLORHYDRATE EXPRIME EN NEBIVOLOL,5MG,0.0
FENOTYL LP,"PROPRANOLOL
CHLORHYDRATE",80MG,0.0
CO BIPROTENS,"BISOPROLOL FUMARATE
/ HYDROCHLOROTHIAZID E","5MG/6,25MG",0.0
CO BIPROTENS,"BISOPROLOL FUMARATE
/ HYDROCHLOROTHIAZID","10MG/6,25MG",0.0
METOPRESS,"METOPROLOL
SUCCINATE EXPRIME EN",100MG,0.0
NAGOXIN,DIGOXINE,"0,25MG",0.0
DEXOREN,DIGOXINE,"0,25MG",0.0
"DIGOXINE
NATIVELLE",DIGOXINE,"0,25MG",0.0
DIGOXINE STREULI,DIGOXINE,"0,25MG",0.0
DIGOXINE CPCM,DIGOXINE,"0,25MG",0.0
XINECOR,DIGOXINE,"0,05MG/ML",0.0
"DIGOXINE
STREULI",DIGOXINE,"0,125MG",0.0
DIAMOX,ACETAZOLAMIDE,500 MG,0.0
LYNOX,ACETAZOLAMIDE,250MG,0.0
DIURAZOL,ACETAZOLAMIDE,250MG,0.0
DIUSEMIDE,FUROSEMIDE,20MG/2ML,0.0
RAZOLIX,FUROSEMIDE,20MG/2ML,0.0
FUROZAL,FUROSEMIDE,20MG/2ML,0.0
FUROZAL FAIBLE,FUROSEMIDE,20MG,0.0
FUROSEMIDE ARROW,FUROSEMIDE,20MG,0.0
LASILIX,FUROSEMIDE,20MG,0.0
FUROZAL,FUROSEMIDE,40MG,0.0
FUROSEMIDE HUP,FUROSEMIDE,40MG,0.0
FUROSEMIDE IVAL,FUROSEMIDE,40MG,0.0
FUROSAN,FUROSEMIDE,500MG,0.0
CROTIAZIDE,"AMILORIDE (SOUS
FORME DE CHLORHYDRATE)**/HY",5MG**/50MG,0.0
AMURETIC,"AMILORIDE
CHLORHYDRATE / HYDROCHLOROTHIAZID",5MG/50MG,0.0
DUDREX,"AMILORIDE CHLORHYDRATE / HYDROCHLOROTHIAZID
E",5MG/50MG,0.0
DIRIL,"AMILORIDE (SOUS
FORME DE",5MG**/50MG,0.0
SPIRONOLONE,"SPIRONOLACTONE
MICRONISEE",75MG,0.0
ALDACTONE,"SPIRONOLACTONE
MICRONISEE",75MG,0.0
SPIROZIDE,"SPIRONOLACTONE /
ALTIZIDE",25MG/15MG,0.0
ALDACTAZINE,SPIRONOLACTONE/ALTI ZIDE,25MG/15MG,0.0
FLUMIDE,INDAPAMIDE,"1,5MG",0.0
NATRIXAL,INDAPAMIDE,"1,5MG",0.0
ADEX LP,INDAPAMIDE,"1,5MG",0.0
"INDAPAMIDE
BEKER",INDAPAMIDE,"1,5MG",0.0
FLUDEX LP,INDAPAMIDE,"1,5MG",0.0
HYDREX,"HYDROCHLOROTHIAZID
E",25MG,0.0
NAFTILENE,NAFTIDROFURYL HYDROGENO-OXALATE,100MG,0.0
PRAXILENE,NAFTIDROFURYL,100MG,0.0
PRAXILENE,"NAFTIDROFURYL
HYDROGENO-OXALATE",200MG,0.0
NAFTIRETARD LP,"NAFTIDROFURYL
HYDROGENO-OXALATE",200MG,0.0
TORENTAL  LP,PENTOXIFYLLINE,400MG,0.0
PENTORENTAL,PENTOXIFYLLINE,400MG,0.0
PENTOXIFYLLINE MYLAN,PENTOXIFYLLINE,400MG,0.0
TICLID,TICLOPIDINE   (SOUS FORME DE CHLORHYDRATE)**,250MG,0.0
TRIMETAZIDINE IVAL,TRIMETAZIDINE DICHLORHYDRATE,20MG,0.0
VASTOR,TRIMETAZIDINE DICHLORHYDRATE,20MG,0.0
VEINOTREL,TRIMETAZIDINE DICHLORHYDRATE,20MG,0.0
TRIMETAZIDINE B,TRIMETAZIDINE DICHLORHYDRATE,20MG,0.0
WAZTORON,TRIMETAZIDINE DICHLORHYDRATE,20MG,0.0
CLOPIX,"CLOPIDOGREL HYDROGENOSULFATE EXPRIME EN
CLOPIDOGREL",75MG,0.0
PLAGREL,"CLOPIDOGREL HYDROGENOSULFATE EXPRIME EN
CLOPIDOGREL",75MG,0.0
CLOPLAV,CLOPIDOGREL BISULFATE EXPRIME EN CLOPIDOGREL,75MG,0.0
PIDOGREL,"CLOPIDOGREL HYDROGENOSULFATE EXPRIME EN
CLOPIDOGREL",75MG,0.0
CLOPIDOGREL LDM,CLOPIDOGREL HYDROGENOSULFATE EXPRIME EN CLOPIDOGREL,75MG,0.0
"CLOPIDOGREL
NOVAGENERICS","CLOPIDOGREL
HYDROGENE EXPRIME",75MG,0.0
CLOPIVAL,"CLOPIDOGREL
HYDROGENOSULFATE",75MG,0.0
DAZIL,"CLOPIDOGREL
HYDROGENOSULFATE EXPRIME EN",75MG,0.0
PRAVASOR,"CLOPIDOGREL HYDROGENOSULFATE EXPRIME EN
CLOPIDOGREL",75MG,0.0
PLAVIX,CLOPIDOGREL HYDROGENOSULFATE EXPRIME EN CLOPIDOGREL,75MG,0.0
CLODIPRAL,CLOPIDOGREL HYDROGENOSULFATE EXPRIME EN CLOPIDOGREL,75MG,0.0
"TRIMETAZIDINE
UPC",TRIMETAZIDINE,20MG/ML,0.0
RIMETAZE LM,TRIMETAZIDINE DICHLORHYDRATE,35MG,0.0
VASTAREL,TRIMETAZIDINE DICHLORHYDRATE,35MG,0.0
CARDIOFLUX,"CLOPIDOGREL / ACIDE
ACETYLSALICYLIQUE",75MG/75MG,0.0
PLAVIX,CLOPIDOGREL HYDROGENOSULFATE EXPRIME EN CLOPIDOGREL,300 MG,0.0
DAFLON,"FLAVONOIDES EXTRAITS
DE RUTACEES (SOIT EN","300MG (150MG
EN DIOSMINE ET",0.0
DIOSMINE UPC,DIOSMINE,300MG,0.0
DIOVEINE,DIOSMINE,300MG,0.0
LAMOVEN,DIOSMINE,300MG,0.0
CYCLO 3 FORT,RUSCUS/HESPERIDINE METHYLCHALCONE/ACI DE ASCORBIQUE,"150MG/150MG/1
00MG",0.0
DIOVEINE,DIOSMINE,600MG,0.0
DIOVENOR 600MG,DIOSMINE ANHYDRE ET PURE,600MG,0.0
DIOSMINE MYLAN,DIOSMINE,600MG,0.0
DIOSMINE GGAM,DIOSMINE,600MG,0.0
VENOSMIL,HYDROSMINE,200MG,0.0
DAFLON,"FRACTION
FLAVONOIQUE PURIFIEE","500MG (450MG
EN DIOSMINE ET",0.0
RESIVEN,CITROFLAVONOIDE/CIT RATE DE MAGNESIUM/ACIDE ASCORBIQUE,"200MG/133MG/1
50MG/5ML",0.0
GINKOR FORT,"GINKGO
BILOBA,EXTRAIT STANDARTISE TITRE A","0,014G/0,3G**/0,
3G",0.0
LIPOCARD,FENOFIBRATE MICRONISE,200MG,0.0
"FENOFIBRATE
HUP","FENOFIBRATE
(MICRONISE)",200MG,0.0
FENOFIBRATE IVAL,FENOFIBRATE,200MG,0.0
LIPOFIBRATE,FENOFIBRATE,200MG,0.0
LIPANOR,CIPROFIBRATE,100MG,0.0
ELISOR,"PRAVASTATINE (SOUS
FORME SODIQUE)**",20MG,0.0
PRASIVAST,"PRAVASTATINE
SODIQUE",20MG,0.0
SOCOB,SIMVASTATINE,20MG,0.0
SIMVASTATINE BIOCARE,SIMVASTATINE,20MG,0.0
VASTA,SIMVASTATINE,20MG,0.0
SIVACOR,SIMVASTATINE,20MG,0.0
SIMVASTATINE LDM,SIMVASTATINE,20MG,0.0
KOLESTINE 20,SIMVASTATINE,20MG,0.0
LIPONORM,SIMVASTATINE,20MG,0.0
ZOSTINE,SIMVASTATINE,20MG,0.0
SIMVASTAL,SIMVASTATINE,20MG,0.0
SIMVASTATINE WINTHROP,SIMVASTATINE,20MG,0.0
SIMVACOR,SIMVASTATINE,20MG,0.0
COLESTOR,FLUVASTATINE SODIQUE EXRIME EN FLUVASTATINE,40MG,0.0
FLUVASTATINE LDM,FLUVASTATINE SODIQUE,40MG,0.0
LESCOL,FLUVASTATINE SODIQUE EXRIME EN FLUVASTATINE,40MG,0.0
ATEROMIXOL,POLICOSANOL,5MG,0.0
ATEROMIXOL,POLICOSANOL,10MG,0.0
TARDEN,ATORVASTATINE CALCIQUE TRIHYDRATEE EXPRIME EN ATORVASTATINE,10MG,0.0
ATORIN 10MG,ATORVASTATINE CALCIQUE TRIHYDRATEE EXPRIME EN ATORVASTATINE,10MG,0.0
AROVAN,ATORVASTATINE CALCIQUE TRIHYDRATEE EXPRIME EN ATORVASTATINE,10MG,0.0
ATORVASTATINE GEBER,ATORVASTATINE CALCIQUE TRIHYDRATEE EXPRIME EN ATORVASTATINE,10MG,0.0
TORVAST,ATORVASTATINE CALCIQUE TRIHYDRATEE EXPRIME EN ATORVASTATINE,10MG,0.0
TORVASTATINE,ATORVASTATINE CALCIQUE TRIHYDRATEE EXPRIME EN ATORVASTATINE,10MG,0.0
ATOR 10MG,ATORVASTATINE CALCIQUE TRIHYDRATEE EXPRIME EN ATORVASTATINE,10MG,0.0
ATORVASTATINE MM,ATORVASTATINE CALCIQUE TRIHYDRATEE EXPRIME EN ATORVASTATINE,10MG,0.0
ATORVASTATINE LDM,ATORVASTATINE CALCIQUE TRIHYDRATEE EXPRIME EN ATORVASTATINE,10MG,0.0
VASKOL 10,ATORVASTATINE CALCIQUE TRIHYDRATEE EXPRIME EN ATORVASTATINE,10MG,0.0
LIPOSTATINE,ATORVASTATINE CALCIQUE TRIHYDRATEE EXPRIME EN ATORVASTATINE,10MG,0.0
ATORVASTATINE NOVAGENERICS,ATORVASTATINE CALCIQUE TRIHYDRATEE EXPRIME EN ATORVASTATINE,10MG,0.0
TAHOR,ATORVASTATINE CALCIQUE TRIHYDRATEE EXPRIME EN ATORVASTATINE,10MG,0.0
ATORVASTATINE IVAL,"ATORVASTATINE CALCIQUE TRIHYDRATEE EXPRIME EN
ATORVASTATINE",10MG,0.0
TEOLAR,"ATORVASTATINE CALCIQUE TRIHYDRATEE EXPRIME EN
ATORVASTATINE",10MG,0.0
LIPONIL,"ATORVASTATINE
CALCAITQOUREVTARSITHAYTDINREATEE",10MG,0.0
LIPOVAST 10,CALCIQUE TRIHYDRATEE,10MG,0.0
LIPICARE,ATORVASTATINE,10MG,0.0
LIPODAR 10,"CALCAITQOUREVTARSITHAYTDINREATEE
CALCAITQOUREVTARSITHAYTDINREATEE",10MG,0.0
ATOVAL,CALCIQUE TRIHYDRATEE,10MG,0.0
SOCOB,SIMVASTATINE,40MG,0.0
SIMVASTATINE LDM,SIMVASTATINE,40MG,0.0
KOLESTINE,SIMVASTATINE,40MG,0.0
ZOSTINE,SIMVASTATINE,40MG,0.0
SIMVACOR,SIMVASTATINE,40MG,0.0
SIMVACOR,SIMVASTATINE,10MG,0.0
LIPANTHYL,FENOFIBRATE,160MG,0.0
FENATE,FENOFIBRATE,160MG,0.0
FENOFIBRATE MM,FENOFIBRATE,160MG,0.0
TARDEN,ATORVASTATINE CALCIQUE TRIHYDRATE EXPRIME EN ATORVASTATINE,20MG,0.0
ATORIN 20MG,ATORVASTATINE CALCIQUE TRIHYDRATE EXPRIME EN ATORVASTATINE,20MG,0.0
LIPICARE,ATORVASTATINE CALCIQUE TRIHYDRATE EXPRIME EN ATORVASTATINE,20MG,0.0
AROVAN,ATORVASTATINE CALCIQUE TRIHYDRATE EXPRIME EN ATORVASTATINE,20MG,0.0
ATORVASTATINE GEBER,ATORVASTATINE CALCIQUE TRIHYDRATE EXPRIME EN ATORVASTATINE,20MG,0.0
TORVAST,ATORVASTATINE CALCIQUE TRIHYDRATE EXPRIME EN ATORVASTATINE,20MG,0.0
TORVASTATINE,ATORVASTATINE CALCIQUE TRIHYDRATE EXPRIME EN ATORVASTATINE,20MG,0.0
ATOR 20MG,ATORVASTATINE CALCIQUE TRIHYDRATE EXPRIME EN ATORVASTATINE,20MG,0.0
ATORVASTATINE LDM,ATORVASTATINE CALCIQUE TRIHYDRATE EXPRIME EN ATORVASTATINE,20MG,0.0
VASKOL 20,ATORVASTATINE CALCIQUE TRIHYDRATE EXPRIME EN ATORVASTATINE,20MG,0.0
LIPOSTATINE,ATORVASTATINE CALCIQUE TRIHYDRATE EXPRIME EN ATORVASTATINE,20MG,0.0
ATORVASTATINE NOVAGENERICS,ATORVASTATINE CALCIQUE TRIHYDRATE EXPRIME EN ATORVASTATINE,20MG,0.0
TAHOR,ATORVASTATINE CALCIQUE TRIHYDRATE EXPRIME EN ATORVASTATINE,20MG,0.0
ATORVASTATINE IVAL,ATORVASTATINE CALCIQUE TRIHYDRATE EXPRIME EN ATORVASTATINE,20MG,0.0
TEOLAR,ATORVASTATINE CALCIQUE TRIHYDRATE EXPRIME EN ATORVASTATINE,20MG,0.0
LIPONIL 20,ATORVASTATINE CALCIQUE TRIHYDRATE EXPRIME EN ATORVASTATINE,20MG,0.0
LIPOVAST 20,ATORVASTATINE CALCIQUE TRIHYDRATE EXPRIME EN ATORVASTATINE,20MG,0.0
LIPODAR 20,ATORVASTATINE CALCIQUE TRIHYDRATE EXPRIME EN ATORVASTATINE,20MG,0.0
ATOVAL,ATORVASTATINE CALCIQUE TRIHYDRATE EXPRIME EN ATORVASTATINE,20MG,0.0
TARDEN,ATORVASTATINE CALCIQUE TRIHYDRATE EXPRIME EN ATORVASTATINE,40MG,0.0
ATORIN 40MG,ATORVASTATINE CALCIQUE TRIHYDRATE EXPRIME EN ATORVASTATINE,40MG,0.0
LIPICARE,ATORVASTATINE CALCIQUE TRIHYDRATE EXPRIME EN ATORVASTATINE,40MG,0.0
AROVAN,ATORVASTATINE CALCIQUE TRIHYDRATE EXPRIME EN ATORVASTATINE,40MG,0.0
ATORVASTATINE GEBER,ATORVASTATINE CALCIQUE TRIHYDRATEE EXPRIME EN ATORVASTATINE,40MG,0.0
ATOR 40MG,ATORVASTATINE CALCIQUE TRIHYDRATE EXPRIME EN ATORVASTATINE,40MG,0.0
ATORVASTATINE LDM,ATORVASTATINE CALCIQUE TRIHYDRATE EXPRIME EN ATORVASTATINE,40MG,0.0
ATORVASTATINE NOVAGENERICS,ATORVASTATINE CALCIQUE TRIHYDRATE EXPRIME EN ATORVASTATINE,40MG,0.0
TAHOR,ATORVASTATINE CALCIQUE TRIHYDRATE EXPRIME EN ATORVASTATINE,40MG,0.0
ATORVASTATINE IVAL,ATORVASTATINE CALCIQUE TRIHYDRATE EXPRIME EN ATORVASTATINE,40MG,0.0
TEOLAR,ATORVASTATINE CALCIQUE TRIHYDRATE EXPRIME EN ATORVASTATINE,40MG,0.0
LIPONIL 40,ATORVASTATINE CALCIQUE TRIHYDRATE EXPRIME EN ATORVASTATINE,40MG,0.0
LIPOVAST,ATORVASTATINE CALCIQUE TRIHYDRATE EXPRIME EN ATORVASTATINE,40MG,0.0
TORVAST,ATORVASTATINE CALCIQUE TRIHYDRATE EXPRIME EN ATORVASTATINE,40MG,0.0
ATORIN 80MG,ATORVASTATINE CALCIQUE TRIHYDRATE EXPRIME EN ATORVASTATINE,80MG,0.0
LIPICARE,ATORVASTATINE CALCIQUE TRIHYDRATE EXPRIME EN ATORVASTATINE,80MG,0.0
TORVAST,"ATORVASTATINE
CALCIQUE TRIHYDRATE EXPRIME EN",80MG,0.0
TORVASTATINE,"ATORVASTATINE CALCIQUE TRIHYDRATE EXPRIME EN
ATORVASTATINE",80MG,0.0
ATOR,"ATORVASTATINE
CALCIQUE TRIHYDRATE EXPRIME EN",80MG,0.0
ATORVASTATINE LDM,"ATORVASTATINE CALCIQUE TRIHYDRATE EXPRIME EN
ATORVASTATINE",80MG,0.0
ATORVASTATINE NOVAGENERICS,"ATORVASTATINE
CALCIQUE TRIHYDRATE EXPRIME EN",80MG,0.0
TEOLAR,"ATORVASTATINE
CALCIQUE TRIHYDRATE EXPRIME EN",80MG,0.0
AROVAN,"ATORVASTATINE
CALCIQUE TRIHYDRATE EXPRIME EN",80MG,0.0
COLESTOR LP,FLUVASTATINE SODIQUE EXPRIME EN FLUVASTATINE,80MG,0.0
FLUVACOL LP,"FLUVASTATINE SODIQUE EXPRIME EN
FLUVASTATINE",80MG,0.0
CORED XL,"FLUVASTATINE SODIQUE EXPRIME EN
FLUVASTATINE",80MG,0.0
FLUVASTATINE LDM,"FLUVASTATINE SODIQUE EXPRIME EN
FLUVASTATINE",80MG,0.0
LESCOL XL,"FLUVASTATINE SODIQUE EXPRIME EN
FLUVASTATINE",80MG,0.0
FLUVASTAN,"FLUVASTATINE SODIQUE EXPRIME EN
FLUVASTATINE",80MG,0.0
ROSUVASTOR,Rosuvastatine calcique exprimé en rosuvastatine,10MG,0.0
CRESOVAST,"Rosuvastatine calcique exprimé en
rosuvastatine",10MG,0.0
CRESTOR,"Rosuvastatine calcique
exprimé en rosuvastatine",10MG,0.0
SUPERSTAT,Rosuvastatine calcique exprimé en rosuvastatine,10MG,0.0
CRESTATINE,Rosuvastatine calcique exprimé en rosuvastatine,10MG,0.0
ROSUVASTOR,Rosuvastatine calcique exprimé en rosuvastatine,20MG,0.0
CRESTOR,"Rosuvastatine calcique
exprimé en",20MG,0.0
CRESOVAST,"Rosuvastatine calcique exprimé en
rosuvastatine",20MG,0.0
SUPERSTAT,"Rosuvastatine calcique exprimé en
rosuvastatine",20MG,0.0
CRESTATINE,"Rosuvastatine calcique exprimé en
rosuvastatine",20MG,0.0
ATEROMIXOL,POLICOSANOL,20MG,0.0
TORVAPINE,AMLODIPINE BESILATE EXPRIME EN AMLODIPINE / ATORVASTATINE CALCIQUE TRIHYDRATEE EXPRIME EN ATORVASTATINE,5MG/10MG,0.0
AMLOVASTE,"AMLODIPINE BESILATE
EXPRIME EN",5MG/10MG,0.0
LIPOCARD 140,FENOFIBRATE MICRONISE,140MG,0.0
PRASIVAST,"PRAVASTATINE
SODIQUE",40MG,0.0
PRASIVAST,"PRAVASTATINE
SODIQUE",10MG,0.0
ROSUVASTOR,Rosuvastatine calcique exprimé en rosuvastatine,5MG,0.0
CRESTOR,Rosuvastatine calcique exprimé en rosuvastatine,5MG,0.0
TORVAPINE,"AMLODIPINE BESILATE
EXPRIME EN AMLODIPINE / ATORVASTATINE",10MG/10MG,0.0
METAZID,EZETINIBE,10MG,0.0
EZETROL,EZETIMIBE,10MG,0.0
INEGY,EZETIMIBE / SIMVASTATINE,10MG/20MG,0.0
INEGY,EZETIMIBE / SIMVASTATINE,10MG/40MG,0.0
TRACLEER,BOSENTAN MONOHYDRTAE EXPRIME EN BOSENTAN,"62,5MG",0.0
BOSENTAS,BOSENTAN MONOHYDRATE EXPRIME EN BOSENTAN,"62,5MG",0.0
PMS-BOSENTAN,"BOSENTAN
MONOHYDRATE","62,5MG",0.0
TRACLEER,"BOSENTAN
MONOHYDRTAE",125MG,0.0
BOSENTAS,"BOSENTAN MONOHYDRATE
EXPRIME EN BOSENTAN",125MG,0.0
PMS-BOSENTAN,"BOSENTAN MONOHYDRATE
EXPRIME EN BOSENTAN",125MG,0.0
VENTAVIS,"ILOPROST TROMETANOL EXPRIME
EN ILOPROST",10 UG/ML,0.0
TORVASTATINE,"ATORVASTATINE
CALCIQUE TRIHYDRATE EXPRIME EN",40MG,0.0
ASIATICOSID,"EXTRAIT DE CENTELLA
ASIATICA",2%,0.0
ASIATICOSID,"EXTRAIT CENTELLA
ASIATICA",1%,0.0
MADECASSOL,"EXTRAIT DE CENTELLA
ASIATICA",1%,0.0
GEPLASTINE,"OXYDE DE ZINC / HUILE
DE FOIE DE MORUE",27G/20G/100G,0.0
DOUCE +,"OXYDE DE ZINC/HUILE
DE FOIE DE POISSON",27G/20G,0.0
HFM,"OXYDE DE ZINC / HUILE
DE FOIE DE MORUE",27G/20G/100G,0.0
O. ZN+,"OXYDE DE ZINC / HUILE
DE FOIE DE MORUE",27G/20G/100G,0.0
OXYPLASTINE,OXYDE DE ZINC,46%,0.0
CALMOZINC,OXYDE DE ZINC,46%,0.0
BEPANTHENE,DEXPANTHENOL (VIT. B5),250MG/ML (500MG/2ML),0.0
BEPANTHENE,DEXPANTHENOL (VIT. B5),100MG,0.0
CUTACNYL,"PEROXYDE DE
BENZOYLE",5%,0.0
CUTACNYL,"PEROXYDE DE
BENZOYLE",10%,0.0
LOCACID,ACIDE TRETINOIQUE,0.1%,0.0
LOCACID,ACIDE TRETINOIQUE,0.05%,0.0
ISOTREX,ISOTRETINOINE,0.05%,0.0
ALOPECYL 5%,MINOXIDIL,5%,0.0
MINOXIDIL NS,MINOXIDIL,5%,0.0
DIFFERINE,ADAPALENE,0.1%,0.0
ADAPALENE NOVAGENERICS,ADAPALENE,0.1%,0.0
RETISOL-A,"ACIDE TRETINOIQUE
AVEC ECRANS SOLAIRES",0.025%,0.0
RETISOL-A,ACIDE TRETINOIQUE AVEC ECRANS SOLAIRES,0.05%,0.0
CUTACNYL,PEROXYDE DE BENZOYLE,2.5%,0.0
ALOPECYL2%,MINOXIDIL,2%,0.0
MINOXIDIL NS,MINOXIDIL,2%,0.0
DENACINE,Clindamycine phosphate exprimé en clindamycine,1% (10MG/ML),0.0
DERMA-T,Clindamycine phosphate exprimé en clindamycine,1% (10MG/ML),0.0
DIFFERINE,ADAPALENE,0.1%,0.0
DENACINE EMULGEL,Clindamycine phosphate exprimé en clindamycine,1% (10MG/ML),0.0
ACNESTOP,Clindamycine phosphate exprimé en clindamycine,1% (10MG/ML),0.0
CLOMYCINE,CHLORTETRACYCLINE,3%,0.0
ZETA,ACIDE FUSIDIQUE SOUS FORME DE FUSIDATE DE SODIUM,2%,0.0
FUCIDINE,ACIDE FUSIDIQUE SOUS FORME DE FUSIDATE DE SODIUM,2%,0.0
ACFUSID,ACIDE FUSIDIQUE SOUS FORME DE FUSIDATE DE SODIUM,2%,0.0
EFFUCINE,ACIDE FUSIDIQUE SOUS FORME DE FUSIDATE DE SODIUM,2%,0.0
FUCIDANE,"ACIDE FUSIDIQUE SOUS FORME DE FUSIDATE DE
SODIUM",2%,0.0
ACIFUDAL,ACIDE FUSIDIQUE SOUS FORME DE FUSIDATE DE SODIUM,2%,0.0
ZETA,ACIDE FUSIDIQUE,2%,0.0
ACIFUDAL,ACIDE FUSIDIQUE,2%,0.0
ROZEX,METRONIDAZOLE,0.75%,0.0
MICOTYDE,"NYSTATINE /
TRIAMCINOLONE","10MUI/100MG/2
50MG/100G",0.0
MYCOMEX,"NYSTATINE /
TRIAMCINOLONE","10MUI/0,1G/0,25
G",0.0
MYCOCINE,"NYSTATINE / TRIAMCINOLONE /
NEOMYCINE","10 MUI / 0,1G /
0,25G / 100G",0.0
MYCOCIDE,"TRIAMCINOLONE S/F
TRIAMCINOLONE","0,10 G/0,25
MUI/10 MUI (",0.0
INFECTOBAN,MUPIROCINE,2%,0.0
BACTROBAN,MUPIROCINE,2%,0.0
"MUPIROCINE
NOVAGENERICS",MUPIROCINE,2%,0.0
BANEOCIN,BACITRACINE / NEOMYCINE,250UI/5000UI/G,0.0
BANEOCIN,"BACITRACINE /
NEOMYCINE",250UI/5000UI/G,0.0
NADIXA,NADIFLOXACINE,1%,0.0
MYCOMAZOLE,CLOTRIMAZOLE,1%,0.0
MYCOTEN,CLOTRIMAZOLE,1%,0.0
CROMIZOLE,CLOTRIMAZOLE,1G%,0.0
CLOTERMEX,CLOTRIMAZOLE,1%,0.0
KONAZOL,ECONAZOLE NITRATE,1%,0.0
ECONAZYL 1%,ECONAZOLE NITRATE,1%,0.0
PHANAZOL,ECONAZOLE NITRATE,1%,0.0
ECOMI,ECONAZOLE (NITRATE),1G%,0.0
PEVARYL,ECONAZOLE,1G%,0.0
"ECONAZOLE
NOVAGENERICS",ECONAZOLE NITRATE,1%,0.0
PEVARYL,ECONAZOLE,1G%,0.0
VAVO,Ketoconazole,2%,0.0
KETODERM,Ketoconazole,2%,0.0
MYCOZOL,Ketoconazole,2%,0.0
KETOCREM,Ketoconazole,2%,0.0
KETOCONAZOLE PHARMAGHREB,Ketoconazole,2%,0.0
KETOSKIN,Ketoconazole,2%,0.0
KETODEL,Ketoconazole,2%,0.0
"KETOCONAZOLE
NOVAGENERICS",Ketoconazole,2%,0.0
MICOGEL,MICONAZOLE,2G%,0.0
MICOHEAL,MICONAZOLE,2G%,0.0
MICODAL,MICONAZOLE,2%,0.0
MYCOTINE,NYSTATINE,100 000 UI/G,0.0
KETODERM,Ketoconazole,2%,0.0
TERBINAN,TERBINAFINE CHLORHYDRATE,1%,0.0
TERBINAMEX,"TERBINAFINE
CHLORHYDRATE",1%,0.0
DERMAFINE,TERBINAFINE CHLORHYDRATE,1%,0.0
TERBIL,"TERBINAFINE
CHLORHYDRATE",1%,0.0
TERCYD,"TERBINAFINE
CHLORHYDRATE",1%,0.0
TERBIFINE,"TERBINAFINE
CHLORHYDRATE",1%,0.0
LAMIDAZ,"TERBINAFINE
CHLORHYDRATE",1%,0.0
TERFINEX,TERBINAFINE CHLORHYDRATE,1%,0.0
DERMOFIX,SERTACONAZOLE NITRATE,2%,0.0
LOCERYL,"AMOROLFINE
CHLORHYDRATE EXPRIME EN AMOROLFINE",5%,0.0
EXODERIL,"NAFTIFINE
CHLORHYDRATE",1%,0.0
EXODERIL,"NAFTIFINE
CHLORHYDRATE",1%,0.0
DERMOFIX,"SERTACONAZOLE
NITRATE",2%,0.0
SEBIPROX,CICLOPIROXOLAMINE,"1,5%",0.0
DANDREX,Ketoconazole,2%,0.0
VAVO SHAMPOO,Ketoconazole,2%,0.0
KETOCONAZOLE NOVAGENERICS,Ketoconazole,2%,0.0
MYCODERM,CICLOPIROX OLAMINE,1% ( 1g/100 g),0.0
MYCOSTER,CICLOPIROX OLAMINE,1%,0.0
MYCOSTER,CICLOPIROX OLAMINE,1%,0.0
MYCOSTER,CICLOPIROX,8%,0.0
LAMINOX,"TERBINAFINE
CHLORHYDRATE",1%,0.0
LAMISIL,"TERBINAFINE
CHLORHYDRATE",1%,0.0
TERBIDAL 1%,TERBINAFINE CHLORHYDRATE,1%,0.0
"LAMISIL
DERMGEL",TERBINAFINE,1%,0.0
"LAMISILATE
MONODOSE","TERBINAFINE
CHLORHYDRATE",1%,0.0
DERMOFIX,"SERTACONAZOLE
NITRATE",2%,0.0
NOVACLOVIR,ACICLOVIR,5%,0.0
CLOVIRAX,ACICLOVIR,5%,0.0
VIRODAL,ACICLOVIR,5%,0.0
VIRAVIR,ACICLOVIR,5%,0.0
WARTEC,PODOPHYLLOTOXINE,0.15%,0.0
EURAXYL,CROTAMITON,10%,0.0
PRURAX,CROTAMITON,10%,0.0
CELETASONE,"BETAMETHASONE DIPROPIONATE EXPRIME EN
BETAMETHASONE",0.05%,0.0
BETADERME,BETAMETHASONE,0.1%,0.0
"BETAMETHASONE
NOVAGENERICS","BETAMETHASONE
DIPROPIONATE",0.05%,0.0
DIPROSONE,BETAMETHASONE,0.05%,0.0
BETASONE,BETAMETHASONE DIPROPIONATE EXPRIME EN BETAMETHASONE,0.05%,0.0
BETAMETHASONE NOVAGENERICS,BETAMETHASONE DIPROPIONATE EXPRIME EN BETAMETHASONE,0.05%,0.0
BETAPROSONE,BETAMETHASONE DIPROPIONATE EXPRIME EN BETAMETHASONE,0.05%,0.0
DIPROSONE,"BETAMETHASONE
BEDTIPARMOEPTIHOANSAOTNE E",0.05%,0.0
DERMASONE,DIPROPIONATE,0.05%,0.0
BETSOL,BETAMETHASONE,0.05%,0.0
DIPROSONE,"BETAMETHASONE
DIPROPIONATE EXPRIME EN",0.05%,0.0
BETAMETHASONE-ACIDE SALICYLIQUE NOVAGENERICS,BETAMETHASONE DIPROPIONATE EXPRIME EN BETAMETHASONE / ACIDE SALICYLIQUE,"0,05G/3G/100G",0.0
BETACYL,"BETAMETHASONE
DIPROPIONATE","0,05G%/3G%",0.0
DIPROSALIC,"BETAMETHASONE
DIPROPIONATE","0,05%/3%",0.0
LOCAPRED,DESONIDE,100MG/100G,0.0
LOCATOP,DESONIDE,0.1%,0.0
DESACROVIS,DEXAMETHASONE,"0,050G/100G (OU
0,05%)",0.0
CORTEN,HYDROCORTISONE (SOUS FORME D'ACETATE)**,1%**,0.0
CORTIDERM,HYDROCORTISONE,1%,0.0
EFFICORT LIPOPHILE,HYDROCORTISONE ACEPONATE,0.127%,0.0
EFFICORT HYDROPHILE,HYDROCORTISONE ACEPONATE,0.127%,0.0
LOCOID,"HYDROCORTISONE
(SOUS FORME D'HYDROCORTISONE 17-",0.1%,0.0
LOCOID,"HYDROCORTISONE  (SOUS FORME D'HYDROCORTISONE 17-
BUTYRATE)**",0.1%,0.0
LOCOID,"HYDROCORTISONE  (SOUS FORME D'HYDROCORTISONE 17-
BUTYRATE)**",0.1%,0.0
LOCOID,"HYDROCORTISONE  (SOUS FORME D'HYDROCORTISONE 17-
BUTYRATE)**",0.1%,0.0
CORTISAF,"MOMETASONE (SOUS
FORME DE FUROATE)**",0.10%,0.0
CORTISAF,MOMETASONE (SOUS FORME DE FUROATE)**,0.10%,0.0
CORSALIC,MOMETASONE FUROATE MONOHYDRATE / ACIDE SALICYLIQUE,"0,1%/ 5%",0.0
TABETA,"BETAMETHASONE
VALERATE EXPRIME EN",0.1%,0.0
BETAMETHASONE NOVAGENERICS,"BETAMETHASONE
DIPROPIONATE EXPRIME EN",0.1%,0.0
BETASONE,"BETAMETHASONE
DIPROPIONATE EXPRIME EN",0.1%,0.0
ZETA-CORT,"BETAMETHASONE
VALERATE EXPRIME EN BETAMETHASONE /","0,1%/2%",0.0
CLOTASOL,"CLOBETASOL
PROPIONATE","0,05%",0.0
CLOBECORT,CLOBETASOL PROPIONATE,"0,05%",0.0
CLOTASOL,"CLOBETASOL
PROPIONATE","0,05%",0.0
CLOTASOL,"CLOBETASOL
PR   PIONATE",0.05%,0.0
CLOBECORT,"CLOBETASOL
PROPIONATE",0.05%,0.0
PROCLO JAM,"CLOBETASOL
PROPIONATE",0.05%,0.0
PEITEL,PREDNICARBATE,0.25%,0.0
LEUCODININE B,MEQUINOL,10%,0.0
CORIFUGE,ACIDE SALICYLIQUE,10%,0.0
CURACNE 10MG,ISOTRETINOINE,10MG,0.0
AKNETT,ISOTRETINOINE,10MG,0.0
AKNETT,ISOTRETINOINE,20MG,0.0
CURACNE  20MG,ISOTRETINOINE,20MG,0.0
RETANE 20,ISOTRETINOINE,20MG,0.0
DAIVONEX,CALCIPOTRIOL,50µG/G,0.0
DAIVONEX,CALCIPOTRIOL,50µG/G,0.0
DAIVONEX,CALCIPOTRIOL,50µG/G,0.0
DUOFILM,ACIDE SALICYLIQUE / ACIDE LACTIQUE,"16,7G/16,7G/100 G",0.0
CURACNE  5MG,ISOTRETINOINE,5MG,0.0
CEVLODIL,CETRIMIDE,"0,5%",0.0
HEXADERM,"HEXAMIDINE DI-
ISETHIONATE",0.1%,0.0
ISOMEDINE,"HEXAMIDINE DI-
ISETHIONATE",0.1%,0.0
HEXADERM,HEXAMIDINE DI-ISETHIONATE,"0,1%",0.0
HEXOMEDINE,HEXAMIDINE,"0,15%",0.0
ACIDERM,OXYQUINOLEINE/ACIDE SALICYLIQUE/ LAURYLSULFATE DE SODIUM/ACIDE TARTRIQUE,"0,1G/0,2G/2G/0,1 G/0,7G/ 100ML",0.0
"PERMANGANATE
DE POTASSIUM","PERMANGANATE DE
POTASSIUM",250MG,0.0
IODACRYL,POLYVIDONE IODEE,4%,0.0
BETADINE SCRUB,POLYVIDONE IODEE,4%,0.0
GETADINE,POLYVIDONE IODEE,10%,0.0
BETADERM,POLYVIDONE IODEE,10%,0.0
DERMADINE,POLYVIDONE IODEE,10%,0.0
POLYLAD,POLYVIDONE IODEE,10%,0.0
SEPTIDINE,POLYVIDONE IODEE,10%,0.0
BETADERMINE,POLYVIDONE IODEE,10%,0.0
POVIP,POLYVIDONE IODEE,10%,0.0
FLAMAZOLE,SULFADIAZINE ARGENTIQUE,1%,0.0
SULFAZINE,"SULFADIAZINE
ARGENTIQUE",1%,0.0
SULFADIAZINE NOVAGENERICS,SULFADIAZINE ARGENTIQUE,1%,0.0
DERMOCUIVRE,"SULFATE DE CUIVRE /
OXYDE DE ZINC","0,2% / 10%",0.0
BIAFINE,TROLAMINE PURE,"0,670G/100G",0.0
HEBERMIN,"FACTEUR DE
CROISSANCE","0,001G/1G",0.0
BOROSTYROL,"THYMOL /
LEVOMENTHOL / SALOL","0,90G/0,60G/1,34
G/100G",0.0
DERMOBACTER,CHLORHEXIDINE DIGLUCONATE/ BENZALKONIUM CHLORURE,"0,2G/0,5G/100ML",0.0
BETAIODINE,POLYVIDONE IODEE,5%,0.0
ALCOOL IODE 1% RPP,IODE BISUBLIME / ALCOOL ETHYLIQUE,1%,0.0
ALCOOL IODEE 1%,"IODE BISUBLIME /
ALCOOL ETHYLIQUE",1%,0.0
HYSADRIL ALCOOLIQUE,"CHLORHEXIDINE DIGLUCONATE EXPRIME
EN CHLORHEXIDINE",0.50%,0.0
LOTIBIOL,BENZOATE DE BENZYLE,10%,0.0
ASCALOL,BENZOATE DE BENZYLE,25G/100G,0.0
DAIVOBET,CALCIPOTRIOL HYDRATE EXPRIME EN CALCIPOTRIOL / BETAMETHASONE DIPROPIONATE EXPRIME EN BETAMETHASONE,"50µG/0,5MG/G",0.0
DEXERYL,GLYCEROL / VASELINE / PARAFFINE LIQUIDE,15G/8G/2G/100G,0.0
DOTAREM,"GADOTERATE DE
MEGLUMINE","0,5MMOL/ML",0.0
GADOVIST,GADOBUTROL,"604,72MG/ML
(SOIT 157,25MG/ML EN",0.0
GASTROGRAFINE,"AMIDOTRIZOATE DE SODIUM / AMIDOTRIZOATE DE
MEGLUMINE",I =370MG/ML (10G/66G/100ML),0.0
OMNIPAQUE,IOHEXOL,I =300MG/ML,0.0
CONTRAPAQUE 300,IOHEXOL,I =300MG/ML (647MG/ML),0.0
OMNIPAQUE,IOHEXOL,I =350MG/ML,0.0
CONTRAPAQUE 350,IOHEXOL,"755MG/ML (I
=350MG/ML)",0.0
PAMIDOL 300,IOPAMIDOL,I =300MG/ML,0.0
PAMIDOL 370,IOPAMIDOL,I =370MG/ML,0.0
TELEBRIX 30 MEGLUMINE,IOXITALAMATE DE MEGLUMINE,"660,3MG/ML (I=300MG/ML)",0.0
ULTRAVIST 300,IOPROMIDE,"623,4MG/ML (TENEUR EN IODE 300MG/ML)",0.0
ULTRAVIST 370,IOPROMIDE,"768,86MG/ML
(TENEUR EN IODE",0.0
XENETIX 300,IOBITRIDOL,I=300MG/ML,0.0
XENETIX 350,IOBITRIDOL,I=350MG/ML,0.0
TELEBRIX 35,"IOXITALAMATE DE
MEGLUMINE  /","650,9MG/96,6MG
/ML",0.0
HEXABRIX 320,"IOXAGLATE DE SODIUM
ET DE MEGLUMINE",I=320MG/ML,0.0
PERSANTINE,DIPYRIDAMOLE,10MG/2ML,0.0
THYROGEN,THYROTROPINE ALFA,"0,9MG",0.0
ANDROCUR,CYPROTERONE ACETATE,50MG,0.0
TESTO ENANT,"TESTOSTERONE
(ENAN  HATE)",250MG/ML,0.0
"ANDRIOL
TESTOCAPS","TESTOSTERONE
UNDECANOATE",40MG,0.0
LETROZOLE CINFA,LETROZOLE,"2,5MG",0.0
FEMARA,LETROZOLE,"2,5MG",0.0
LETRODEX,LETROZOLE,"2,5MG",0.0
FEMAZOL,LETROZOLE,"2,5MG",0.0
CASODEX,BICALUTAMIDE,50MG,0.0
"BICALUTAMIDE
CINFA",BICALUTAMIDE,50MG,0.0
BICADEX,BICALUTAMIDE,50MG,0.0
AROMASINE,EXEMESTANE,25MG,0.0
"TAMOXIFEN
EBEWE 10MG",TAMOXIFENE,10MG,0.0
NOLVADEX,TAMOXIFENE,10MG,0.0
"TAMOXIFEN
EBEWE 20MG",TAMOXIFENE,20MG,0.0
NOLVADEX,TAMOXIFENE,20MG,0.0
ONCOTAM,TAMOXIFENE,20MG,0.0
LIVIAL,TIBOLONE,"2,5MG",0.0
ARIMIDEX,ANASTROZOLE,1MG,0.0
"ANASTROZOLE
CINFA",ANASTROZOLE,1MG,0.0
GERDOL,ANASTROZOLE,1MG,0.0
ANASTRODEX,ANASTROZOLE,1MG,0.0
DANATROL,DANAZOL,200MG,0.0
MEDOCRIPTINE,BROMOCRIPTINE,"2,5MG",0.0
PARLODEL,BROMOCRIPTINE,"2,5MG",0.0
CABERNEX,CABERGOLINE,"0,5MG",0.0
DOSTINEX,CABERGOLINE,"0,5MG",0.0
CROVIMAZOLE,CARBIMAZOLE,5MG,0.0
ATHYROZOL,CARBIMAZOLE,5MG,0.0
CARBIMAZOLE GS,CARBIMAZOLE,5MG,0.0
BASDENE,BENZYLTHIOURACILE,25MG,0.0
DECA-DURABOLIN,NANDROLONE DECANOATE,50MG/ML,0.0
OESTRODOSE,ESTRADIOL,60MG/100G,0.0
OESTROGEL,ESTRADIOL,60MG/100G,0.0
PROGYNOVA 2,ESTRADIOL (VALERATE),2MG,0.0
OVESTIN,ESTRIOL,1MG,0.0
HUPPROSTENE,"BETAMETHASONE
DIPROPIONATE EXPRIME EN",5MG/2MG/1ML,0.0
DIPROSTENE,"BETAMETHASONE
DIPROPIONATE EXPRIME EN BETAMETASONE / BETAMETHASONE",5MG/2MG/SERIN GUE,0.0
HELESTENE CHRONODOSE,"BETAMETHASONE
ACETATE EXPRIME EN BETAMETHASONE /","2,7MG/3MG/ML",0.0
"CELESTENE
CHRONODOSE","BETAMETHASONE
(ACETATE) /","2,7MG/3MG/AMP
.",0.0
DEFLAMBETA,BETAMETHASONE,"0,5MG",0.0
BETABIO,BETAMETHASONE,"0,5MG/ML (0,05%)",0.0
CELETASONE,BETAMETHASONE,"0,5MG/ML (0,05%)",0.0
TABETA,BETAMETHASONE,"0,5MG/ML (0,05%)",0.0
BETACROVIS,BETAMETHASONE,"0,5MG/ML
(0,05%)",0.0
HEET,BETAMETHASONE,"0,5MG/ML
(0,05%)",0.0
BETASTENE,BETAMETHASONE,"0,5MG/ML (0,05%)",0.0
LADERZONE,BETAMETHASONE,"0,5MG/ML
(0,05%)",0.0
BETAPROSONE,BETAMETHASONE,"0,5MG/ML
(0,05%)",0.0
B-CORTOSONE,BETAMETHASONE,"0,5MG/ML
(0,05%)",0.0
BETASONE,BETAMETHASONE,"0,5MG/ML (0,05%)",0.0
"BETAMETHASONE
PHYSIOPHARM",BETAMETHASONE,"0,5MG/ML
(0,05%)",0.0
CELESTENE,BETAMETHASONE,"0,5MG/ML
(0,05%)",0.0
LESTONE,BETAMETHASONE,"0,5MG/ML
(0,05%)",0.0
BETASTENE,BETAMETHASONE,"0,5MG/ML (0,05%)",0.0
DEXAMETYD,"DEXAMETHASONE
PHOSPHATE SODIQUE EXPRIME EN DEXAMETHASONE",4MG/ML,0.0
DEXASONE,DEXAMETHASONE,4MG/ML,0.0
DESACROVIS,DEXAMETHASONE,"0,5MG",0.0
DEXAL,DEXAMETHASONE,"0,5MG",0.0
RAPICORT,"HYDROCORTISONE
SUCCINATE SODIQUE","100MG/AMP. DE
LYOPH;",0.0
HYDROCORTAL,HYDROCORTISONE SUCCINATE SODIQUE EXPRIME EN HYDROCORTISONE,100MG/FL. DE LYOPH.,0.0
HYCOSONE,HYDROCORTISONE,10MG,0.0
CORTINOVA,HYDROCORTISONE,10MG,0.0
"HYDROCORTISON
E IVAL",HYDROCORTISONE,10MG,0.0
HYDROCORTISON E ROUSSEL,HYDROCORTISONE,10MG,0.0
LEMOD-SOLU,METHYLPREDNISOLONE SUCCINATE DE SODIUM EXPRIME EN METHYLPREDNISOLONE,20MG,0.0
LISAMETHYLE,METHYLPREDNISOLONE SUCCINATE SODIQUE EXPRIME EN METHYLPREDNISOLONE,20MG/FL. DE LYOPH.**,0.0
PREDNOL - L,METHYLPREDNISOLONE,20MG,0.0
SOLU-MEDROL,METHYLPREDNISOLONE,20MG/2ML,0.0
MEPRENAL,METHYLPREDNISOLONE,20MG,0.0
METHYLPREDNIS OLONE MYLAN,METHYLPREDNISOLONE HEMISUCCINATE EXPRIME EN METHYLPREDNISOLONE,20MG/FL. DE PDRE.,0.0
INPREDNI 40,"METHYLPREDNISOLONE
SUCCINATE SODIQUE","40MG/FL. DE
PDRE.",0.0
LEMOD-SOLU,"METHYLPREDNISOLONE SUCCINATE SODIQUE EXPRIME EN
METHYLPREDNISOLONE",40MG/FL. DE LYOPH.,0.0
LISAMETHYLE,METHYLPREDNISOLONE SUCCINATE SODIQUE EXPRIME EN METHYLPREDNISOLONE,40MG/FL. DE PDRE,0.0
PREDNOL - L,METHYLPREDNISOLONE,40MG,0.0
"METHYLPREDNIS
OLONE MYLAN","METHYLPREDNISOLONE
HEMISUCCINATE","40MG/FL. DE
PDRE.",0.0
SOLU-MEDROL,METHYLPREDNISOLONE,40MG,0.0
MEPRENAL,METHYLPREDNISOLONE,40MG,0.0
LISAMETHYLE,"METHYLPREDNISOLONE
** (SOUS FORME DE","120MG/FL. DE
PDRE.**",0.0
METHYLPREDNIS ONE MYLAN,METHYLPREDNISOLONE HEMISUCCINATE EXPRIME EN METHYLPREDNISOLONE,120MG/FL. DE PDRE.,0.0
SOLU-MEDROL,METHYLPREDNISOLONE,120MG/2ML,0.0
TERAPRED,METHYLPREDNISOLONE,4MG,0.0
MP4,METHYLPREDNISOLONE,4MG,0.0
HUPPOMEDROL,METHYLPREDNISOLONE,4MG,0.0
PREDNOL,METHYLPREDNISOLONE,4MG,0.0
MEDROL,METHYLPREDNISOLONE,4MG,0.0
REDNILEF,"PREDNISOLONE
METASULFOBENZOATE",5MG,0.0
CORTIPRED,"PREDNISOLONE
METPARSEUDLNFIOSOBELNOZNOEATE",20MG,0.0
REDNILEF,METASULFOBENZOATE SODIQUE EXPRIME EN,20MG,0.0
PRECORTYL,PREDNISONE,5MG,0.0
NADCORTYL,PREDNISONE,5MG,0.0
CRONOLONE,TRIAMCINOLONE,4MG,0.0
CORTORAL,TRIAMCINOLONE,4MG,0.0
LEMOD-DEPO,"METHYLPREDNISOLONE
ACETATE",40MG/ML,0.0
LISAMETACE,"METHYLPREDNISOLONE
ACETATE",40MG/ML,0.0
"KENACORT
RETARD","TRIAMCINOLONE
ACETONIDE",40MG,0.0
"HUPPACORT
RETARD","TRIAMCINOLONE
ACETONIDE",40MG/ML,0.0
LISATRIAM,"TRIAMCINOLONE
ACETONIDE",40MG/ML,0.0
"OBARCORT
RETARD","TRIAMCINOLONE
ACETONIDE",40MG,0.0
MP 16,METHYLPREDNISOLONE,16MG,0.0
TERAPRED,METHYLPREDNISOLONE,16MG,0.0
HUPPOMEDROL,METHYLPREDNISOLONE,16MG,0.0
MEDROL,METHYLPREDNISOLONE,16MG,0.0
PREDNOL,METHYLPREDNISOLONE,16MG,0.0
BETABIO,BETAMETHASONE,2MG,0.0
CELETASONE,BETAMETHASONE,2MG,0.0
CELESTENE,BETAMETHASONE,2MG,0.0
BETASONE,BETAMETHASONE,2MG,0.0
METHYLPREDNIS OLONE MYLAN,"METHYLPREDNISOLONE
HEMISUCCINATE EXPRIME EN",1G/FL. DE PDRE.,0.0
SWOR,PREDNISOLONE,5MG,0.0
DEPRISOLE,"PREDNISOLONE METASULFOBENZOATE SODIQUE EXPRIME EN
PREDNISOLONE",5MG,0.0
OROPRED,PREDNISOLONE,5MG,0.0
PREDNAMEX,PREDNISOLONE,5MG,0.0
PREDNICORT,PREDNISOLONE,5MG,0.0
SOLUPRED ORO,PREDNISOLONE METASULFOBENZOATE SODIQUE EXPRIME EN PREDNISOLONE,5MG,0.0
PREDNISOLONE MM ORO,PREDNISOLONE METASULFOBENZOATE SODIQUE EXPRIME EN PREDNISOLONE,5MG,0.0
PHYSIOLONE,PREDNISOLONE,5MG,0.0
SWOR,PREDNISOLONE,20MG,0.0
CORTIPRED ORO,"PREDNISOLONE
METASULFOBENZOATE",20MG,0.0
DEPRISOLE,"PREDNISOLONE METASULFOBENZOATE DE SODIUM EXPRIME
EN PREDNISOLONE",20MG,0.0
SOLUGé,PREDNISOLONE,20MG,0.0
SOLOPRED HUP,PREDNISOLONE,20MG,0.0
OROPRED,"PREDNISOLONE METASULFOBENZOATE SODIQUE EXPRIME EN
PREDNISOLONE",20MG,0.0
PREDNAMEX,PREDNISOLONE,20MG,0.0
"PREDNISOLONE
MM ORO","PREDNISOLONE
METASULFOBENZOATE",20MG,0.0
PREDNICORT,PREDNISOLONE,20MG,0.0
PHYSIOLONE,PREDNISOLONE,20MG,0.0
SOLUPRED ORO,"PREDNISOLONE
METASULFOBENZOATE",20MG,0.0
PREDNAL,"PREDNISOLONE
METASULFOBENZOATE",20MG,0.0
BETASONE,BETAMETHASONE,"0,5MG",0.0
BETASONE,BETAMETHASONE,1MG,0.0
PRECORTYL,PREDNISONE,10MG,0.0
PRECORTYL,PREDNISONE,20MG,0.0
OROPRED,PREDNISOLONE,30MG,0.0
CORTIDAL,"PREDNISOLONE
METASULFOBENZOATE SODIQUE EXPRIME EN",1MG/ML,0.0
PHYSIOLONE,PREDNISOLONE,1MG/ML,0.0
MINIRIN SPRAY,DESMOPRESSINE ACETATE TRIHYDRATE,"0,1MG/ML (10µG/DOSE)",0.0
"GONADOTROPHIN E CHORIONIQUE"" ENDO """,GONADOTROPHINE CHORIONIQUE HUMAINE,5000UI,0.0
MENOPUR,"MENOTROPINE OU
HORMONE GONADOTROPHINE POST MENOPAUSIQUE HUMAINE HMG",75UI FSH / 75UI LH,0.0
DECAPEPTYL,TRIPTORELINE,"0,1MG/ML",0.0
"DECAPEPTYL LP 3,75MG","TRIPTORELINE ACETATE
EXPRIME EN TRIPTORELINE","3,75MG",0.0
ZOLADEX,"GOSERELINE ACETATE EXPRIME EN
GOSERELINE","3,6MG",0.0
PUREGON,FOLLITROPINE BETA (HORMONE FOLLICULO-STIMULANTE- (FSH) RECOMBINANTE),"100UI/ML (50UI/0,5ML)",0.0
PUREGON,"FOLLITROPINE BETA
(HORMONE FOLLICULO-STIMULANTE- (FSH)","200UI/ML (100UI/0,5ML)",0.0
GONAL-F,FOLLITROPINE ALFA (HORMONE FOLLICULOSTIMULATE HUMAINE RECOMBINANTE (FSH RECOMBINANTE)),"75UI/ML (5,5μG/ML)",0.0
ZOLADEX,GOSERELINE ACETATE EXPRIME EN GOSERELINE,"10,8MG",0.0
OVITRELLE,CHORIOGONADOTROPI NE ALFA (HCG RECOMBINANTE),"250µG/0,5ML (6500UI/0,5ML)",0.0
SAIZEN CLICKEASY,SOMATROPINE OU HORMONE DE CROISSANCE HUMAINE RECOMBINANTE,"8MG/1,37ML",0.0
NORDITROPINE NORDILET,SOMATROPINE,"5MG/1,5ML",0.0
CETROTIDE,"CETRORELIX ACETATE
EXPRIME EN","0,25MG/FL. DE
PDRE",0.0
CETROTIDE,CETRORELIX ACETATE EXPRIME EN CETRORELIX,"3,00MG/FL. DE PDRE",0.0
GONAL-F,"FOLLITROPINE ALFA
(HORMONE FOLLICULOSTIMULATE HUMAINE RECOMBINANTE (FSH","300UI/0,5ML (22µG/0,5ML)",0.0
GONAL-F,"FOLLITROPINE ALFA (OU
HORMONE FOLLICULOSTIMULATE HUMAINE RECOMBINANTE - FSH","450UI/0,75ML (33µG/0,75ML)",0.0
GONAL-F,"FOLLITROPINE ALFA
(HORMONE","900UI/1,5ML
(66µG/1,5ML)",0.0
MINIRINMELT,DESMOPRESSINE,60µG/LYOPH.,0.0
PUREGON,"FOLLITROPINE BETA
(HORMONE FOLLICULO-","300UI/0,36ML",0.0
PUREGON,"FOLLITROPINE BETA
(HORMONE FOLLICULO-","600UI/0,72ML",0.0
BERLTHYROX,"LEVOTHYROXINE
SODIQUE",50µG,0.0
LEVOTHYROX,"LEVOTHYROXINE
SODIQUE",50µG,0.0
BERLTHYROX,LEVOTHYROXINE SODIQUE,100µG,0.0
LEVOTHYROX,"LEVOTHYROXINE
SODIQUE",100µG,0.0
LEVOTHYROX,"LEVOTHYROXINE
SODIQUE",25µG,0.0
LEVOTHYROX,"LEVOTHYROXINE
SODIQUE",75µG,0.0
CLOMIDINE,CLOMIFENE CITRATE,50MG,0.0
CLOMID,CLOMIFENE CITRATE,50MG,0.0
CROVIFENE,CLOMIFENE CITRATE,50MG,0.0
CLOMIFERT,CLOMIFENE CITRATE,50MG,0.0
CITAL,CLOMIFENE CITRATE,50MG,0.0
CLOMID,CLOMIFENE FUMARATE,50MG,0.0
DUPHASTON,DYDROGESTERONE,10MG,0.0
"PROGESTERONE
RETARD PHARLON","HYDROXYPROGESTERO
NE CAPROATE",500MG/2/ML,0.0
ORGAMETRIL,LYNESTRENOL,5MG,0.0
PROGESTOGEL,PROGESTERONE,1G%,0.0
UTROGESTAN,"PROGESTERONE
NATURELLE",100MG,0.0
PROGEVA,PROGESTERONE,100MG,0.0
"PROGESTERONE
MYLAN",PROGESTERONE,100MG,0.0
EVAPAUSE,PROGESTERONE MICRONISEE,100MG,0.0
UTROGESTAN,PROGESTERONE MICRONISEE,200MG,0.0
PROGEVA,PROGESTERONE,200MG,0.0
DIANE 35,CYPROTERONE / ETHINYLESTRADIOL,2MG /35µG,0.0
OCTREOTIDE BIOINDUSTRIA L.I.M,OCTREOTIDE ACETATE,100µG/ML,0.0
OCTREOTIDE BIOINDUSTRIA L.I.M,OCTREOTIDE ACETATE,500µG/ML,0.0
SOMATULINE LP,LANREOTIDE,30MG,0.0
SOMATULINE LP,LANREOTIDE ACETATE EXPRIME EN LANREOTIDE,"60MG/SERING. DE
0,5ML",0.0
SOMATULINE LP,LANREOTIDE ACETATE EXPRIME EN LANREOTIDE,"90MG/SERING. DE
0,5ML",0.0
SOMATULINE LP,LANREOTIDE ACETATE EXPRIME EN LANREOTIDE,"120MG/SERING. DE 0,5ML",0.0
MIMPARA,"CINACALCET CHLORHYDRATE EXPRIME EN
CINACALCET",30MG,0.0
ENDOLET,"CINACALCET CHLORHYDRATE EXPRIME EN
CINACALCET",30MG,0.0
MIMPARA,"CINACALCET
CHLORHYDRATE EXPRIME EN",60MG,0.0
ENDOLET,"CINACALCET CHLORHYDRATE EXPRIME EN
CINACALCET",60MG,0.0
MIMPARA,"CINACALCET
CHLORHYDRATE EXPRIME EN",90MG,0.0
ENDOLET,CINACALCET CHLORHYDRATE EXPRIME EN CINACALCET,90MG,0.0
ANTAG,OMEPRAZOLE,20MG,0.0
LOMZOLE BGL,OMEPRAZOLE,20MG,0.0
LOMAC,OMEPRAZOLE,20MG,0.0
OMED-20,OMEPRAZOLE,20MG,0.0
OMEDAR,OMEPRAZOLE,20MG,0.0
OMEPRAZOLE GEBER,OMEPRAZOLE,20MG,0.0
GASEC-20,OMEPRAZOLE,20MG,0.0
OMIND,OMEPRAZOLE,20MG,0.0
OPRACIDE,OMEPRAZOLE,20MG,0.0
OMEPRAMEX,OMEPRAZOLE,20MG,0.0
ZIMOR,OMEPRAZOLE,20MG,0.0
OMEPRAZOLE MM,OMEPRAZOLE,20MG,0.0
NEOGASTRIC,OMEPRAZOLE,20MG,0.0
OMEPRAZOLE NOVAGENERICS,OMEPRAZOLE,20MG,0.0
OMEPRAZOLE IVAL,OMEPRAZOLE,20MG,0.0
PROTON,OMEPRAZOLE,20MG,0.0
PROZOL,OMEPRAZOLE,20MG,0.0
RATIDEX,RANITIDINE CHLORHYDRATE EXPRIME EN RANITIDINE,25MG/ML (50MG/2ML),0.0
AZANTAC,RANITIDINE CHLORHYDRATE EXPRIME EN RANITIDINE,50MG/2ML,0.0
ROLAN,RANITIDINE CHLORHYDRATE EXPRIME EN RANITIDINE,25MG/ML (50MG/2ML),0.0
RANITEX,RANITIDINE,"50MG/2ML (OU
25MG/ML)",0.0
RANITIDAL,RANITIDINE CHLORHYDRATE EXPRIME EN RANITIDINE,25MG/ML (50MG/2ML)**,0.0
APITIDINE,"RANITIDINE CHLORHYDRATE
EXPRIME EN RANITIDINE",150MG,0.0
RANICARE,RANITIDINE CHLORHYDRATE EXPRIME EN RANITIDINE,150 MG,0.0
RANIMEX,"RANITIDINE
CHLORHYDRATE",150MG,0.0
RANITIDINE MABO,RANITIDINE CHLORHYDRATE EXPRIME EN RANITIDINE,150MG,0.0
RANITEX,RANITIDINE,150MG,0.0
LATIDINE,"RANITIDINE CHLORHYDRATE
EXPRIME EN RANITIDINE",150MG,0.0
RANITIDAL,RANITIDINE CHLORHYDRATE,150 MG,0.0
LOMAC,OMEPRAZOLE SODIQUE EXPRIME EN OMEPRAZOLE,40MG,0.0
RISEK,OMEPRAZOLE SODIQUE EXPRIME EN OMEPRAZOLE,40MG/FL. DE PDRE.,0.0
OPRACIDE,OMEPRAZOLE SODIQUE EXPRIME EN OMEPRAZOLE,40MG/FL. DE PDRE.,0.0
IPPROTON,OMEPRAZOLE SODIQUE EXPRIME EN OMEPRAZOLE,40MG,0.0
APITIDINE,RANITIDINE CHLORHYDRATE EXPRIME EN RANITIDINE,300MG,0.0
RANIMEX,"RANITIDINE
CHLORHYDRATE EXPRIME EN RANITIDINE",300MG,0.0
RANITEX,"RANITIDINE CHLORHYDRATE
EXPRIME EN RANITIDINE",300MG,0.0
LATIDINE,"RANITIDINE CHLORHYDRATE
EXPRIME EN RANITIDINE",300MG,0.0
OMED RGO,OMEPRAZOLE,10MG,0.0
OMEPRAZOLE GEBER,OMEPRAZOLE,10MG,0.0
PROTON,OMEPRAZOLE,10MG,0.0
POTONEX,PANTOPRAZOLE SODIQUE EXPRIME EN PANTOPRAZOLE,40MG,0.0
PANTODAR,"PANTOPRAZOLE
SODIQUE EXPRIME EN",40MG,0.0
PANOP,"PANTOPRAZOLE SODIQUE SESQUIHYDRATE EXPRIME EN
PANTOPRAZOLE",40MG,0.0
APITIDINE,RANITIDINE,150MG,0.0
APITIDINE,RANITIDINE,300MG,0.0
LANSOPRAZOLE IVAL,LANSOPRAZOLE,30 MG,0.0
KENZOPRAZOL,Esoméprazole magnésium trihydrate exprimé en ésoméprazole,20MG,0.0
ESORAL,Esoméprazole magnésium trihydrate exprimé en ésoméprazole,20MG,0.0
PROXIUM,Esoméprazole magnésium trihydrate exprimé en ésoméprazole,20MG,0.0
LISINOX,"Esoméprazole
magnésium trihydrate",20MG,0.0
MESOPRAL,"Esoméprazole magnésium trihydrate exprimé en
ésoméprazole",20MG,0.0
ESORAL,"ESOMEPRAZOLE
MAGNESIUM TRIHYDRATE EXPRIME",40MG,0.0
PROXIUM,Esoméprazole magnésium trihydrate exprimé en ésoméprazole,40MG,0.0
LISINOX,"Esoméprazole magnésium trihydrate exprimé en
ésoméprazole",40MG,0.0
INEXIUM,ESOMEPRAZOLE,40MG,0.0
LANZOCID,LANSOPRAZOLE,15MG,0.0
INEXIUM,ESOMEPRAZOLE SODIQUE EXPRIME EN ESOMEPRAZOLE,40MG/FL. DE PDRE.,0.0
ACIDRINE,"LAURYL SULFATE DE
MYRTECAINE / AMINOACETATE D'ALUMINIUM / SULFATE DE","2,50MG/250MG/
200MG",0.0
CARBOPHOS,CHARBON  VEGETAL,400MG,0.0
ANTAXID,HYDROXYDE D'ALUMINIUM / HYDROXYDE DE MAGNESIUM,"3,49G/3,99G/100 ML",0.0
SAILOX,"HYDROXYDE
D'ALUMINIUM /","3,50G/4,00G/100
ML",0.0
MAALOX MAUX D'ESTOMAC,HYDROXYDE D'ALUMINIUM / HYDROXYDE DE MAGNESIUM,"3,5G/4G/100ML",0.0
POLYSILANE DELALANDE,SIMETICONE / OXYDE D'ALUMINIUM HYDRATE,250MG/500MG,0.0
ESTROGEL,"OXYDE D'ALUMINIUM HYDRATE EXPRIME EN
OXYDE D'ALUMINIUM","1,212G/SACHET
DOSE (8,08G/SACHET",0.0
PHOSPHALUGEL,PHOSPHATE D'ALUMINIUM,20G,0.0
PHOSPHALUMINE,"PHOSPHATE
D'ALUMINIUM SOUS","2,47G/SACH.
(13,38G/SACH.",0.0
SMECTA ORANGE-VANILLE,DIOSMECTITE,3G/SACHET,0.0
DIOSMECTA,DIOSMECTITE,3G/SACHET,0.0
SMEDYL,DIOSMECTITE,3G/SACHET,0.0
SMECTA FRAISE,DIOSMECTITE,3G/SACHET,0.0
BEDELIX,MONTMORILLONITE BEIDELLITIQUE,3G,0.0
ACIFIX,"HYDROXYDE
D'ALUMINIUM /","175MG/200MG/5
ML",0.0
HYSALOX,"HYDROXYDE D'ALUMINIUM / HYDROXYDE DE
MAGNESIUM",525MG/600MG/S ACHET,0.0
CONTRACIDE,"HYDROXYDE
D'ALUMINIUM / TRISILICATE DE MAGNESIUM /","4MG/8MG/2MG/
100ML",0.0
PHOSPHALUGEL,PHOSPHATE D'ALUMINIUM,"61,90 G/100 G",0.0
METEOXANE,SIMETICONE / PHLOROGLUCINOL,125MG/80MG,0.0
PEPSANE,DIMETICONE/GAIAZULE NE,"3G/0,004G/SACH ET",0.0
MAALUS-ASIA,"HYDROXYDE D'ALUMINIUM/HYDROX
YDE DE MAGNESIUM",132MG/275MG,0.0
GAALOX,HYDROXYDE D'ALUMINIUM/HYDROX YDE DE MAGNESIUM,400MG/400MG,0.0
SAILOX,HYDROXYDE D'ALUMINIUM/HYDROX YDE DE MAGNESIUM,400MG/400MG,0.0
GAALOX PLUS,"HYDROXYDE
D'ALUMINIUM/HYDROX","200MG/200MG/2
5MG",0.0
ACTICARBINE,"PAPAVERINE
CHALOCIRUHMYDCRAARTBEO/NCHAATERB/",14MG/70MG,0.0
RENIBON,MAGNESIUM,680MG/80MG,0.0
RENNIE,CALCIUM CARBONATE  / MAGNESIUM CARBONATE LOURD,680MG/80MG,0.0
PEPSANE,DIMETICONE / GAIZULENE,300MG/4MG,0.0
CHARBONEL,CHARBON ACTIVE,300MG,0.0
"CHARBON ACTIVE
IVAL",CHARBON ACTIVE,300MG,0.0
"RENNIE
DEFLATINE","CALCIUM CARBONATE /
OXYCDAERBDO'ANLAUTMEIDNEIUM","680MG/80MG/25
MG",0.0
GASTRACIDE,HYDRATE / CARBONATE,"187MG/93MG/23
3MG",0.0
FREEGAS,SIMETICONE,80MG,0.0
XEFURYL,NIFUROXAZIDE,200MG,0.0
DYSENTYL,NIFUROXAZIDE,200MG,0.0
NIFUROXAZIDE IVAL,NIFUROXAZIDE,200MG,0.0
NIFUROXAZIDE PHYSIOPHARM,NIFUROXAZIDE,200MG,0.0
"NIFUROXAZIDE
AFRO",NIFUROXAZIDE,4%,0.0
DIAFEX,NIFUROXAZIDE,"220MG/5ML (OU
4%)",0.0
IFFUROXAZIDE,NIFUROXAZIDE,220MG/5ML,0.0
FUROXID,NIFUROXAZIDE,4%,0.0
NIFUROXAZIDE,NIFUROXAZIDE,4%,0.0
NIFUROXAZIDE PHYSIOPHARM,NIFUROXAZIDE,4%,0.0
NIFAZIDE,NIFUROXAZIDE,220MG/5ML,0.0
MEROXAZIDE,NIFUROXAZIDE,4%,0.0
INTETRIX,"TILIQUINOL/TILBROQUI
NOL",50MG/200MG,0.0
INTETRIX P,TILBROQUINOL,"3,28G/100G",0.0
RIABAL,PRIFINIUM BROMURE,"7,5MG/ML
(15MG/2ML)",0.0
TIMONAL,"TIEMONIUM
METHYLSULFATE",5MG/2ML,0.0
VISCERAL,"TIEMONIUM
METHYLSULFATE",20MG,0.0
TIMONAL,TIEMONIUM METHYLSULFATE,20MG,0.0
VISCERALENE,TIEMONIUM METHYLSULFATE,20MG,0.0
TIMOZINE,"TIEMONIUM
METHYLSULFATE",10MG/5ML,0.0
ISOSPALGINE,"TIEMONIUM
METHYLSULFATE",10MG/5ML,0.0
TIMADLINE,TIEMONIUM METHYLSULFATE,10MG/5ML,0.0
TIMONAL,TIEMONIUM METHYLSULFATE,10MG/5ML,0.0
SOMALGINE,"TIEMONIUM
METHYLSULFATE",10MG/5ML,0.0
RIABAL,PRIFINIUM BROMURE,"2MG/0,4ML",0.0
RIABAL,PRIFINIUM BROMURE,30MG,0.0
"RIABAL
COMPOUND","PRIFINIUM BROMURE /
PARACETAMOL",30MG/325MG,0.0
DESPAVINE,"Mebeverine
chlorhydrate",100MG,0.0
DUSPAVERINE,"Mebeverine
chlorhydrate",100MG,0.0
SPASCOL,"Mebeverine
chlorhydrate",100MG,0.0
SUMO,Mebeverine chlorhydrate,100MG,0.0
MEBEVERINE SAIDAL,Mebeverine chlorhydrate,100MG,0.0
DICETEL,PINAVERIUM BROMURE,50MG,0.0
"PINAVERIUM
NOVAGENERICS",PINAVERIUM BROMURE,50MG,0.0
SPASMODYL,"PHLOROGLUCINOL
HYDRATE/ TRIMETHYLPHLOROGLU","10MG/0,01MG/1
ML (40MG/0,04MG/4",0.0
PHLOCINAL,"PHLOROGLUCINOL HYDRATE/ TRIMETHYLPHLOROGLU
CINOL","10MG/0,01MG/1 ML (40MG/0,04MG/4
ML)",0.0
GESPASON,Phloroglucinol dihydraté,150MG,0.0
SPASMOL,Phloroglucinol dihydraté,150MG,0.0
SPASMINE,"PHLOROGLUCINOL /
TRIMETHYLPHLOROGLU",150MG/150MG,0.0
FLOSAS,"PHLOROGLUCINOL
HYDRATE /",150MG/150MG,0.0
DICETEL,PINAVERIUM BROMURE,100MG,0.0
PINATEL,PINAVERIUM BROMURE,100MG,0.0
PINAVERIUM GL,PINAVERIUM BROMURE,100MG,0.0
PINAVERIUM NOVAGENERICS,PINAVERIUM BROMURE,100MG,0.0
SPASMOL,Phloroglucinol dihydraté,80MG,0.0
OROSPASM,Phloroglucinol dihydraté,80MG,0.0
PHLOROXIM,Phloroglucinol dihydraté,80MG,0.0
PHLOROGLUCINO L BGL,Phloroglucinol dihydraté,80MG,0.0
SPASMODYL,Phloroglucinol dihydraté,80MG,0.0
PHLOROGLUCINO L HUP,Phloroglucinol dihydraté,80MG,0.0
SPASFOMEX,Phloroglucinol dihydraté,80MG,0.0
SPASLAM,Phloroglucinol dihydraté,80MG,0.0
SPACYL,Phloroglucinol dihydraté,80MG,0.0
PHLOROGLUCINO L MM,Phloroglucinol dihydraté,80MG,0.0
LEVOSPASME,Phloroglucinol dihydraté,80MG,0.0
PHLOROGLUCINO L IVAL,Phloroglucinol dihydraté,80MG,0.0
EUFOR,Phloroglucinol dihydraté,80MG,0.0
EUFOR,Phloroglucinol dihydraté,80MG,0.0
PHLOSPASM,Phloroglucinol dihydraté,80MG,0.0
DUSPAVERINE,Mebeverine chlorhydrate,200MG,0.0
DUSPATALIN,Mebeverine chlorhydrate,200MG,0.0
SPASCOL LP,Mebeverine chlorhydrate,200MG,0.0
SPALVERINE,Mebeverine chlorhydrate,200MG,0.0
METEOSPASMYL,ALVERINE/SIMETICONE,60MG/300MG,0.0
SPASMEFF,Phloroglucinol dihydraté,80MG,0.0
SPASMEX,Phloroglucinol dihydraté,10MG/ML (40MG/4ML),0.0
PHLOSPAM,Phloroglucinol dihydraté,160 MG,0.0
SPASMOL,Phloroglucinol dihydraté,160 MG,0.0
MODENUM,"METOCLOPRAMIDE
CHLORHYDRATE MONOHYDRATE EXPRIME EN CHLORHYDRATE DE",10MG/2ML,0.0
CLORAMID,METOCLOPRAMIDE,10MG /2ML,0.0
CLORAMID,METOCLOPRAMIDE,10MG,0.0
METOCAI,METOCLOPRAMIDE CHLORHYDRATE ANHYDRE,0.1%,0.0
METOCLAM,METOCLOPRAMIDE,0.1%,0.0
METOPRIN,METOCLOPRAMIDE CHLORHYDRATE ANHYDRE,0.1%,0.0
CLOPRAMID,"METOCLOPRAMIDE
CHLORHYDRATE",0.1%,0.0
PRIMPERAN,METOCLOPRAMIDE MONOCHLORHYDRATEE,0.1%,0.0
MOTIDONE,DOMPERIDONE,10MG,0.0
"DOMPERIDONE
BEKER",DOMPERIDONE,10MG,0.0
PERIDIUM,DOMPERIDONE,10MG,0.0
EMIDIUM HUP,"DOMPERIDONE
MALEATE EXPRIME EN",10MG,0.0
MOTILIUM,DOMPERIDONE,10MG,0.0
DOMPERONE,DOMPERIDONE,10MG,0.0
MERIDONE,DOMPERIDONE,10MG,0.0
EMETIKAN 10,DOMPERIDONE,10MG,0.0
NOZEUM,DOMPERIDONE,1MG/ML,0.0
DOMPERIDONE BGL,DOMPERIDONE,1MG/ML,0.0
DOMPERIDE,DOMPERIDONE,1MG/ML,0.0
PERIDIUM,DOMPERIDONE,1MG/ML,0.0
DOPRIN,DOMPERIDONE,1MG/ML,0.0
MEDILIUM,DOMPERIDONE,1MG/ML,0.0
MOTILIUM,DOMPERIDONE,1MG/ML,0.0
DOMPERIMEX,DOMPERIDONE,1MG/ML,0.0
MOTIDONE,DOMPERIDONE,1MG/ML,0.0
DOMPERIDONE LPA,DOMPERIDONE,1MG/ML,0.0
PERYDONE,DOMPERIDONE,1MG/ML,0.0
DOMPERONE,DOMPERIDONE,1MG/ML,0.0
PERIDYS,DOMPERIDONE,1MG/ML,0.0
NAUSEDIUM,DOMPERIDONE,1MG/ML,0.0
EMESET,ONDANSETRON,"2MG/ML (OU
4MG/2ML ET
8MG/4ML)",0.0
NOSITRON,ONDANSETRON CHLORHYDRATE DIHYDRATE EXPRIME EN ONDANSETRON,"2MG/ML** (OU
4MG/2ML)",0.0
ZOPHREN,ONDANSETRON,"2MG/ML (OU
4MG/2ML ET",0.0
SETRON,ONDANSETRON,"2MG/ML (OU
4MG/2ML ET",0.0
ZOFER,ONDANSETRON,"2MG/ML (OU
4MG/2ML ET",0.0
"TRIMEBUTINE-
AGD",TRIMEBUTINE MALEATE,100MG,0.0
"TRIMEBUTINE
BIOCARE",TRIMEBUTINE MALEATE,100MG,0.0
TRIMEBUTINE B,TRIMEBUTINE MALEATE,100MG,0.0
SAPBRIDATE,TRIMEBUTINE MALEATE,100MG,0.0
"TRIMEBUTINE
HUP",TRIMEBUTINE MALEATE,100MG,0.0
DEBRIDAT,TRIMEBUTINE MALEATE,100MG,0.0
COLOSTOP,TRIMEBUTINE MALEATE,100MG,0.0
TRANSACALM,TRIMEBUTINE MALEATE,100MG,0.0
TRIMEBUTINE IVAL,TRIMEBUTINE MALEATE,100MG,0.0
TRIMEBUTINE B,TRIMEBUTINE MALEATE,"0,787G/100G",0.0
DEBRITINE,TRIMEBUTINE MALEATE,"0,787G/100G (4,8MG/ML)",0.0
TRIMEDAT,TRIMEBUTINE,"24MG/5ML (0,7870G POUR 100G)",0.0
DEBRIDAT,TRIMEBUTINE,"0,7870G POUR
100G",0.0
SETREME,"ONDANSETRON
COHNLDOARNHSYEDTRRAOTNE",4MG,0.0
"ONDANSETRON
INPHA-MEDIS",CHLORHYDRATE,4MG,0.0
SETREME,"ONDANSETRON
CHLORHYDRATE",8MG,0.0
ONDANSETRON INPHA-MEDIS,"ONDANSETRON
CHLORHYDRATE DIHYDRATE EXPRIME EN",8MG,0.0
TRIMEDAT,TRIMEBUTINE,100MG,0.0
DIGESTAT,TRIMEBUTINE MALEATE,100MG,0.0
DEBRICALM,TRIMEBUTINE MALEATE,100MG,0.0
TRIMEBUTINE SAIDAL,TRIMEBUTINE MALEATE,"74,4MG/SACHET-DOSE",0.0
MEPRAMIDE,METOCLOPRAMIDE,10MG,0.0
METOPRAM,METOCLOPRAMIDE,10MG,0.0
NAUSEDIUM,DOMPERIDONE,10MG,0.0
NAUSETRON,"ONDANSETRON
CHLORHYDRATE",4MG/5ML,0.0
NOSITRON,"ONDANSETRON
CHLORHYDRATE",4MG/5ML,0.0
"TRIMEBUTINE
BIOCARE",TRIMEBUTINE MALEATE,200MG,0.0
TRIMEBUTINE B,TRIMEBUTINE MALEATE,200MG,0.0
TRIBEMEX,TRIMEBUTINE MALEATE,200MG,0.0
DIGESTAT,TRIMEBUTINE MALEATE,200MG,0.0
DEBRIDAT,TRIMEBUTINE MALEATE,200MG,0.0
COLOSTOP,TRIMEBUTINE MALEATE,200MG,0.0
TRIMEBUTINE SAIDAL NOURRISSONS,TRIMEBUTINE MALEATE,12MG,0.0
"TRIMEBUTINE SAIDAL ENFANTS
ET NOURRISSONS",TRIMEBUTINE MALEATE,24MG,0.0
NAUSETRON,ONDANSETRON,16 MG,0.0
"NOBAC ADULTE  -
NOBAC","ALGINATE DE SODIUM /
BICARBONATE DE","50MG/26,7MG/M
L",0.0
GASTRIUM,"ALGINATE DE SODIUM /
BICARBONATE DE","50MG/26,7MG/M
L",0.0
GAVISCON,"ALGINATE DE
SODIUM/BICARBONATE",,0.0
NOBAC,"ALGINATE DE SODIUM /
BICARBONATE DE","500 MG/267
MG/160 MG",0.0
DYAREX,"Lopéramide
Chlorhydrate",2MG,0.0
LOPEREX,"Lopéramide
Chlorhydrate",2MG,0.0
DIARYL,"Lopéramide
Chlorhydrate",2MG,0.0
LOPERAMIDE NS,"Lopéramide
Chlorhydrate",2MG,0.0
LOPESTIN,Lopéramide Chlorhydrate,2MG,0.0
LOPERIDAL,Lopéramide Chlorhydrate,2MG,0.0
DIMEPRA,"Lopéramide
Chlorhydrate",2MG,0.0
ULTRA-LEVURE,SACCHAROMYCES BOULARDII,200MG,0.0
ULTRA-LEVURE,"SACCHAROMYCES
BOULARDII",100MG,0.0
INPHADIUM,"Lopéramide
Chlorhydrate","0,2MG/ML",0.0
LOPESTIN,"Lopéramide
Chlorhydrate","0,2MG/ML",0.0
"TIOPAM
NOURISSONS",RACECADOTRIL,10MG/SACH.,0.0
"TIORFAN
NOURRISSON",RACECADOTRIL,10MG/SACH.,0.0
DOCATRIL,RACECADOTRIL,30MG/SACH.,0.0
TIOPAM ENFANT,RACECADOTRIL,30MG/SACH.,0.0
TIORFAN ENFANT,RACECADOTRIL,30MG/SACH.,0.0
TIORFAN,RACECADOTRIL,100MG,0.0
CREON,POUDRE DE PANCREAS,12 000 UI,0.0
EASYLACT,LACTULOSE,"66,5% ( 66,5
g/100ml)",0.0
LACTULOSE AGD,LACTULOSE,"66,7%",0.0
EZILAX,LACTULOSE,66.66%,0.0
INPHALAC,LACTULOSE,60.60%,0.0
ISOLACT,LACTULOSE,66.50%,0.0
LACTULOSE LPA,LACTULOSE,66.70%,0.0
TULOS,LACTULOSE,10G/15ML,0.0
FORTRANS,"POLYETHYLENE GLYCOL
4000 / SULFATE DE","64G/5,7G/1,68G/
1,46G/0,75G/SAC",0.0
LAXATOL,LACTULOSE,10G/15ML,0.0
LACTULOSE MYLAN,LACTULOSE,10G/15ML,0.0
LACTUNAD,LACTULOSE,10G/15ML,0.0
DUPHALAC,LACTULOSE,10G/15ML,0.0
FORLAX,MACROGOL 4000** (POLYETHYLENE GLYCOL 4000),10G/SACHET**,0.0
CONSTILAX,"MACROGOL 4000
M(PAOCLRYOEGTHOYLL3E3N5E0",10G/SACHET,0.0
GEOLAX,(POLYETHYLENE GLYCOL,"13,125G/0,1785G
/0,3507G/0,0466",0.0
EUCARBON,"CHARBON  VEGETAL / EXTRAIT DE RHUBARBE
/ FEUILLES DE SENE/SOUFRE PURIFIE","180MG / 25MG
/105MG/50 MG",0.0
SORBILAD,SORBITOL,3G/5ML,0.0
LAXADYL,BISACODYL,10MG,0.0
GYLAXA,BISACODYL,5MG,0.0
COLOCLEAN,"MACROGOL 3350
(POLYETHYLENE GLYCOL","59G/5,68G/1,68G
/1,64G/0,75G/SA",0.0
LAXADYL,BISACODYL,5MG,0.0
LAXEL,MAGNESIUM HYDROXYDE,"4,970G/5G",0.0
FORLAX 4G,MACROGOL 4000 (OU PEG=POLYETHYLENE GLYCOL 4000),4G/SACH.,0.0
PONCTUEL,PICOSULFATE DE SODIUM,"0,75G/100ML",0.0
PICOPREP,"PICOSULFATE DE
SODIUM/OXYDE DE","10MG/3,5MG/12
G /SACHET",0.0
NORGALAX,DOCUSATE SODIQUE,"0,12G/10G",0.0
REGULAX,DOCUSATE SODIQUE,"0,12G/10G",0.0
NORMACOL,GOMME DE STERCULIA,"61G/100G DE
GRLES.",0.0
ISOFFINE,"HUILE DE PARAFFINE
LIQUIDE","88,70G/100ML",0.0
LAXAFINE,"HUILE DE PARAFFINE
LIQUIDE","100ML/100ML
(100%)",0.0
"HUILE DE
PARAFFINE","HUILE DE PARAFFINE
LIQUIDE",99.70%,0.0
GLYCERIN,GLYCEROL,750MG,0.0
GLYCERINE,GLYCEROL,"1,2G",0.0
GLYCERINE LS ENFANT,GLYCEROL,"1,20G",0.0
GLYCERIN,GLYCEROL,"2,5G",0.0
"GLYCERINE
ADULTES",GLYCEROL,"1,8G",0.0
"GLYCERINE LS
ADULTE",GLYCEROL,"1,8G",0.0
"NORMACOL
LAVEMENT","DIHYDROGENOPHOSPH
ATE DE SODIUM","23,66G/10,40G/1
30ML",0.0
"NORMACOL
LAVEMENT","DIHYDROGENOPHOSPH
ATE DE SODIUM","10,92G/4,80G/60
ML",0.0
GLYCERINE,GLYCEROL,"0,72G",0.0
"GLYCERINE LS
BEBE",GLYCEROL,"0,72G",0.0
GLYCERINE BEBES,GLYCEROL,"0,642G",0.0
"GLYCERINE
ENFANTS",GLYCEROL,"1,23G",0.0
"GLYCERINE
ADULTE",GLYCEROL,"2,04G",0.0
MELAZA,MESALAZINE,500MG,0.0
PENTASA,MESALAZINE,500MG,0.0
ROWASA,MESALAZINE,500MG,0.0
ROVAZINE,MESALAZINE,500MG,0.0
SALAZA,MESALAZINE,500MG,0.0
ROWASA,MESALAZINE,500MG,0.0
PENTASA,MESALAZINE,1G/100ML,0.0
SALAZOPYRIN EN,SALAZOSULFAPYRIDINE,500MG,0.0
PENTASA,MESALAZINE,1G,0.0
PENTASA,MESALAZINE,1G/SACH.,0.0
PENTAZINE LP,MESALAZINE,1G/SACH.,0.0
PENTAZINE LP,MESALAZINE,500MG/SACHET,0.0
HEMORECT,"TRIMEBUTINE /
RUSCOGENINES","5,8% / 0,5%",0.0
HEMOLOG,"TRIMEBUTINE /
RUSCOGENINES","5,8% / 0,5%",0.0
HEMOLOG,TRIMEBUTINE / RUSCOGENINES,120MG/10MG,0.0
RUSCOLOG,TRIMEBUTINE / RUSCOGENINES,120MG/10MG,0.0
HEMORECT,TRIMEBUTINE / RUSCOGENINES,120MG/10MG,0.0
PROCTOLON,TRIMEBUTINE / RUSCOGENINES,120MG/10MG,0.0
TITANOREINE A LA LIDOCAINE 2%,"CARRAGHENATES/DIOX YDE DE TITANE/OXYDE
DE ZINC/LIDOCAINE","2,5G/2G/2G/2G/1
00G",0.0
TITANOREINE,"CARRAGHENATES/DIOX
YDE DE TITANE/OXYDE","0,3G/0,2G/0,4G",0.0
"SOLUTION
EVACUANTE","POLYETHYLENE GLYCOL
4000",64G,0.0
SELTRANS,"MACROGOL 4000 /
SULFATE DE SODIUM","64G / 1,68G
/1,46G  /0,75G",0.0
URSOLVAN,Acide ursodesoxycholique,200MG,0.0
TIALYZ,Acide ursodesoxycholique,200MG,0.0
GETRAT,CITRATE DE BETAINE,2G/5ML,0.0
"CITRATE DE
BETAINE",CITRATE DE BETAINE,2G/10ML,0.0
"CITRATE DE
BETAINE-BIOTIC",CITRATE DE BETAINE,2G,0.0
HELIKIT,UREE 13C,75MG,0.0
LIBRAX,"CHLORDIAZEPOXIDE /
BROMURE DE","5MG/2,5MG",0.0
CIBETAINE,CITRATE DE BETAINE,2G/5ML,0.0
ECOVAR,ECONAZOLE NITRATE,150MG,0.0
GYNOVASOL,ECONAZOLE NITRATE,150MG,0.0
FLAGYL,METRONIDAZOLE,500MG,0.0
IMUZOLE,METRONIDAZOLE,500MG,0.0
FONGYNE,METRONIDAZOLE,500MG,0.0
METROFAGYL,METRONIDAZOLE,500MG,0.0
POLYGYNAX,NEOMYCINE/POLIMYXI NE B/NYSTATINE,"35 000UI/35
000UI/100 000UI",0.0
MYCOSTATINE,NYSTATINE,100 000UI,0.0
LIFENYSTIN,NYSTATINE,100 000UI,0.0
OVESTIN,ESTRIOL,"0,5MG",0.0
TERGYNAN,"METRONIDAZOLE /
NEOMYCINE SULFATE / NYSTATINE","500MG/65000UI/
100000UI",0.0
GYNOVASOL LP,ECONAZOLE NITRATE,150MG,0.0
ECOVAR LP,ECONAZOLE NITRATE,150MG,0.0
MYCOTEN III,CLOTRIMAZOLE,2%,0.0
MYCOTEN 3,CLOTRIMAZOLE,200MG,0.0
MYCOTEN 1,CLOTRIMAZOLE,500MG,0.0
ORNISID,ORNIDAZOLE,500MG,0.0
SERTAZOLE,SERTACONAZOLE,300MG,0.0
GYNODERMOFIX,"SERTACONAZOLE
NITRATE",300MG,0.0
TRACTOCILE,"ATOSIBAN ACETATE
EXPRIME EN ATOSIBAN","7,5MG/ML
(6,75MG/0,9ML)",0.0
TRACTOCILE,"ATOSIBAN ACETATE
EXPRIME EN ATOSIBAN","7,5MG/ML
(37,5MG/5ML)",0.0
THERGIN,"METHYLERGOMETRINE
MALEATE","0,2MG/ML",0.0
CROMETRINE,METHYLERGOMETRINE,"0,25MG/ML",0.0
METHYLERGOBRE VIN,METHYLERGOMETRINE,"0,25MG/ML",0.0
CLIMASTON,ESTRADIOL/DYDROGEST ERONE,2MG/10MG,0.0
CLIMASTON,"ESTRADIOL
/DYDROGESTERONE",1MG/10MG,0.0
CLIMASTON,"ESTRADIOL/DYDROGEST
ERONE",1MG/5MG,0.0
POSTUITRIN,Oxytocine,5UI/ML,0.0
SYNTOCINON,Oxytocine,5UI/ML,0.0
LABROXIN,Oxytocine,"5UI/0,5ML",0.0
ABUFENE,BETA - ALANINE,400MG,0.0
PHARMATEX,BENZALKONIUM CHLORURE,"18,9MG",0.0
PHARMATEX,BENZALKONIUM CHLORURE,"1,2%",0.0
MARVELON,ETHINYLESTRADIOL/DES OGESTREL,"0,03MG/0,15MG",0.0
HYAN,LEVONORGESTREL,"0,03MG",0.0
MICROVAL,LEVONORGESTREL,"0,03MG",0.0
EVAL,LEVONORGESTREL/ETHI NYLESTRADIOL,"0,15MG/0,03MG(
BLANCS)  ET 0,20MG/0,04MG(",0.0
ADEPAL,"LEVONORGESTREL /
ETHINYLESTRADIOL","0,15MG/0,03MG(
BLANCS)  ET",0.0
STEDIRIL,DL-NORGESTREL / ETHINYLESTRADIOL,"0,50MG/0,05MG",0.0
ORALCAN,LEVONORGESTREL/ETHI NYLESTRADIOL,"0,15MG/0,03MG",0.0
MINIDRIL,LEVONORGESTREL / ETHINYLESTRADIOL,"0,15MG/0,03MG",0.0
MICROGYNON,"LEVONORGESTREL/ETHI
NYLESTRADIOL","0,15MG/0,03MG",0.0
MERCILON,ETHINYLESTRADIOL/DES OGESTREL,"0,02MG/0,15MG",0.0
LOGYNON,"ETHINYLESTRADIOL /
LEVONORGESTREL","30µG/0,05MG/6J
RS -",0.0
TRINORDIOL,"ETHINYLESTRADIOL /
LEVONORGESTREL","30µG/0,05MG/6J
RS -",0.0
MELIANE,ETHINYLESTRADIOL/GES TODENE,20µG/75µG,0.0
CLIMENE,"ESTRADIOL VALERATE /
CYPROTERONE ACETATE",2MG/1MG,0.0
NORLEVO,LEVONORGESTREL,"750µG (OU
0,75MG)",0.0
MINESSE,ETHINYL ESTRADIOL / GESTODENE,15µG/60µG,0.0
DESIRETT,DESOGESTREL,"0,075MG",0.0
CERAZETTE,DESOGESTREL,"0,075MG",0.0
GRACIAL,ETHINYLESTRADIOL / DESOGESTREL,"30µG/125µG ( COMP. BLANCS) ET 40µG/25µG
(COMP. BLEUS)",0.0
IMPLANON NXT,ETONOGESTREL,68MG/IMPLANT,0.0
JASMINE,"DROSPIRENONE /
ETHINYLESTRADIOL",3MG / 30µG,0.0
MIRENA 20µG/24H,LEVONORGESTREL,52MG/DISPOSITIF,0.0
"HYSACRYL
LAURYLEE",IODE,1%,0.0
ORGALUTRAN,GANIRELIX,"0,5MG/ML
(0,25MG/0,5ML)",0.0
VISANNE,DIENOGEST,2MG,0.0
NOVAROL,Acenocoumarol,4MG,0.0
SINTROM,Acenocoumarol,4MG,0.0
PERSANTINE,DIPYRIDAMOLE,75MG,0.0
ASPROCARD,"ACIDE
ACETYLSALICYLIQUE",81MG,0.0
ASPALGINE,"ACIDE
ACETYLSALICYLIQUE",81MG,0.0
ASIAPIRINE 81,"ACIDE
ACETYLSALICYLIQUE",81MG,0.0
ASPEC,ACIDE ACETYLSALICYLIQUE,100MG,0.0
ASPEVASC 100,ACIDE ACETYLSALICYLIQUE,100MG,0.0
GEASPERIQUE,"ACIDE
ACETYLSALICYLIQUE",100MG,0.0
ASPIRINE CARDIO,ACIDE ACETYLSALICYLIQUE,100MG,0.0
ACEPRAL-L,"ACIDE
ACETYLSALICYLIQUE SOUS FORME D' ACETYLSALICYLATE DE DL LYSINE EXPRIME EN","160MG/SACHET-
DOSE (288MG/SACHET ACETYLSALICYLAT E DE DL LYSINE)",0.0
ACTOCYL,ACIDE ACETYLSALICYLIQUE,80MG,0.0
ASPIRINE BIOTIC,ACIDE ACETYLSALICYLIQUE,160MG,0.0
BRILIQUE,TICAGRELOR,90MG,0.0
ELIQUIS,Apixaban,"2,5 MG",0.0
"HEPARINE CALCIQUE 5000UI/0,2ML",HEPARINATE DE CALCIUM,"25 000 UI/ML (OU
5000UI/0,2ML)",0.0
"HEPARINE CALCIQUE 7500UI/0,3ML",HEPARINATE DE CALCIUM,"25 000UI/ML  (OU
7500UI/0,3ML)",0.0
HEPARINE SODIQUE,HEPARINE SODIQUE,25 000 UI/5ML,0.0
INNOHEP,TINZAPARINE SODIQUE (HBPM),"10 000UI ANTI-XA/0,5ML",0.0
INNOHEP,TINZAPARINE SODIQUE (HBPM),"14 000UI ANTI-XA/0,7ML",0.0
INNOHEP,TINZAPARINE SODIQUE (HBPM),"18 000UI ANTI-XA/0,9ML",0.0
LOVENOX,ENOXAPARINE SODIQUE (HEPARINE A BAS POIDS MOLECULAIRE HBPM),"2 000UI ANTI-XA/0,2ML (CORRESPONDAN T A 20MG/0,2ML)",0.0
LOMOH-20,ENOXAPARINE SODIQUE (HEPARINE A BAS POIDS MOLECULAIRE HBPM),"2000UI ANTI-Xa/0,2ML (CORRESPONDAN T A 20MG/0,2ML)",0.0
LOMOH-40,ENOXAPARINE SODIQUE (HEPARINE A BAS POIDS MOLECULAIRE HBPM),"4000UI ANTI-Xa/0,4ML (CORRESPONDAN T A 40MG/0,4ML)",0.0
LOVENOX,ENOXAPARINE SODIQUE (HEPARINE A BAS POIDS MOLECULAIRE HBPM),"4 000UI ANTI-XA/0,4ML (CORRESPONDAN T A 40MG/0,4ML)",0.0
LOMOH-60,"ENOXAPARINE SODIQUE
(HEPARINE A BAS POIDS","6000UI ANTI-
Xa/0,6ML",0.0
LOVENOX,ENOXAPARINE SODIQUE (HEPARINE A BAS POIDS MOLECULAIRE HBPM),"6 000UI ANTI-X/0,6ML (CORRESPONDAN T A 60MG/0,6ML)",0.0
LOMOH-80,ENOXAPARINE SODIQUE (HEPARINE A BAS POIDS MOLECULAIRE HBPM),"8000UI ANTI-Xa/0,8ML (CORRESPONDAN T A 80MG/0,8ML)",0.0
LOVENOX,ENOXAPARINE SODIQUE (HEPARINE A BAS POIDS MOLECULAIRE HBPM),"8 000UI ANTI-XA/0,8ML (CORRESPONDAN T A 80MG/0,8ML)",0.0
FRAXIPARINE,NADROPARINE CALCIQUE (HBPM),"2 850UI ANTI XA/0,3ML",0.0
FRAXIPARINE,NADROPARINE CALCIQUE (HEPARINE A BAS POIDS MOLECULAIRE HBPM),3 800UI AXa/0.4ML,0.0
FRAXIPARINE,NADROPARINE CALCIQUE (HEPARINE A BAS POIDS MOLECULAIRE HBPM),"5 700U I ANTI XA/0,6ML",0.0
FRAXIPARINE,NADROPARINE CALCIQUE (HEPARINE A BAS POIDS MOLECULAIRE HBPM),"7 600UI ANTI XA/0,8ML",0.0
INNOHEP,TINZAPARINE SODIQUE (HBPM),"2 500UI ANTI XA/0,25ML",0.0
INNOHEP,TINZAPARINE SODIQUE (HBPM),"3 500UI ANTI-XA/0,35ML",0.0
INNOHEP,TINZAPARINE SODIQUE (HBPM),4 500UI ANTI-XA/0.45ML,0.0
"HIBOR 5000
HIBOR 7500
HIBOR 10 000",BEMIPARINE SODIQUE,"25 000UI ANTI
Xa/ML  (5 000UI ANTI Xa/0,2ML) (OU 7 500UIANTI Xa/0,3ML)
(OU 10 000UIANTI",0.0
HIBOR 2500,BEMIPARINE SODIQUE,"12 500 UI ANTI
Xa/ML (OU 2 500UI ANTI Xa/0,2ML)",0.0
HIBOR 3500,BEMIPARINE SODIQUE,"17 500UI ANTI
Xa/ML",0.0
HIKMA HEPARINE,HEPARINE SODIQUE,"25 000UI/ML (125
000UI/5ML)",0.0
FRAGMINE,DALTEPARINE SODIQUE,"2 500UI ANTI-XA/0,2ML",0.0
FRAGMINE,DALTEPARINE SODIQUE,"5 000UI ANTI-
XA/0,2ML",0.0
FRAGMINE,DALTEPARINE SODIQUE,"7 500 UI ANTI-
XA/0,75ml",0.0
FRAGMINE,DALTEPARINE SODIQUE,10 000UI ANTI-XA/1ML,0.0
ACIDE FOLIQUE - API,ACIDE FOLIQUE,5MG,0.0
FOLIDEN,ACIDE FOLIQUE,5MG,0.0
HUPFOLIQ,ACIDE FOLIQUE,5MG,0.0
CIFLODINE,ACIDE FOLIQUE,5MG,0.0
FONITRA,ACIDE FOLIQUE,5MG,0.0
FOLACID,ACIDE FOLIQUE,5MG,0.0
ZANITRA,ACIDE FOLIQUE,5MG,0.0
COBAMINE,CYANOCOBALAMINE,1000µG/ML,0.0
FEROLAM,FEREDETATE DE SODIUM,"4,75 G/100ML",0.0
FERROSTRANE,FEREDETATE DE SODIUM,"4,75G/100ML",0.0
FERACUR,FEREDETATE DE SODIUM,"4,75G/100ML",0.0
FUMACUR,FUMARATE FERREUX,200MG,0.0
CALCIUM FOLINAT EBEWE,FOLINATE DE CALCIUM (EXPRIME EN ACIDE FOLINIQUE)**,15MG**,0.0
EPREX,EPOETINE ALFA OU ERYTHROPOIETINE HUMAINE RECOMBINANTE,"2000UI/ML (OU
1000U/0,5/ML)",0.0
HEMAX,"EPOETINE ALFA  OU ERYTHROPOIETINE HUMAINE
RECOMBINANTE",2000UI/ML (4000UI/2ML),0.0
RELIPOIETIN 2000,EPOETINE ALFA  (OU ERYTHROPOÏETINE HUMAINE RECOMBINANTE),"2 000UI/0,5ML",0.0
EPREX,"EPOETINE ALFA OU ERYTHROPOIETINE HUMAINE
RECOMBINANTE","2000UI /0,5ML",0.0
RELIPOIETIN 4000,"EPOETINE ALFA  (OU ERYTHROPOÏETINE HUMAINE
RECOMBINANTE)","4 000UI/0,4ML",0.0
EPREX,"EPOETINE ALFA OU ERYTHROPOIETINE HUMAINE
RECOMBINANTE","4000UI/0,4ML",0.0
"RELIPOIETIN 10
000",EPOETINE ALFA  (OU ERYTHROPOÏETINE HUMAINE RECOMBINANTE),10 000UI/ML,0.0
HEMAX,"EPOETINE ALFA  OU ERYTHROPOIETINE HUMAINE
RECOMBINANTE",10 000UI/ML,0.0
GRANOCYTE 34,LENOGRASTIM rHu G-CSF,"33,6MUI/FL. DE PDRE. (OU 263µG/FL. DE
PDRE.)",0.0
IOR LEUKOCIM,FILGRASTIM,300µG/ML (3MUI/ML),0.0
COSMOFER,HYDROXYDE FERRIQUE POLYMALTOSE EXPRIME EN FER FERRIQUE,"50MG/ML ** (OU
100MG/2ML) DE FER FERRIQUE",0.0
TARDYFERON B9,SULFATE FERREUX DESSECHE EXPRIME EN FER FERREUX /  ACIDE FOLIQUE,"50MG / 0,35MG",0.0
RECORMON,EPOETINE BETA OU ERYTHROPOIETINE HUMAINE RECOMBINANTE,"2 000UI/0,3ML",0.0
RECORMON,EPOETINE BETA OU ERYTHROPOIETINE HUMAINE RECOMBINANTE,"5 000UI/0,3ML",0.0
RECORMON,"EPOETINE BETA OU
ERYTHROPOIETINE HUMAINE","10.000UI/0,6ML",0.0
FERROCURE,HYDROXYDE FERRIQUE POLYMALTOSE EXPRIME EN FER FERRIQUE,20MG/ML (100MG/5ML),0.0
FER 3+,HYDROXYDE FERRIQUE POLYMALTOSE EXPRIME EN FER FERRIQUE,20MG/ML (100MG/5ML),0.0
GEOFER,HYDROXYDE FERRIQUE POLYMALTOSE EXPRIME EN FER FERRIQUE,20MG/ML (100MG/5ML),0.0
FERRO SANOL DUODENAL,COMPLEXE DE FER II - GLYCINE SULFATE,"567,7MG
équivalent en Fer (2+) 100MG",0.0
FERRO SANOL GYN,COMPLEXE DE FER II - GLYCINE SULFATE / ACIDE FOLIQUE,"454,13MG
équivalent en Fer (2+) 80MG/1MG",0.0
FERRUM HAUSMANN,HYDROXYDE FERRIQUE POLYMALTOSE EXPRIME EN FER FERRIQUE,10MG/ML (50MG/5ML),0.0
SELOFER-50,"HYDROXYDE FERRIQUE
POLYMALTOSE EXPRIME EN FER FERRIQUE",10MG/ML (50MG/5ML),0.0
OROFER,HYDROXYDE FERRIQUE POLYMALTOSE EXPRIME EN FER FERRIQUE,10MG/ML (50MG/5ML),0.0
FEROFER,"FER FERRIQUE** (SOUS
FORME DE COMPLEXE D'HYDROXYDE FERRIQUE","10MG/ML** (OU
50MG/5ML)** EN FER ELEMENTAIRE",0.0
EPOTIN,EPOETINE ALPHA** (ERYTHROPOIETINE HUMAINE RECOMBINANTE),"2000UI/ML (SOIT
16,8µG//FL DE
1ML)",0.0
TIMOFEROL,"FER FERREUX (SOUS FORME DE SULFATE) /
ACIDE ASCORBIQUE",50MG/30MG,0.0
HEMAX,EPOETINE ALPHA** (ERYTHROPOIETINE HUMAINE RECOMBINANTE),2000UI/FL. DE PDRE. (OU 2000UI/2ML),0.0
ZANITRA PLUS,SULFATE FERREUX EXPRIME EN FER FERREUX / ACIDE FOLIQUE,"49,297MG/0,50M G",0.0
FERRO SANOL,FER FERREUX (II)  (SOUS FORME DE COMPLEXE GLYCINE SULFATE FERREUX),30MG/ML FER II (170MG/ML COMPLEXE GLYCINE SULFATE FERREUX),0.0
TARDYFERON,FER FERREUX (DCI) (SOUS FORME DE SULFATE FERREUX),80MG,0.0
EPREX,EPOETINE ALFA OU (ERYTHROPOIETINE HUMAINE RECOMBINANTE),"40 000UI/ML  (
OU 20 000UI/0,5ML)",0.0
INOFER,FER FERREUX / ACIDE SUCCINIQUE  (SOUS FORME DE SUCCINATE FERREUX / ACIDE SUCCINIQUE),"32,48MG FER FERREUX / 100MG",0.0
SELOFER FOL,FER FERRIQUE** (SOUS FORME DE COMPLEXE D'HDROXYDE FERRIQUE POLYMALTOSE) / ACIDE FOLIQUE,"100MG** /
0,35MG",0.0
NOVO FER PLUS,COMPLEXE HYDROXYDE FERRIQUE POLYMALTOSE EXPRIME EN FER FERRIQUE / ACIDE FOLIQUE,"100MG/0,35MG",0.0
TRIFER FOL,COMPLEXE HYDROXYDE FERRIQUE POLYMALTOSE EXPRIME EN FER FERRIQUE / ACIDE FOLIQUE,"100MG/0,35MG",0.0
FERRUM HAUSMANN GOUTTES,COMPLEXE HYDROXYDE FERRIQUE POLYMALTOSE EXPRIME EN FER FERRIQUE,50MG/ML (200MG/ML),0.0
ENCIFER,"COMPLEXE D'HYDROXIDE FERRIQUE-SACCHAROSE EXPRIME
EN FER FERRIQUE",20MG/ML (100MG/5ML),0.0
FER RAZES,COMPLEXE HYDROXYDE FERRIQUE-SACCHAROSE EXPRIME EN FER FERRIQUE,100MG/5ML,0.0
FEROMAX,"COMPLEXE
D'HYDROXIDE FERRIQUE-","20MG/ML
(100MG/5ML)",0.0
FERSUCAL,"FER FERRIQUE SOUS
FORME DE COMPLEXE D'HYDROXIDE FERRIQUE-SACCHAROSE EXPRIME","20MG/ML (OU
100MG/5ML) DE FER FERRIQUE",0.0
VENOFER,"COMPLEXE D'HYDROXIDE FERRIQUE-SACCHAROSE EXPRIME
EN FER FERRIQUE",20MG/ML (100MG/5ML),0.0
TOT'HEMA,"FER** (SOUS FORME DE GLUCONATE) / MANGANESE** (SOUS FORME DE GLUCONATE)
/ CUIVRE**(SOUS FORME DE GLUCONATE)","50MG/1,33MG/0,
70MG/10ML**",0.0
VITAMINE B12 RAZES,CYANOCOBALAMINE (OU VIT.B12),"500 µG/ML (OU
1000µG/2ML)",0.0
CYANOCOBAL,CYANOCOBALAMINE (OU VIT.B12),"500 µG/ML (OU
1000µG/2ML)",0.0
RECORMON,EPOETINE BETA (OU ERYTHROPOIETINE HUMAINE RECOMBINANTE),"30 000UI/0,6ML",0.0
SELOFER-100,"FER FERRIQUE** (SOUS FORME DE COMPLEXE D'HYDROXYDE FERRIQUE
POLYMALTOSE)","100MG** (750MG D'HYDROXYDE FERRIQUE
POLYMALTOSE)",0.0
NOVO FER,FER FERRIQUE** (SOUS FORME DE COMPLEXE D'HYDROXYDE FERRIQUE POLYMALTOSE),100MG,0.0
BC FER,FER FERREUX SOUS FORME DE SULFATE FERREUX ANHYDRE EXPRIME EN FER FERREUX / ACIDE ASCORBIQUE / ACIDE FOLIQUE,"55,14MG** FER FERREUX / 75MG
/ 1,5MG",0.0
SELOFER-100,"HYDROXYDE FERRIQUE
POLYMALTOSE EXPRIME","20MG/ML
(100MG/5ML)",0.0
OROFER PLUS,"HYDROXYDE FERRIQUE
POLYMALTOSE EXPRIME","20MG/ML
(100MG/5ML)",0.0
FER3+,HYDROXYDE FERRIQUE POLYMALTOSE EXPRIME EN FER FERRIQUE,20MG/ML (100MG/5ML),0.0
HEMAX,EPOETINE ALPHA** (ERYTHROPOIETINE HUMAINE RECOMBINANTE),1000UI/FL. DE PDRE. (OU 1000UI/ML),0.0
ACTILYSE,ALTEPLASE,20MG,0.0
ACTILYSE,ALTEPLASE,50MG,0.0
METALYSE,Ténectéplase,"1000 U/ML OU
5MG/ML (10
000U/10ML OU",0.0
ELAXIM,Ténectéplase GENNOVA,"1000 U/ML OU
5MG/ML (10
000U/10ML OU
50MG/10ML)",0.0
TROMBIX,RIVAROXABAN,10MG,0.0
XARELTO,RIVAROXABAN,10MG,0.0
RYVOL,RIVAROXABAN,15MG,0.0
XARELTO,RIVAROXABAN,15MG,0.0
TROMBIX,RIVAROXABAN,15MG,0.0
XARELTO,RIVAROXABAN,20MG,0.0
TROMBIX,RIVAROXABAN,20MG,0.0
PRADAXA,DABIGATRAN ETEXILATE MESILATE,75 MG,0.0
PRADAXA,"DABIGATRAN ETEXILATE
MESILATE",110 MG,0.0
PRADAXA,"DABIGATRAN ETEXILATE
MESILATE",150 MG,0.0
DICYNONE,ETAMSYLATE,250MG,0.0
HEMOSYLAT,ETAMSYLATE,250MG,0.0
NOVASMIL,ETAMSYLATE,250MG,0.0
DICYNONE,ETAMSYLATE,250MG,0.0
HUMAN ALBUMIN BAXTER,ALBUMINE HUMAINE,"20% (OU
0,2G/ML)",0.0
ALBUMINE HUMAINE 20% BIOTEST,ALBUMINE HUMAINE,20%,0.0
VIALEBEX,ALBUMINE HUMAINE,200MG/ML ( 20%),0.0
ADVATE,OCTOCOG ALFA (FACTEUR VIII DE COAGULATION HUMAIN RECOMBINANT ANTI-HEMOPHILIQUE),500UI/FL DE PDRE (50UI/ML),0.0
IMMUNATE 500UI,FACTEUR VIII DE COAGULATION HUMAINE,500UI/FL. DE PDRE.,0.0
RECOMBINATE 500UI,"OCTOCOG ALFA (FACTEUR VIII RECOMBINANT DE COAGULATION ANTI-
HEMOPHILIQUE)",500UI/FL. DE PDRE.,0.0
KOGENATE,OCTOCOG ALFA (FACTEUR VIII RECOMBINANT DE COAGULATION ANTI-HEMOPHILIQUE),500UI/FL. DE PDRE.,0.0
HAEMOCTIN SDH 500,FACTEUR HUMAIN VIII ANTI HEMOPHILIQUE,500UI,0.0
HEMOREL-A,FACTEUR VIII DE COAGULATION HUMAINE,500UI/FL. DE LYOPH.,0.0
OCTANATE,FACTEUR VIII DE COAGULATION HUMAINE,500UI/FL. DE POUDRE,0.0
PLASMION 3%,"GELATINE FLUIDE
MODIFIEE EXPRIMEE EN","3G / 0,5382G /
0,0305G /",0.0
IMMUNOGLOBULI NE HUMAINE ANTI-D (Rho),IMMUNOGLOBULINE HUMAINE  (ANTI D),250µG/ML,0.0
IMMUNINE 600,FACTEUR IX DE COAGULATION HUMAINE,600UI/FL. DE PDRE.,0.0
BETAFACT,FACTEUR IX DE COAGULATION HUMAINE,50UI/ML (500UI/10ML),0.0
GELOFUSINE,GELATINE FLUIDE MODIFIEE,4% DE  GELATINE,0.0
FEIBA 500U/20ML,"FACTEURS DE
COAGULATION AYANT UNE ACTIVITE COURT-CIRCUITANT L'INHIBITEUR DE",500U°/FL. DE PDRE. (500U°/20ML) U°=UNITE FEIBA,0.0
ADVATE,"OCTOCOG ALFA
(FACTEUR VIII DE COAGULATION HUMAIN RECOMBINANT ANTI-",250UI/FL DE PDRE (50UI/ML),0.0
KOGENATE,"OCTOCOG ALFA
(FACTEUR VIII RECOMBINANT DE COAGULATION ANTI-",250UI/FL. DE PDRE.,0.0
ADVATE,OCTOCOG ALFA (FACTEUR VIII DE COAGULATION HUMAIN RECOMBINANT ANTI-HEMOPHILIQUE),1000UI/FL DE PDRE  (50UI/ML),0.0
KOGENATE,OCTOCOG ALFA (FACTEUR VIII RECOMBINANT DE COAGULATION ANTI-HEMOPHILIQUE),1000UI/FL. DE PDRE.,0.0
NOVOSEVEN,EPTACOG ALFA (ACTIVE),1MG/FL. DE PDRE. (50KUI/FL. DE PDRE.),0.0
NOVOSEVEN,EPTACOG ALFA (ACTIVE),2MG/FL. DE PDRE. (100KUI/FL. DE PDRE.),0.0
NOVOSEVEN,EPTACOG ALFA (ACTIVE),5MG/FL. DE PDRE. (250KUI/FL. DE PDRE.),0.0
HEAMONINE 500,FACTEUR IX DE COAGULATION HUMAINE,500UI/FL. DE PDRE.,0.0
RHOPHYLAC 300,IMMUNOGLOBULINE HUMAINE ANTI-D,150μG/ML (300μG/2ML OU 1500UI/2ML),0.0
WILFACTIN,FACTEUR WILLEBRAND HUMAIN,1000 UI/ 10 ML,0.0
CLOTTAFACT,FIBRINOGENE HUMAIN,"1,5G/100ML",0.0
NOVO EIGHT,"TUROCTOCOG ALFA ( FACTEUR VIII DE CCOAGULATION
HUMAIN ADN r)",250 UI,0.0
NOVO EIGHT,TUROCTOCOG ALFA ( FACTEUR VIII DE CCOAGULATION HUMAIN ADN r),500 UI,0.0
NOVO EIGHT,TUROCTOCOG ALFA ( FACTEUR VIII DE CCOAGULATION HUMAIN ADN r),1000 UI,0.0
ALBUREL,ALBUMINE HUMAINE,20% (20G/100ML),0.0
VOLUVEN 6%,"HYDROXYETHYLAMIDO N 130 000 / CHLORURE
DE SODIUM","6G / 0,9G /
100ML",0.0
GRANOCYTE 34,LENOGRASTIME RHU G-CSF,"33,6 MUI",0.0
HEMAX,EPOETINE ALFA (ERYTHROPOIETINE HUMAINE RECOMBINANTE ),3000UI/FL. DE PDRE.,0.0
REVOLADE,ELTROMBOPAG OLAMINE,25 MG,0.0
REVOLADE,ELTROMBOPAG OLAMINE,50 MG,0.0
ARANESP,DARBEPOETINE ALFA,"25µG/ML (10µG/0,4ML)",0.0
ARANESP,DARBEPOETINE ALFA,"40µG/ML
(20µG/0,5ML)",0.0
ARANESP,DARBEPOETINE ALFA,"100µG/ML
(30µG/0,3ML)",0.0
ARANESP,DARBEPOETINE ALFA,"200µG/ML
(60µG/0,3ML) (80µG/0,4ML)",0.0
ARANESP,DARBEPOETINE ALFA,"500µG/ML
(150µG/0,3ML) (300µG/0,6ML)",0.0
N PLATE,ROMIPLOSTIM,250µG/FL. DE PDRE.,0.0
N PLATE,ROMIPLOSTIM,500µG/FL. DE PDRE.,0.0
NEUPOGEN,FILGRASTIM,300µG,0.0
ZARZIO,FILGRASTIM,300µG,0.0
NEUPOGEN,FILGRASTIM,480µG,0.0
ZARZIO,FILGRASTIM,480µG,0.0
MIACIN,AMIKACINE SULFATE EXPRIME EN AMIKACINE,250MG/ML (500MG/2ML),0.0
LIKACIN,"AMIKACINE SULFATE
EXPRIME EN AMIKACINE","250MG/ML
(500MG/2ML)",0.0
"GENTAMICINE
BIOCHEMIE",GENTAMICINE,40MG/ML,0.0
GENTAXYN,GENTAMICINE SULFATE EXPRIME EN GENTAMICINE,20MG/ML (40MG/2ML),0.0
ULTRAGENT,GENTAMICINE,80MG/2ML,0.0
GENTAMICINE BIOCHEMIE,GENTAMICINE,80MG/2ML,0.0
EPIGENT,GENTAMICINE,80MG/2ML,0.0
GENTAXYN,"GENTAMICINE SULFATE EXPRIME EN
GENTAMICINE",40MG/ML (80MG/2ML),0.0
GENTAL,GENTAMICINE,"40MG/ML  (OU
80MG/2ML)",0.0
GENTAMINE,"GENTAMICINE SULFATE EXPRIME EN
GENTAMICINE",40MG/ML (80MG/2ML),0.0
GENTAMYCINE GEO,GENTAMYCINE,"40MG/ML (OU
80MG/2ML)",0.0
MIACIN,"AMIKACINE SULFATE
EXPRIME EN AMIKACINE","50MG/ML
(100MG/2ML)",0.0
LIKACIN,"AMIKACINE SULFATE
EXPRIME EN AMIKACINE","125MG/ML
(250MG/2ML)",0.0
EREMCINE,TOBRAMYCINE SULFATE EXPRIME EN TOBRAMYCINE,"10MG/ML (25MG/2,5ML)",0.0
EREMCINE,"TOBRAMYCINE SULFATE
EXPRIME EN","50MG/ML
(75MG/1,5ML)",0.0
OSPEXIN,CEFALEXINE,250MG,0.0
CEPHADAR,CEFALEXINE,250MG,0.0
MIDAFLEX,CEFALEXINE,250MG,0.0
CEPHALEX,CEFALEXINE,250MG,0.0
UNILEXIN,CEFALEXINE,250MG,0.0
OSPEXIN,CEFALEXINE,500MG,0.0
KEFORAL,CEFALEXINE,500MG**,0.0
CEFACET Gé,CEFALEXINE,500MG**,0.0
CEPHADAR FORTE,CEFALEXINE,500MG,0.0
LEXIN,CEFALEXINE,500MG,0.0
MIDAFLEX,"CEFALEXINE MONOHYDRATEE EXPRIME EN
CEFALEXINE",500MG**,0.0
RAMOXIN,CEFALEXINE,500MG,0.0
CEPHALEX,CEFALEXINE,500MG,0.0
UNILEXIN,CEFALEXINE,500MG,0.0
LEXINAL,"CEFALEXINE
MONOHYDRATEE",500MG,0.0
LEXINAL,"CEFALEXINE MONOHYDRATEE EXPRIME EN
CEFALEXINE",500MG,0.0
OSPEXIN,CEFALEXINE,125MG/5ML,0.0
CEPHADAR,CEFALEXINE,125MG/5ML,0.0
KEFORAL,CEFALEXINE,125MG/5ML,0.0
RAMOXIN,CEFALEXINE,125MG/5ML,0.0
SEFAZOL,CEFAZOLINE,1G/FL. DE PDRE.,0.0
HIKMA CEFAZOLIN,CEFAZOLINE,1G/FL. DE PDRE.,0.0
NODILOF,"CEFAZOLINE SODIQUE
EXPRIME EN",1G/FL. DE PDRE.,0.0
BACTIZOL,CEFAZOLINE SODIQUE EXPRIME EN CEFAZOLINE,1G/FL,0.0
CEFAZAL,CEFAZOLINE SODIQUE EXPRIME EN CEFAZOLINE,1G/FL. DE PDRE.,0.0
HIKMA CEFAZOLIN,CEFAZOLINE **(SOUS FORME SODIQUE),1G/FL. DE PDRE.,0.0
ZEPILEN,CEFAZOLINE,1G/FL. DE PDRE.,0.0
BACTIZOL,CEFAZOLINE SODIQUE EXPRIME EN CEFAZOLINE,1G/FL,0.0
CEFAZAL,CEFAZOLINE,1G,0.0
CEFAZOL,CEFAZOLINE,"200MG/ML (OU
1G/5ML)",0.0
CLAFOTAX,CEFOTAXIME SODIQUE EXPRIME EN CEFOTAXIME,1G/FL. DE PDRE.,0.0
TRICEF,CEFOTAXIME SODIQUE EXPRIME EN CEFOTAXIME,1G/FL. DE PDRE.,0.0
CEFTAX,CEFOTAXIME,1G,0.0
CEFODEX,CEFOTAXIME SODIQUE EXPRIME EN CEFOTAXIME,1GR/FLACON,0.0
CEFOTAL,CEFOTAXIME SODIQUE,1G/FL. DE PDRE.,0.0
BETAKSIM,CEFOTAXIME,500MG/2ML,0.0
"CEFTRIAXONA
HIKMA","CEFTRIAXONE SODIQUE
EXPRIME EN",1G/FL. DE PDRE.,0.0
OFRAMAX,CEFTRIAXONE,1G,0.0
CEFAXONE,"CEFTRIAXONE SODIQUE
EXPRIME EN","100MG/ML
(1000MG/10ML)",0.0
OSPEXIN,CEFALEXINE,250MG/5ML,0.0
KEFORAL,CEFALEXINE,250MG/5ML,0.0
CEPHADAR FORTE,CEFALEXINE,250MG/5ML,0.0
PHARMEXIN,CEFALEXINE,250MG/5ML,0.0
LEXIN 250,CEFALEXINE,250MG/5ML,0.0
MIDAFLEX,CEFALEXINE,250MG/5ML**,0.0
CEPHALEX,CEFALEXINE,250MG/5ML,0.0
SEFAZOL,CEFAZOLINE,500MG,0.0
"CEFTRIAXONA
HIKMA",CEFTRIAXONE,"500MG/FL. DE
PDRE.",0.0
CEFAZOLINE,CEFAZOLINE,1G,0.0
TABICLOR 375,CEFACLOR,375MG/5ML,0.0
ZEEFRA GE,CEFRADINE,500MG,0.0
CEFIZOX 1000,"CEFTIZOXIME SODIQUE
EXPRIME EN",1G/FL. DE PDRE.,0.0
OROKEN NOUR,CEFIXIME TRIHYDRATE EXPRIME EN CEFIXIME ANHYDRE,40MG/5ML,0.0
OROKEN ENF,CEFIXIME TRIHYDRATE EXPRIME EN CEFIXIME ANHYDRE,100MG/5ML,0.0
CEFIX,CEFIXIME,100MG/5ML,0.0
BETIXIM,CEFIXIME TRIHYDRATE EXPRIME EN CEFIXIME ANHYDRE,"100MG/5ML** (FORME HYDRATEE
117MG/5ML)",0.0
ISIOCEF,CEFIXIME TRIHYDRATE EXPRIME EN CEFIXIME ANHYDRE,200MG,0.0
BETIXIM 200,CEFIXIME TRIHYDRATEE EXPRIME EN CEFIXIME,200MG,0.0
OROKEN,CEFIXIME TRIHYDRATE EXPRIME EN CEFIXIME ANHYDRE,200MG,0.0
OROKAL,CEFIXIME TRIHYDRATEE EXPRIME EN CEFIXIME,200MG,0.0
WINEX,"CEFIXIME TRIHYDRATE
EXPRIME EN CEFIXIME",200MG,0.0
CEFACET Gé,CEFALEXINE MONOHYDRATEE EXPRIME EN CEFALEXINE,250MG**,0.0
CEFIZOX,CEFTIZOXIME,500MG,0.0
ZINNAT,CEFUROXIME** AXETIL,125MG,0.0
DAROXIME,CEFUROXIME AXETIL EXPRIME EN CEFUROXIME,125MG,0.0
ZINNAT,CEFUROXIME AXETIL EXPRIME EN CEFUROXIME,250MG,0.0
CEFROZINE,CEFUROXIME AXETIL EXPRIME EN CEFUROXIME,250MG,0.0
CEFUCARE,"CEFUROXIME AXETIL
CEFUERXOPRXIIME EANXETIL",250MG,0.0
ZINOXIMOR,EXPRIME EN,250MG,0.0
DAROXIME,CEFUROXIME AXETIL EXPRIME EN CEFUROXIME,250MG,0.0
CEFUTIL,CEFUROXIME,250MG,0.0
FORTUM ENF ET NOURR,CEFTAZIDIME,500MG,0.0
CEFTAZIM,"CEFTAZIDIME
PENTAHYDRATE EXPRIME EN","500MG/FL. DE PDRE. (ENFANT ET
NOURRISSON)",0.0
FORTUM,CEFTAZIDIME,1G,0.0
CEFTAZIM,"CEFTAZIDIME PENTAHYDRATE EXPRIME EN
CEFTAZIDIME",1G/FL. DE PDRE. (ADULTE),0.0
CEFIZOX,CEFTIZOXIME,500MG,0.0
LEXIN,CEFALEXINE,1G,0.0
LEXINAL,CEFALEXINE MONOHYDRATEE EXPRIME EN CEFALEXINE,1G,0.0
CEFACET Gé,CEFALEXINE,1G,0.0
ZINNAT,CEFUROXIME AXETIL,125MG/5ML,0.0
CEFIZOX 1000,CEFTIZOXIME**  (SOUS FORME SODIQUE),1G/FL. DE PDRE.**,0.0
HIKMA CEFAZOLIN,CEFAZOLINE SODIQUE EXPRIME EN CEFAZOLINE,500MG/FL. DE PDRE.,0.0
TABICLOR,CEFACLOR,125MG/5ML,0.0
"CLORACEF FORTE
250","CEFACLOR
MONOHYDRATE",250MG/5ML,0.0
DICEF,CEFACLOR MONOHYDRATE EXPRIME EN CAFACLOR,250MG/5ML,0.0
TABICLOR,CEFACLOR,250MG/5ML,0.0
TABICLOR,CEFACLOR,250MG,0.0
CLORACEF FORTE,"CEFACLOR MONOHYDRATE
EXPRIME EN CAFACLOR",500MG,0.0
DICEF,CEFACLOR,500MG,0.0
TABICLOR,CEFACLOR,500MG,0.0
TABICLOR M.R.,CEFACLOR (ANHYDRE)**,750MG**,0.0
BETIXIM,CEFIXIME,400MG,0.0
OROKAL,CEFIXIME TRIHYDRATE,400MG,0.0
WINEX,CEFIXIME,400MG,0.0
CEFROZINE,CEFUROXIME AXETIL EXPRIME EN CEFUROXIME,500MG,0.0
ZINOXIMOR 500,CEFUROXIME AXETIL,500MG,0.0
CEDROX,"CEFADROXIL
MONOHYDRATE EXPRIME EN",1G,0.0
CEDROXAL,"CEFADROXIL
MONOHYDRATE",1G,0.0
ISIOCEF,CEFIXIME,50MG/5ML,0.0
OMNICEF,CEFDINIR,300MG,0.0
OMNIFAL,CEFDINIR,300MG,0.0
OMNICEF,CEFDINIR,125MG/5ML,0.0
PERAZ 1000,"CEFOPERAZONE SODIQUE EXPRIME EN
CEFOPERAZONE",1 000MG/FL. DE PDRE.**,0.0
PERAZ 2000,CEFOPERAZONE SODIQUE EXPRIME EN CEFOPERAZONE,2 000MG/FL. DE PDRE.**,0.0
TIZO 1000,CEFTIZOXIME SODIQUE EXPRIME EN CEFTIZOXIME,1 000MG/FL. DE PDRE.,0.0
CETIZAL,CEFTIZOXIME SODIQUE EXPRIME EN CEFTIZOXIME,1G,0.0
CLORACEF MR,"CEFACLOR
MONOHYDRATE",500MG,0.0
CLORACEF MR,"CEFACLOR
MDOONXOYCHYYCDLRINATEE",750MG,0.0
VIBRAMYCINE,MONOHYDRATEE,100MG,0.0
DOXYLINE,DOXYCYCLINE,100MG,0.0
BIOMYCINE,DOXYCYCLINE,100MG,0.0
DOTUR,DOXYCYCLINE**(SOUS FOPME D'HYCLATE),100MG,0.0
OXYMED,OXYTETRACYCLINE,250MG,0.0
TETRALYSAL,LYMECYCLINE (EXPRIME EN TETRACYCLINE BASE),150MG,0.0
DOXYNUP,"DOXYCYCLINE MONOHYDRATE EXPRIME EN
DOXYCYCLINE",100MG,0.0
LISACLIN,CLINDAMYCINE,600MG,0.0
CLINDAMYL,CLINDAMYCINE,150MG,0.0
CLINARAM,CLINDAMYCINE CHLORHYDRATE EXPRIME EN CLINDAMYCINE,150MG,0.0
ULTRALINC,LINCOMYCINE,600MG,0.0
LINCOSIDE,"LINCOMYCINE** (SOUS
FORME DE","300MG/ML
(600MG/2ML)",0.0
ERYTHROMIL,ERYTHROMYCINE,200MG/5ML,0.0
ERYTHRODAR,ERYTHROMYCINE,200MG/5ML,0.0
MACROLID,ERYTHROMYCINE,200MG/5ML,0.0
ERODAL,ERYTHROMYCINE ETHYLSUCCINATE EXPRIME EN ERYTHROMYCINE,200MG/5ML,0.0
ERYBESAN,ERYTHROMYCINE,200MG/5ML,0.0
EROMYCIN,ERYTHROMYCINE,200MG/5ML,0.0
ERYTHROMIL,ERYTHROMYCINE,500MG,0.0
ERY 500,ERYTHROMYCINE,500MG,0.0
MAROCID,ERYTHROMYCINE,500MG,0.0
ERYBESAN,"ERYTHROMYCINE
STEARATE EXPRIME EN",500MG,0.0
PYOSTACINE,PRISTINAMYCINE,500MG,0.0
SPIRACARE,SPIRAMYCINE,1 500 000UI,0.0
ROVADAL,SPIRAMYCINE,1 500 000UI,0.0
SPIRAMYNAL,SPIRAMYCINE,1 500 000UI,0.0
ROVAMYCINE,SPIRAMYCINE,1 500 000UI,0.0
SPIRA,SPIRAMYCINE,1 500 000UI,0.0
SPIRACARE,SPIRAMYCINE,3 000 000UI,0.0
ROVADAL,SPIRAMYCINE,3 000 000UI,0.0
SPIRAMYNAL,SPIRAMYCINE,3000 000UI,0.0
ROVAMYCINE,SPIRAMYCINE,3 000 000UI,0.0
SPIRA,SPIRAMYCINE,3 000 000UI,0.0
SPIRAMYCINE AFRO,SPIRAMYCINE,"0,375MUI/5ML",0.0
ROVADAL,SPIRAMYCINE,"0,375MUI/5ML",0.0
ZETRON,AZITHROMYCINE DIHYDRATE EXPRIME EN AZITHROMYCINE,250MG,0.0
MYCINAD,AZITHROMYCINE DIHYDRATE EXPRIME E AZITHROMYCINE,250MG,0.0
ZOTRIX,AZITHROMYCINE DIHYDRATE EXPRIME EN AZITHROMYCINE,250MG,0.0
AZIMYCINE,AZITHROMYCINE DIHYDRATEE EXPRIMEE EN AZITHROMYCINE,250MG,0.0
BINOZYT,AZITHROMYCINE DIHYDRATEE EXPRIMEE EN AZITHROMYCINE,250MG,0.0
ZOMAX,AZITHROMYCINE DIHYDRATEE EXPRIMEE EN AZITHROMYCINE,"40MG/ML** (200MG/5ML ET 300MG/7,5ML)**",0.0
ZOTRIX,"AZITHROMYCINE
DIHYDRATE",40MG/ML,0.0
AZIMYCINE,AZITHROMYCINE DIHYDRATEE EXPRIMEE EN AZITHROMYCINE,40MG/ML (200MG/5ML),0.0
BINOZYT,"AZITHROMYCINE
DIHYDRATEE EXPRIMEE","40MG/ML
(200MG/5ML)",0.0
"ROXIBACT
ALEMBIC MAMI",ROXITHROMYCINE,150MG,0.0
ROXAMED,ROXITHROMYCINE,150MG,0.0
ROXITHROMYCIN E HUP,ROXITHROMYCINE,150MG,0.0
ROXID,ROXITHROMYCINE,150MG,0.0
JOSACINE,"JOSAMYCINE PROPIONATE EXPRIME
EN JOSAMYCINE",125MG/5 ML,0.0
JOSACINE,"JOSAMYCINE
PROPIONATE EXPRIME EN JOSAMYCINE",250MG/5ML,0.0
JOSACINE,"JOSAMYCINE
PROPIONATE EXPRIME",500MG /5ML,0.0
JOSACINE,JOSAMYCINE,250MG,0.0
JOSACINE,JOSAMYCINE,500MG,0.0
JOSACINE,JOSAMYCINE,500MG,0.0
ZECLAR,CLARITHROMYCINE,500MG,0.0
CLARIDAR 500,CLARITHROMYCINE,500MG,0.0
ARICLARE,CLARITHROMYCINE,500MG,0.0
RITHRODAL,CLARITHROMYCINE,500MG,0.0
CLARITAL,CLARITHROMYCINE,500MG,0.0
CLARITHROMYCIN E GEO,CLARITHROMYCINE,500MG,0.0
ZECLAR,CLARITHROMYCINE,250MG,0.0
CLARIDAR 250,CLARITHROMYCINE,250MG,0.0
KLAXIN,CLARITHROMYCINE,250MG,0.0
RITHRODAL,CLARITHROMYCINE,250MG,0.0
KETEK,TELITHROMYCINE,400MG,0.0
CLARIDAR 250,CLARITHROMYCINE,250MG/5ML,0.0
ZECLAR 50,CLARITHROMYCINE,250MG/5ML,0.0
RITHRODAL,CLARITHROMYCINE,250MG/5ML,0.0
AZITHROMYCINE BEKER,AZITHROMYCINE DIHYDRATEE EXPRIMEE EN AZITHROMYCINE,500MG,0.0
ZETRON,"AZITHROMYCINE
DIHYDRATE EXPRIME EN AZITHROMYCINE",500MG,0.0
ZOMAX,AZITHROMYCINE DIHYDRATEE EXPRIMEE EN AZITHROMYCINE,500MG,0.0
AZITHROM HUP,"AZITHROMYCINE DIHYDRATEE EXPRIMEE
EN AZITHROMYCINE",500MG,0.0
MYCINAD,"AZITHROMYCINE
DIHYDRATE EXPRIME E AZITHROMYCINE",500MG,0.0
ZITHROMAX,AZITHROMYCINE DIHYDRATEE EXPRIMEE EN AZITHROMYCINE,500MG,0.0
ZOTRIX,AZITHROMYCINE DIHYDRATE EXPRIME EN AZITHROMYCINE,500MG,0.0
"AZITHROMYCINE
NS","AZITHROMYCINE
DIHYDRATE EXPRIME E",500MG,0.0
BINOZYT,"AZITHROMYCINE
DIHYDRATEE EXPRIMEE",500MG,0.0
AZITHRAL,"AZITHROMYCINE
DIHYDRATEE EXPRIMEE",500MG,0.0
OROGYL,"SPIRAMYCINE /
METRONIDAZOLE","750
000UI/125MG",0.0
SPIRADENT,"SPIRAMYCINE /
METRONIDAZOLE","750.
000UI/125MG",0.0
BI-OROGYL,"SPIRAMYCINE /
METRONIDAZOLE","1,5MUI/250MG",0.0
BISPIRADENT,SPIRAMYCINE / METRONIDAZOLE,"1,5MUI/250MG",0.0
BIRODOGYL,"SPIRAMYCINE /
METRONIDAZOLE","1,5MUI/250MG",0.0
METROMYCINE,SPIRAMYCINE / METRONIDAZOLE,"1,5MUI/250MG",0.0
CLARIDAR 125,CLARITHROMYCINE,125MG/5ML,0.0
ZECLAR 25,CLARITHROMYCINE,125MG/5ML,0.0
ZITHRON,"AZITHROMYCINE**
(SOUS FORME MONOHYDRATE",600MG**,0.0
ROVAGYL,"SPIRAMYCINE /
METRONIDAZOLE","1,5MUI/250MG",0.0
RONIDAZ 500,METRONIDAZOLE,500MG,0.0
METRONIDAZOLE BIEFFE MEDITAL,METRONIDAZOLE,"500MG/100ML (
0,5%)",0.0
SUPPLIN,METRONIDAZOLE,500MG,0.0
METRIS,METRONIDAZOLE,500MG,0.0
"METRONIDAZOLE
RAZES 0,5%",METRONIDAZOLE,"5MG/ML
(500MG/100ML)",0.0
BIODAZOLE,METRONIDAZOLE,500MG,0.0
METRONIDAZOLE BEKER,METRONIDAZOLE,250MG,0.0
FLAGYL,METRONIDAZOLE,250MG,0.0
NIDAZOLE,METRONIDAZOLE,250MG,0.0
MEDAZOL,METRONIDAZOLE,250MG,0.0
IMUZOLE,METRONIDAZOLE,250MG,0.0
METROGYL,METRODINAZOLE,250MG,0.0
SUPPLIN,METRONIDAZOLE,250MG,0.0
RONIDAZ 250,METRONIDAZOLE,250MG,0.0
FLAGYL,"METRONIDAZOLE BENZOATE EXPRIME EN
METRONIDAZOLE",125MG/5ML,0.0
FLAZOL,"METRONIDAZOLE BENZOATE EXPRIME EN
METRONIDAZOLE",125MG/5ML,0.0
METZOL,"METRONIDAZOLE BENZOATE EXPRIME EN
METRONIDAZOLE",125MG/5ML,0.0
NIDAZOLE,METRONIDAZOLE,125MG/5ML,0.0
METAGYL,"METRONIDAZOLE
BENZOATE EXPRIME EN",125MG/5ML,0.0
METROGYL,"METRONIDAZOLE BENZOATE EXPRIME EN
METRONIDAZOLE",125MG/5ML,0.0
METRONIDAZOLE BEKER,METRONIDAZOLE,500MG,0.0
BIODAZOLE,METRONIDAZOLE,500MG,0.0
FLAZOL,METRONIDAZOLE,500MG,0.0
NIDAZOLE,METRONIDAZOLE,500MG,0.0
METRONIDAZOLE HUP,METRONIDAZOLE,500MG,0.0
METRONIDAZOLE MM,METRONIDAZOLE,500MG,0.0
IMUZOLE,METRONIDAZOLE,500MG,0.0
METROGYL,METRONIDAZOLE,500MG,0.0
NIDAZOLE,METRONIDAZOLE BENZOATE EXPRIME EN METRONIDAZOLE,200MG/5ML,0.0
SECNIDOLEX,SECNIDAZOLE ANHYDRE,2G/SACHET- DOSE,0.0
SECNOL,SECNIDAZOLE ANHYDRE,2G/SACHET- DOSE,0.0
AMOXYPEN,AMOXICILLINE SODIQUE EXPRIME EN AMOXICILLINE,500MG/FL. DE PDRE.,0.0
BIOPAMOX,AMOXICILLINE SODIQUE EXPRIME EN AMOXICILLINE,1G/FL. DE PDRE.,0.0
AMOXYPEN,AMOXICILLINE SODIQUE EXPRIME EN AMOXICILLINE,1G/FL. DE PDRE.,0.0
LAMOXYL,AMOXICILLINE TRIHYDRATE EXPRIME EN AMOXICILLINE,500MG,0.0
BIOPAMOX,AMOXICILLINE TRIHYDRATEE EXPRIME EN AMOXICILLINE,500MG,0.0
AMODEX-Gé,AMOXICILLINE TRIHYDRATE EXPRIME EN AMOXICILLINE,500MG,0.0
PENAMOX 500,AMOXICILLINE TRIHYDRATEE EXPRIME EN AMOXICILLINE,500MG,0.0
AMOXIMEX,AMOXICILLINE TRIHYDRATEE EXPRIME EN AMOXICILLINE,500MG,0.0
GRAMOX,AMOXICILLINE TRIHYDRATE EXPRIME EN AMOXICILLINE,500MG,0.0
AMOXYPEN,AMOXICILLINE TRIHYDRATEE EXPRIME EN AMOXICILLINE,500MG,0.0
AMOXAL,AMOXICILLINE TRIHYDRATEE EXPRIME EN AMOXICILLINE,500MG,0.0
FAMOXYL,AMOXICILLINE TRIHYDRATE EXPRIME EN AMOXICILLINE,500MG,0.0
PENAMOX,AMOXICILLINE TRIHYDRATE EXPRIME EN AMOXICILLINE,125MG/5ML,0.0
AMOXICILLINE EG,AMOXICILLINE TRIHYDRATE EXPRIME EN AMOXICILLINE,125MG/5ML,0.0
AMOXIMEX,AMOXICILLINE TRIHYDRATE EXPRIME EN AMOXICILLINE,125MG/5ML,0.0
AMOXAL,AMOXICILLINE TRIHYDRATEE EXPRIME EN AMOXICILLINE,125MG/5ML,0.0
FAMOXYL,AMOXICILLINE TRIHYDRATE EXPRIME EN AMOXICILLINE,125MG/5ML,0.0
AMOXYPEN,AMOXICILLINE TRIHYDRATE EXPRIME EN AMOXICILLINE,125MG/5ML,0.0
BIOPAMOX,AMOXICILLINE TRIHYDRATE EXPRIME EN AMOXICILLINE,250MG/5ML,0.0
AMODEX-Gé,AMOXICILLINE TRIHYDRATE EXPRIME EN AMOXICILLINE,250MG/5ML,0.0
CLAMOXYL,AMOXICILLINE TRIHYDRATE EXPRIME EN AMOXICILLINE,250MG/5ML,0.0
PENAMOX,AMOXICILLINE TRIHYDRATE EXPRIME EN AMOXICILLINE,250MG/5ML,0.0
AMOXICILLINE EG,AMOXICILLINE TRIHYDRATE EXPRIME EN AMOXICILLINE,250MG/5ML,0.0
AMOXIMEX,AMOXICILLINE TRIHYDRATE EXPRIME EN AMOXICILLINE,250MG/5ML,0.0
GRAMOX,AMOXICILLINE TRIHYDRATE EXPRIME EN AMOXICILLINE,250MG/ 5ML,0.0
AMOXYPEN,AMOXICILLINE TRIHYDRATE EXPRIME EN AMOXICILLINE,250MG/5ML,0.0
AMOXAL,AMOXICILLINE TRIHYDRATE EXPRIME EN AMOXICILLINE,250MG/5ML,0.0
FAMOXYL,AMOXICILLINE TRIHYDRATE EXPRIME EN AMOXICILLINE,250MG/5ML,0.0
LAMOXYL,AMOXICILLINE TRIHYDRATE EXPRIME EN AMOXICILLINE,250MG/5ML,0.0
VAAMOX ENFANT ET NOURRISSON,AMOXICILLINE TRIHYDRATE EXPRIME EN AMOXICILLINE / ACIDE CLAVULANIQUE SEL DE POTASSIUM EXPRIME EN ACIDE CLAVULANIQUE,500MG/50MG,0.0
CURAM,AMOXICILLINE TRIHYDRATE EXPRIME EN AMOXICILLINE / ACIDE CLAVULANIQUE SEL DE POTASSIUM EXPRIME EN ACIDE CLAVULANIQUE,500MG/125MG,0.0
ULTIMOX,AMOXICILLINE (TRIHYDRATE) / ACIDE CLAVULANIQUE  (SEL DE POTASSIUM),500MG / 125MG,0.0
CLAVODEX,"AMOXICILLINE
TRIHYDRATE EXPRIME EN AMOXICILLINE /",500MG/125MG,0.0
CLAVODA R 625,AMOXICILLINE TRIHYDRATE EXPRIME EN AMOXICILLINE / ACIDE CLAVULANIQUE SEL DE POTASSIUM EXPRIME EN ACIDE CLAVULANIQUE,500MG/125MG,0.0
AMOCLAN FORTE,AMOXICILLINE TRIHYDRATE EXPRIME EN AMOXICILLINE / ACIDE CLAVULANIQUE SEL DE POTASSIUM EXPRIME EN ACIDE CLAVULANIQUE,500MG/125MG,0.0
MEGAMOX,AMOXICILLINE / ACIDE CLAVULANIQUE,500MG/125MG,0.0
CLAMENTIN 625,AMOXICILLINE TRIHYDRATE EXPRIME EN AMOXICILLINE / ACIDE CLAVULANIQUE SEL DE POTASSIUM EXPRIME EN ACIDE CLAVULANIQUE,500MG/125 MG,0.0
KLAVOX,"AMOXICILLINE
TRIHYDRATE EXPRIME",500MG/125MG,0.0
AUGMENTIN,"AMOXICILLINE
TRIHYDRATE EXPRIME",500MG/125MG,0.0
CLAVAMOX,AMOXICILLINE TRIHYDRATE EXPRIME EN AMOXICILLINE / ACIDE CLAVULANIQUE SEL DE POTASSIUM EXPRIME EN ACIDE CLAVULANIQUE,500MG/125MG,0.0
CLAVUCILLINE,AMOXICILLINE/ACIDE CLAVULANIQUE,500MG/125MG,0.0
CURAM,AMOXICILLINE/ACIDE CLAVULANIQUE,"250MG/62,5MG/
5ML",0.0
CLAVODEX,"AMOXICILLINE TRIHYDRATE EXPRIME EN AMOXICILLINE / ACIDE CLAVULANIQUE SEL DE POTASSIUM EXPRIME EN ACIDE
CLAVULANIQUE","250MG/62,5MG/
5ML",0.0
AMOCLAN FORTE,"AMOXICILLINE
TRIHYDRATE EXPRIME EN AMOXICILLINE / ACIDE CLAVULANIQUE SEL DE POTASSIUM","250MG/62,5MG/
5ML",0.0
KLAVOX,AMOXICILLINE / ACIDE CLAVULANIQUE,"250MG/62,5MG/
5ML",0.0
AMPILINE,AMPICILLINE SODIQUE EXPRIME EN AMPICILLINE,500MG/FL. DE PDRE,0.0
AMPINAX,AMPICILLINE SODIQUE EXPRIME EN AMPICILLINE,1G/FL. DE PDRE.,0.0
AMPILINE,AMPICILLINE SODIQUE EXPRIME EN AMPICILLINE,1G/FL. DE PDRE.,0.0
AMPAL,AMPICILLINE TRIHYDRATE EXPRIME EN AMPICILLINE,125MG/5ML,0.0
AMPINAX,AMPICILLINE TRIHYDRATE EXPRIME EN AMPICILLINE,250MG/5ML,0.0
AMPAL,AMPICILLINE TRIHYDRATE EXPRIME EN AMPICILLINE,250MG/5ML,0.0
AMPINAX,AMPICILLINE TRIHYDRATE EXPRIME EN AMPICILLINE,500MG,0.0
AMPIMEX,AMPICILLINE TRIHYDRATE EXPRIME EN AMPICILLINE,500MG,0.0
AMPILINE,"AMPICILLINE TRIHYDRATE EXPRIME
EN AMPICILLINE",500MG,0.0
AMPAL,AMPICILLINE TRIHYDRATE EXPRIME EN AMPICILLINE,500MG,0.0
EXTENCINE,BENZATHINE BENZYLPENICILLINE,600 000UI/FL. DE PDRE.,0.0
RETARCILINE,BENZATHINE BENZYLPENICILLINE,600 000UI/FL. DE PDRE.,0.0
EXTENCINE,BENZATHINE BENZYLPENICILLINE,1 200 000UI/FL. DE PDRE.,0.0
RETARCILINE,BENZATHINE BENZYLPENICILLINE,1 200 000UI/FL. DE PDRE.,0.0
GECTAPEN,"BENZYLPENICILLINE
SODIQUE","500 000UI/FL. DE
PDRE.",0.0
PENI G BIOCARE,BENZYLPENICILLINE SODIQUE,"1 000
000UI/FL.DE PDRE.",0.0
GECTAPEN,BENZYLPENICILLINE SODIQUE,1 000 000UI/FL. DE PDRE.,0.0
OXALINE,OXACILLINE,500MG,0.0
OXACARE,OXACILLINE SODIQUE EXPRIME EN OXACILLINE,1G/FL. DE PDRE.,0.0
OXALINE,OXACILLINE SODIQUE EXPRIME EN OXACILLINE,1G/FL. DE PDRE.,0.0
ORAPEN,PHENOXYMETHYLPENICI LLINE POTASSIQUE EXPRIME EN PHENOXYMETHYLPENICI LLINE,250 000UI/5ML,0.0
PENICILLINE-CIMEX,PHENOXYMETHYLPENICI LLINE POTASSIQUE EXPRIME EN PHENOXYMETHYLPENICI LLINE,250 000UI/5ML,0.0
ORAPEN,PHENOXYMETHYLPENICI LLINE POTASSIQUE EXPRIME EN PHENOXYMETHYLPENICI LLINE,1000 000UI,0.0
PENICILLINE-CIMEX,"PHENOXYMETHYLPENICI
LLINE POTASSIQUE EXPRIME EN",1 000 000UI**,0.0
PENIVAL,"PHENOXYMETHYLPENICI
LLINE POTASSIQUE EXPRIME EN",1 000 000UI,0.0
KLAVOX,AMOXICILLINE / ACIDE CLAVULANIQUE,"125MG/31,25MG
/5ML",0.0
OXACARE,OXACILLINE SODIQUE EXPRIME EN OXACILLINE,500MG,0.0
OXADEX,"OXACILLINE SODIQUE EXPRIME EN
OXACILLINE",500MG,0.0
OXACIL HUP,OXACILLINE SODIQUE EXPRIME EN OXACILLINE,500MG,0.0
OXAMEX,"OXACILLINE SODIQUE
EXPRIME EN",500MG,0.0
OXALINE,"OXACILLINE SODIQUE
EXPRIME EN",500MG,0.0
OXAL,OXACILLINE SODIQUE EXPRIME EN OXACILLINE,500MG,0.0
BRISTOPEN,OXACILLINE,250MG/5ML,0.0
OXALINE,OXACILLINE,250MG/5ML,0.0
AMOCLAV ENFANT,AMOXICILLINE TRIHYDRATEE EXPRIME EN AMOXICILLINE / ACIDE CLAVULANIQUE POTASSIQUE EXPRIME EN ACIDE CLAVULANIQUE,"100MG/12,5MG/ ML",0.0
BIOCLAV,AMOXICILLINE TRIHYDRATEE EXPRIME EN AMOXICILLINE / ACIDE CLAVULANIQUE POTASSIQUE EXPRIME EN ACIDE CLAVULANIQUE,"100MG/12,5MG/ ML",0.0
CLAVODEX,AMOXICILLINE TRIHYDRATEE EXPRIME EN AMOXICILLINE / ACIDE CLAVULANIQUE POTASSIQUE EXPRIME EN ACIDE CLAVULANIQUE,"100MG/12,5MG/ ML",0.0
CLAMOCLAV ENFANT ET NOURRISSON,AMOXICILLINE TRIHYDRATEE EXPRIME EN AMOXICILLINE / ACIDE CLAVULANIQUE POTASSIQUE EXPRIME EN ACIDE CLAVULANIQUE,"100MG/12,5MG/ ML",0.0
AUGMENTIN ENFANT ET AUGMENTIN NOURRISSON,AMOXICILLINE TRIHYDRATEE EXPRIME EN AMOXICILLINE / ACIDE CLAVULANIQUE POTASSIQUE EXPRIME EN ACIDE CLAVULANIQUE,"100MG/12,5MG/ ML",0.0
AMOCLAN 8:1,AMOXICILLINE TRIHYDRATEE EXPRIME EN AMOXICILLINE / ACIDE CLAVULANIQUE POTASSIQUE EXPRIME EN ACIDE CLAVULANIQUE,"100MG/12,5MG/ ML",0.0
CLAMOXYPEN,AMOXICILLINE TRIHYDRATEE EXPRIME EN AMOXICILLINE / ACIDE CLAVULANIQUE POTASSIQUE EXPRIME EN ACIDE CLAVULANIQUE,"100MG/12,5MG/ ML",0.0
AMOCLAN,AMOXICILLINE SODIQUE EXPRIME EN AMOXICILLINE / ACIDE CLAVULANIQUE POTASSIQUE EXPRIME EN ACIDE CLAVULANIQUE,1G/200MG,0.0
CLAMOXYPEN,AMOXICILLINE SODIQUE EXPRIME EN AMOXICILLINE / ACIDE CLAVULANIQUE POTASSIQUE EXPRIME EN ACIDE CLAVULANIQUE,1G/200MG,0.0
TABUKLAV,AMOXICILLINE SODIQUE EXPRIME EN AMOXICILLINE / ACIDE CLAVULANIQUE POTASSIQUE EXPRIME EN ACIDE CLAVULANIQUE,1G/200MG,0.0
VAAMOX ADULTE,"AMOXICILLINE SODIQUE
EXPRIME EN AMOXICILLINE / ACIDE",1G/200MG,0.0
CLAVODEX,AMOXICILLINE TRIHYDRATEE EXPRIMEE EN AMOXICILLINE / ACIDE CLAVULANIQUE POTASSIQUE EXPRIME EN ACIDE CLAVULANIQUE,"500MG/62,5MG",0.0
BIOCLAV 8:1,"AMOXICILLINE
TRIHYDRATEE EXPRIMEE EN AMOXICILLINE / ACIDE CLAVULANIQUE","500MG/62,5MG",0.0
AUGMENTIN ENFANTS,AMOXICILLINE/ACIDE CLAVULANIQUE RAPPORT 8/1,"500MG/62,5MG",0.0
AMOCLAN 8:1,"AMOXICILLINE
TRIHYDRATEE EXPRIMEE EN AMOXICILLINE / ACIDE CLAVULANIQUE","500MG/62,5MG",0.0
LAMOXYL,AMOXICILLINE TRIHYDRATEE EXPRIME EN AMOXICILLINE,500MG/5ML,0.0
BIOPAMOX,AMOXICILLINE TRIHYDRATEE EXPRIME EN AMOXICILLINE,500MG/5ML,0.0
AMODEX Gé,AMOXICILLINE TRIHYDRATEE EXPRIME EN AMOXICILLINE,500MG/5ML,0.0
CLAMOXYL,AMOXICILLINE TRIHYDRATEE EXPRIME EN AMOXICILLINE,500MG/5ML,0.0
PENAMOX,AMOXICILLINE TRIHYDRATEE EXPRIME EN AMOXICILLINE,500MG/5ML,0.0
AMOXICILLINE EG,AMOXICILLINE TRIHYDRATEE EXPRIME EN AMOXICILLINE,500MG/5ML,0.0
AMOXIMEX,AMOXICILLINE TRIHYDRATEE EXPRIME EN AMOXICILLINE,500MG/5ML,0.0
AMOXAL,AMOXICILLINE TRIHYDRATEE EXPRIME EN AMOXICILLINE,500MG/5ML,0.0
FAMOXYL,AMOXICILLINE TRIHYDRATEE EXPRIME EN AMOXICILLINE,500MG/5ML,0.0
AMOXYPEN,AMOXICILLINE TRIHYDRATEE EXPRIME EN AMOXICILLINE,500MG/5ML,0.0
PENAMOX,AMOXICILLINE TRIHYDRATEE EXPRIME EN AMOXICILLINE,1G,0.0
AMODEX-Gé,AMOXICILLINE TRIHYDRATEE EXPRIME EN AMOXICILLINE,1G,0.0
PENAMOX D,AMOXICILLINE TRIHYDRATEE EXPRIME EN AMOXICILLINE,1G,0.0
AMOXICILLINE EG,AMOXICILLINE TRIHYDRATEE EXPRIME EN AMOXICILLINE,1G,0.0
AMOXIMEX,AMOXICILLINE TRIHYDRATEE EXPRIME EN AMOXICILLINE,1G,0.0
SAIFOXYL,AMOXICILLINE TRIHYDRATE EXPRIME EN AMOXICILLINE,1G,0.0
LAMOXYL,AMOXICILLINE TRIHYDRATEE EXPRIME EN AMOXICILLINE,1G,0.0
AMOXYPEN,AMOXICILLINE TRIHYDRATEE EXPRIME EN AMOXICILLINE,1G,0.0
CLAMOXYL,AMOXICILLINE TRIHYDRATEE EXPRIME EN AMOXICILLINE,1G,0.0
AMOXAL,AMOXICILLINE TRIHYDRATEE EXPRIME EN AMOXICILLINE,1G,0.0
CLAVOR,AMOXICILLINE TRIHYDRATEE EXPRIME EN AMOXICILLINE / ACIDE CLAVULANIQUE POTASSIQUE EXPRIME EN ACIDE CLAVULANIQUE,"500MG/62,5MG",0.0
BIOCLAV,AMOXICILLINE TRIHYDRATEE EXPRIME EN AMOXICILLINE / ACIDE CLAVULANIQUE POTASSIQUE EXPRIME EN ACIDE CLAVULANIQUE,"500MG/62,5MG",0.0
CLAVODEX,AMOXICILLINE TRIHYDRATEE EXPRIME EN AMOXICILLINE / ACIDE CLAVULANIQUE POTASSIQUE EXPRIME EN ACIDE CLAVULANIQUE,"500MG / 62,5MG",0.0
AUGMENTIN ADULTES,AMOXICILLINE TRIHYDRATEE EXPRIME EN AMOXICILLINE / ACIDE CLAVULANIQUE POTASSIQUE EXPRIME EN ACIDE CLAVULANIQUE,"500MG/62,5MG",0.0
AMOCLAN 8:1,AMOXICILLINE TRIHYDRATEE EXPRIME EN AMOXICILLINE / ACIDE CLAVULANIQUE POTASSIQUE EXPRIME EN ACIDE CLAVULANIQUE,"500MG/62,5MG",0.0
AMOXICILLINE / ACIDE CLAVULANIQUE SANDOZ ADULTE,"AMOXICILLINE
TRIHYDRATEE EXPRIME EN AMOXICILLINE / ACIDE CLAVULANIQUE POTASSIQUE EXPRIME","500MG / 62,5MG",0.0
CLAVAMOX,AMOXICILLINE TRIHYDRATEE EXPRIME EN AMOXICILLINE / ACIDE CLAVULANIQUE POTASSIQUE EXPRIME EN ACIDE CLAVULANIQUE,"500MG/62,5MG",0.0
AUGMENTIMEX ADULTES,"AMOXICILLINE
TRIHYDRATEE EXPRIME EN AMOXICILLINE /","500MG/62,5MG",0.0
ORBENINE,CLOXACILLNE SODIQUE MONOHYDRATEE EXPRIME EN CLOXAILLINE,500MG,0.0
"CLAVODAR 200/28,5",AMOXICILLINE** (SOUS FORME TRIHYDRATEE) / ACIDE CLAVULANIQUE** (SOUS FORME POTASSIQUE),"200MG**/28,5M
G**",0.0
AMOCLAN BID,AMOXICILLINE /ACIDE CLAVULANIQUE,"200MG/28,5MG
/5ML",0.0
KLAVOX,AMOXICILLINE / ACIDE CLAVULANIQUE,200MG/28MG/5 ML,0.0
CLAVODEX DUO,"AMOXICILLINE TRIHYDRATEE EXPRIMEE EN AMOXICILLINE / ACIDE CLAVULANIQUE POTASSIQUE EXPRIME EN ACIDE
CLAVULANIQUE",400MG/57MG/5 ML,0.0
CLAVODAR FORTE 400/57,"AMOXICILLINE** (SOUS
FORME TRIHYDRATEE) / ACIDE CLAVULANIQUE**","400MG** /
57MG**",0.0
AMOCLAN BID,AMOXICILLINE TRIHYDRATEE EXPRIMEE EN AMOXICILLINE / ACIDE CLAVULANIQUE POTASSIQUE EXPRIME EN ACIDE CLAVULANIQUE,400MG/57MG/5 ML,0.0
KLAVOX,AMOXICILLINE / ACIDE CLAVULANIQUE,400MG/57MG/5 ML,0.0
CLAVODEX DUO,AMOXICILLINE TRIHYDRAT2E /ACIDE CLAVULANIQUE POTASSIQUE,875MG/125MG,0.0
CLAVODAR 1G,"AMOXICILLINE** (SOUS
FORME TRIHYDRATEE) / ACIDE CLAVULANIQUE**",875MG*/125MG*,0.0
AMOCLAN BID,"AMOXICILLINE
TRIHYDRATEE EXPRIMEE EN AMOXICILLINE / ACIDE CLAVULANIQUE POTASSIQUE EXPRIME",875MG/125MG,0.0
KLAVOX,AMOXICILLINE/ACIDE CLAVULANIQUE,875MG/125MG,0.0
BIOPAMOX,AMOXICILLINE TRIHYDRATEE EXPRIME EN AMOXICILLINE,1G/SACHET,0.0
HIMOXYL,AMOXICILLINE TRIHYDRATE E EXPRIME EN AMOXICILLINE ANHYDRE,1G/SACHET,0.0
CLAVODEX,"AMOXICILLINE TRIHYDRATEE EXPRIME EN AMOXICILLINE
/ACIDE CLAVULANIQUE POTASSIQUE EXPRIME EN ACIDE CLAVULANIQUE",1G/125MG/SACH ET,0.0
CLAVOR,"AMOXICILLINE TRIHYDRATEE EXPRIME EN AMOXICILLINE
/ACIDE CLAVULANIQUE POTASSIQUE EXPRIME EN ACIDE CLAVULANIQUE",1G/125MG/SACH ET,0.0
BIOCLAV 8:1,"AMOXICILLINE TRIHYDRATEE EXPRIME EN AMOXICILLINE
/ACIDE CLAVULANIQUE POTASSIQUE EXPRIME EN ACIDE CLAVULANIQUE",1G/125MG/SACH ET,0.0
CLAMOCLAV,"AMOXICILLINE TRIHYDRATEE EXPRIME EN AMOXICILLINE
/ACIDE CLAVULANIQUE POTASSIQUE EXPRIME EN ACIDE CLAVULANIQUE",1G/125MG/SACH ET,0.0
AUGMENTIN ADULTE,"AMOXICILLINE
TRIHYDRATEE EXPRIME EN AMOXICILLINE",1G/125MG/SACH ET,0.0
AMOCLAN 8:1,"AMOXICILLINE
TRIHYDRATEE EXPRIME EN AMOXICILLINE
/ACIDE CLAVULANIQUE POTASSIQUE EXPRIME",1G/125MG/SACH ET,0.0
"AMOXICILLINE / ACIDE CLAVULANIQUE
SANDOZ ADULTE","AMOXICILLINE
TRIHYDRATEE EXPRIME EN AMOXICILLINE
/ACIDE CLAVULANIQUE",1G/125MG/SACH ET,0.0
AMOCLAN,AMOXICILLINE/ACIDE CLAVULANIQUE,"500MG/100MG
/FL. DE PDRE.",0.0
TABUKLAV,AMOXICILLINE/ ACIDE CLAVULANIQUE,500MG/100MG,0.0
SAIFOXYL,AMOXICILLINE TRIHYDRATEE EXPRIME EN AMOXICILLINE,500MG,0.0
PENAMOX D,"AMOXICILLINE
TRIHYDRATEE EXPRIME",500MG,0.0
AMOXYPEN,"AMOXICILLINE TRIHYDRATEE EXPRIME
EN AMOXICILLINE",500MG,0.0
AMOXYPEN,AMOXICILLINE TRIHYDRATEE EXPRIME EN AMOXICILLINE,250MG,0.0
OSPEN 400,PHENOXYMETHYLPENICI LLINE,400.000UI/5ML,0.0
ORAPEN,PHENOXYMETHYLPENICI LLINE,1 500 000UI,0.0
PENIVAL,PHENOXYMETHYLPENICI LLINE POTASSIQUE,1 500 000UI,0.0
MERONEM,"MEROPENEME TRIHYDRATE EXPRIME EN MEROPENEME
ANHYDRE",1G/FL DE PDRE,0.0
MEPRA,"MEROPENEME
TRIHYDRATE EXPRIME",1G/FL DE PDRE,0.0
ARCHIFAR,"Méropénéme trihydraté
exprimé en",1G/FL DE PDRE,0.0
MEPRA,"MEROPENEME
TRIHYDRATE EXPRIME",500MG/FLACON,0.0
THIOPHENICOL,THIAMPHENICOL,"750MG/FL. DE
PDRE.",0.0
OFLAX,Ofloxacine,200MG,0.0
MENEFLOKS,Ofloxacine,200MG,0.0
OFLOCET,Ofloxacine,200MG/40ML,0.0
OFLOXACINE MYLAN,Ofloxacine,5MG/ML (200MG/40ML),0.0
MATADOR 250,LEVOFLOXACINE HEMIHYDRATE EXPRIME EN LEVOFLOXACINE,250MG,0.0
TAVANIC,"LEVOFLOXACINE
HEMIHYDRATE EXPRIME",250MG,0.0
MATADOR 500,LEVOFLOXACINE HEMIHYDRATE EXPRIME EN LEVOFLOXACINE,500MG,0.0
LEVOFLOX,LEVOFLOXACINE HEMIHYDRATE EXPRIME EN LEVOFLOXACINE,500MG,0.0
NORFLOXAL,NORFLOXACINE,400 MG,0.0
TAVANIC,LEVOFLOXACINE HEMIHYDRATE EXPRIME EN LEVOFLOXACINE,500MG,0.0
LEVOFLOXACINE RAZES,LEVOFLOXACINE HEMIHYDRATE EXPRIME EN LEVOFLOXACINE,5MG/ML,0.0
INDPRO,CIPROFLOXACINE,2MG/ML (200MG/100ML),0.0
CIPROFLOXACINE RAZES,CIPROFLOXACINE,2MG/ML (200MG/100ML) (400MG/200ML),0.0
CIPROLON,CIPROFLOXACINE,2MG/ML (200MG/100ML) (400MG/200ML),0.0
CIPROTEK,"CIPROFLOXACINE CHLORHYDRATE EXPRIME EN
CIPROFLOXACINE",250MG,0.0
CIPROLON,CIPROFLOXACINE CHLORHYDRATE EXPRIME EN CIPROFLOXACINE,250MG,0.0
CIPROTEK,"CIPROFLOXACINE CHLORHYDRATE EXPRIME EN
CIPROFLOXACINE",250MG,0.0
LOXANAD,"CIPROFLOXACINE CHLORHYDRATE EXPRIME EN
CIPROFLOXACINE",250MG,0.0
PROFLOX,"CIPROFLOXACINE
CHLORHYRATE MONOHYDRATE EXPRIME EN",250MG,0.0
CIPROFLOXAL,"CIPROFLOXACINE CHLORHYDRATE EXPRIME EN
CIPROFLOXACINE",250MG,0.0
CIPROFLOXACINE BEKER,CIPROFLOXACINE CHLORHYDRATE EXPRIME EN CIPROFLOXACINE,500MG,0.0
CIPROTEK,"CIPROFLOXACINE CHLORHYDRATE EXPRIME EN
CIPROFLOXACINE",500MG,0.0
CIPRODAR,CIPROFLOXACINE CHLORHYDRATE EXPRIME EN CIPROFLOXACINE,500MG,0.0
QUINOX,"CIPROFLOXACINE CHLORHYRATE MONOHYDRATE EXPRIME EN
CIPROFLOXACINE",500MG,0.0
CIPROLON,"CIPROFLOXACINE CHLORHYDRATE EXPRIME EN
CIPROFLOXACINE",500MG,0.0
CIPRO 500,"CIPROFLOXACINE CHLORHYRATE MONOHYDRATE EXPRIME EN
CIPROFLOXACINE",500MG,0.0
FLOCINE,"CIPROFLOXACINE CHLORHYRATE MONOHYDRATE EXPRIME EN
CIPROFLOXACINE",500MG,0.0
LOXANAD,CIPROFLOXACINE CHLORHYDRATE (EXPRIME EN CIPROFLOXACINE),500 MG,0.0
PROFLOX,"CIPROFLOXACINE
CHLORHYRATE MONOHYDRATE EXPRIME EN",500MG,0.0
OZAFLOX,"CIPROFLOXACINE
CHLORHYRATE MONOHYDRATE EXPRIME EN",500MG,0.0
MEFLOX,"CIPROFLOXACINE
CHLORHYRATE MONOHYDRATE EXPRIME EN",500MG,0.0
CIPROFLOXAL,CIPROFLOXACINE CHLORHYDRATE EXPRIME EN CIPROFLOXACINE,500MG,0.0
CIPROFLOXACINE ZENTIVA,"CIPROFLOXACINE CHLORHYDRATE EXPRIME EN
CIPROFLOXACINE",500MG,0.0
CIPROFLOXACINE BEKER,CIPROFLOXACINE CHLORHYDRATE EXPRIME EN CIPROFLOXACINE,750MG,0.0
QUINOX,"CIPROFLOXACINE CHLORHYRATE MONOHYDRATE EXPRIME EN
CIPROFLOXACINE",750MG,0.0
CIPROLON,"CIPROFLOXACINE
CCIHPRLORFLHOYXDARCAITNEE",750MG,0.0
CIPRO 750,CHLORHYRATE MONOHYDRATE EXPRIME EN,750MG,0.0
OZAFLOX,"CIPROFLOXACINE
CHLORHYRATE MONOHYDRATE",750MG,0.0
OFLAX,Ofloxacine,400MG,0.0
GEMIXINE,GEMIFLOXACINE MESYLATE EXPRIME EN GEMIFLOXACINE,320MG,0.0
FACTIVE,GEMIFLOXACINE MESYLATE EXPRIME EN GEMIFLOXACINE,320MG,0.0
AVELOX,MOXIFLOXACINE CHLORHYDRATE EXPRIME EN MOXIFLOXACINE,400MG**,0.0
CIPROCINE,CIPROFLOXACINE,250MG/5ML,0.0
QUINOX LP,"CIPROFLOXACINE
CHLORHYRATE MONOHYDRATE EXPRIME EN",1G,0.0
MATADOR 750,"LEVOFLOXACINE
HEMIHYDRATE EXPRIME",750MG,0.0
CROFURIL,FURAZOLIDONE,344 MG/100 ML,0.0
BACTISOL,"SULFAMETHOXAZOLE /
TRIMETHOPRIME","200MG/40MG/5
ML",0.0
COTRIM,SULFAMETHOXAZOLE / TRIMETHOPRIME,200MG/40MG/5 ML,0.0
SULPRIM,"SULFAMETHOXAZOLE /
TRIMETHOPRIME","200MG/40MG/5
ML",0.0
COTRIMOXAZOLE,"SULFAMETHOXAZOLE /
TRIMETHOPRIME","200MG/40MG/5
ML",0.0
DIPRIM,"SULFAMETHOXAZOLE /
TRIMETHOPRIME","200MG/40MG/5
ML",0.0
PRIMAZOL,SULFAMETHOXAZOLE / TRIMETHOPRIME,200MG/40MG/5 ML,0.0
C-ZOLE,SULFAMETHOXAZOLE / TRIMETHOPRIME,80 MG/400MG,0.0
GETRIM,"SULFAMETHOXAZOLE /
TRIMETHOPRIME",400MG/80MG,0.0
PRIMAZOL,SULFAMETHOXAZOLE / TRIMETHOPRIME,400MG/80MG,0.0
CORTIMOXAL,SULFAMETHOXAZOLE / TRIMETHOPRIME,400MG/80MG,0.0
GETRIM FORT,SULFAMETHOXAZOLE / TRIMETHOPRIME,800MG/160MG,0.0
"COTRIMOXAL
FORTE","SULFAMETHOXAZOLE /
TRIMETHOPRIME",800MG/160MG,0.0
FUCIDINE,"ACIDE FUSIDIQUE OU
FAUCSIDIDEAFTUESDIDEIQSOUDEIUOMU",500MG/10 ML,0.0
FUCIDINE,FUSIDATE DE SODIUM,250MG,0.0
FUCIDINE,ACIDE FUSIDIQUE,250MG/5ML,0.0
LISAVIR,ACICLOVIR,200MG,0.0
NOVACLOVIR,ACICLOVIR,200MG,0.0
CLOVIRAX,ACICLOVIR,200MG,0.0
VIRAM,ACICLOVIR,200MG,0.0
ACICLOVIR GL,ACICLOVIR,200MG,0.0
CLOVIR,ACICLOVIR,200MG,0.0
MEVIROX,ACICLOVIR,250MG,0.0
ACICLOVIR MYLAN,ACICLOVIR,250MG/FL. DE PDRE.,0.0
ZIDOVIR -100,ZIDOVUDINE,100MG,0.0
DUOVIR,"LAMIVUDINE/ZIDOVUDI
NE",150MG/300MG,0.0
"LAMIVUDINE
MYLAN",LAMIVUDINE,150MG,0.0
LAMIVIR,LAMIVUDINE,150MG,0.0
LAMIVIR,LAMIVUDINE,10MG/ML,0.0
ZERIT,STAVUDINE,30MG,0.0
ZERIT,STAVUDINE,40MG,0.0
ZIDOVIR,ZIDOVUDINE,10MG/ML (50MG/5ML),0.0
ZIDONE OS,ZIDOVUDINE,"10MG/ML
(50MG/5ML)",0.0
NEVIMUNE,NEVIRAPINE,200MG,0.0
REBETOL,RIBAVIRINE,200MG,0.0
COPEGUS,RIBAVIRINE,200MG,0.0
RIBAVIRINE BEKER,RIBAVIRINE,200MG,0.0
EFAVIR 200,EFAVIRENZ,200MG,0.0
STOCRIN,EFAVIRENZ,200MG,0.0
EFAVIR-600,EFAVIRENZ,600MG,0.0
STOCRIN,EFAVIRENZ,600MG,0.0
ZIDOVIR-300,ZIDOVUDINE,300MG,0.0
ZIDOHOPE 300,ZIDOVUDINE,300 MG,0.0
PEGASYS,"PEGINTERFERON ALFA
2A","180µG/0,5ML (OU
360µG/ML)",0.0
VIROZEL,"OSELTAMIVIR
PHOSPHATE EXPRIME EN OSELTAMIVIR",75MG,0.0
SAIFLU,OSELTAMIVIR,75MG,0.0
ACICLOVIR MYLAN,ACICLOVIR,500MG/FL. DE PDRE.,0.0
BARACLUDE,ENTECAVIR,"0,5MG",0.0
ERTIVIX,ENTECAVIR,"0,5 MG",0.0
BARACLUDE,ENTECAVIR,1MG,0.0
ERTIVIX,ENTECAVIR,1MG,0.0
"SAIFLU
NOURRISSON","OSELTAMIVIR
PHOSPHATE EXPRIME",30MG,0.0
SAIFLU ENFANT,"OSELTAMIVIR
PHOSPHATE EXPRIME",45MG,0.0
VIRAFERONPEG,PEGINTERFERON ALFA 2B,50µG/STYLO,0.0
VICTRELIS,BOCEPREVIR,200 MG,0.0
SOFOS,SOFOSBUVIR,400MG,0.0
SOFOSLED,SOFOSBUVIR/LEDIPASVI R,400MG,0.0
RANCLOVIR,VALACICLOVIR CHLORHYDRATE,500 MG,0.0
ISENTRESS,RALTEGRAVIR,400 MG,0.0
TENOF EM,"EMTRICITABINE
/TENOFOVIR DISPROXIL","200 MG/300MG (
equivalent à 245",0.0
TENOF,TENOFOVIR DISOPROXIL FUMARATE,300 MG,0.0
DACLA,"DACLATASVIR
DICHLORHYDRATE",60 MG,0.0
RITNA,RITONAVIR,100 MG,0.0
NOXAFIL,POSACONAZOLE,40MG/ML,0.0
FUNGIZONE,AMPHOTERICINE B,50MG,0.0
FUNGIZONE,AMPHOTERICINE B,10% (10G/100ML),0.0
FLUCAND,FLUCONAZOLE,"2MG/ML (OU
200MG/100ML)",0.0
VIRCET,FLUCONAZOLE,100MG,0.0
FONGENAL,GRISEOFULVINE,125MG,0.0
FONGENAL,GRISEOFULVINE,250MG,0.0
FONGENAL,GRISEOFULVINE,500MG,0.0
LIFENYSTIN,NYSTATINE,500 000UI,0.0
MYCOZAN,FLUCONAZOLE,50MG,0.0
DIFLUCARE,FLUCONAZOLE,50MG,0.0
VEFLAT,FLUCONAZOLE,50MG,0.0
DIFLU-Gé,FLUCONAZOLE,50MG,0.0
FLUCAND,FLUCONAZOLE,50MG,0.0
"FLUCONAZOLE
LDM",FLUCONAZOLE,50MG,0.0
AMIKOZ 50,FLUCONAZOLE,50MG,0.0
FLUCONALE,FLUCONAZOLE,50MG,0.0
"FLUCONAZOLE
PFIZER",FLUCONAZOLE,50MG,0.0
"FLUCONAZOLE
IVAL",FLUCONAZOLE,50MG,0.0
"FLUCONAZOLE
IVAL",FLUCONAZOLE,50MG,0.0
MYCOFLUCON,FLUCONAZOLE,50MG,0.0
"FLUCONAZOLE
SANDOZ",FLUCONAZOLE,50MG,0.0
FLUKAS,FLUCONAZOLE,50MG,0.0
VIRCET,FLUCONAZOLE,50MG,0.0
FLUCAZOL,FLUCONAZOLE,50MG,0.0
VIRCET,FLUCONAZOLE,200MG,0.0
LAMINOX,"TERBINAFINE CHLORHYDRATE EXPRIME EN
TERBINAFINE",250MG,0.0
TERBINAN,"TERBINAFINE CHLORHYDRATE EXPRIME EN
TERBINAFINE",250MG,0.0
TERBINAFINE LDM,TERBINAFINE CHLORHYDRATE,250MG,0.0
TERBIL,"TERBINAFINE CHLORHYDRATE EXPRIME EN
TERBINAFINE",250MG,0.0
TERFINEX,"TERBINAFINE CHLORHYDRATE EXPRIME EN
TERBINAFINE",250MG,0.0
TERCYD,"TERBINAFINE CHLORHYDRATE EXPRIME EN
TERBINAFINE",250MG,0.0
TERBIFINE,"TERBINAFINE
CHLORHYDRATE EXPRIME EN",250MG,0.0
LAMIDAZ,"TERBINAFINE
CHLORHYDRATE",250MG,0.0
"TERBINAFINE
BEKER","TERBINAFINE
CHLORHYDRATE",250MG,0.0
MYCOZAN,FLUCONAZOLE,150MG,0.0
"FLUCONAZOLE
BIOCARE",FLUCONAZOLE,150MG,0.0
VEFLAT,FLUCONAZOLE,150MG,0.0
FLUCAND,FLUCONAZOLE,150MG,0.0
"FLUCONAZOLE
HUP",FLUCONAZOLE,150MG,0.0
FLUKAS,FLUCONAZOLE,150MG,0.0
AMIKOZ 150,FLUCONAZOLE,150MG,0.0
DIFLUCARE,FLUCONAZOLE,150MG,0.0
"FLUCONAZOLE
IVAL",FLUCONAZOLE,150MG,0.0
MYCOFLUCON,FLUCONAZOLE,150MG,0.0
FLUCONAZOLE LDM,FLUCONAZOLE,150MG,0.0
VIRCET,FLUCONAZOLE,150MG,0.0
CANCIDAS,CASPOFUNGINE ACETATE EXPRIME EN CASPOFUNGINE,50MG/FL. DE PDRE.,0.0
AFUNDAS-L,"CASPOFUNGINE
ACETATE EXPRIME EN","50MG/FL. DE
PDRE.",0.0
CANCIDAS,CASPOFUNGINE ACETATE EXPRIME EN CASPOFUNGINE,70MG/FL. DE PDRE.,0.0
AFUNDAS-L,CASPOFUNGINE ACETATE EXPRIME EN CASPOFUNGINE,70MG/FL. DE PDRE.,0.0
NYSTAR,NYSTATINE,100 000UI,0.0
VFEND,VORICONAZOLE,"200MG/FL. DE
PDRE. (OU 10MG/ML DE SOL.",0.0
"VORICONAZOLE
BEKER",VORICONAZOLE,200MG,0.0
VFEND,VORICONAZOLE,200MG,0.0
VORICONAZOLE BEKER,VORICONAZOLE,50MG,0.0
VFEND,VORICONAZOLE,50MG,0.0
ITRAZON,ITRACONAZOLE,100MG,0.0
ITRASPOR,ITRACONAZOLE,100MG,0.0
VAXIGRIP,VACCIN GRIPPAL INACTIVE A VIRION FRAGMENTE,"0,5ML",0.0
PRIVIGEN,IMMUNOGLOBULINE HUMAINE NORMALE 1G IV,100MG/ML,0.0
KIOVIG,IMMUNOGLOBULINE HUMAINE NORMALE (Ig IV),"100MG/ML (2,5G/25ML-5G/50ML -
10G/100ML)",0.0
INTRATECT,IMMUNOGLOBULINE HUMAINE NORMALE POLYVALENTE (Ig IV),"50MG/ML (2,5G/50ML OU 5G/100ML OU
10G/200ML)",0.0
TELGENE,IMMUNOGLOBULINE HUMAINE NORMALE,50MG/ML,0.0
OCTAGAM,IMMUNOGLOBULINE HUMAINE NORMALE,"50MG/ML (2,5G/50ML OU 5G/100ML OU
10G/200ML)",0.0
TIENAM,"IMIPENEM**(SOUS
FORME MONOHYDRATEE) / CILASTATINE (ACIDE)**",500MG/500MG/F L.DE PDRE.**,0.0
CILANEM,"IMIPENEM**(SOUS
FORME MONOHYDRATEE) /","500MG**/500MG
**/FL. DE PDRE.",0.0
IMECISTAL,"IMIPENEM**(SOUS
FORME MONOHYDRATEE) /","500MG**!/500M
G**/FL. DE PDRE DE 20ML",0.0
INVANZ,ERTAPANEM** (SOUS FORME SODIQUE),1G/FL. DE PDRE**,0.0
VANCOMYCINE MYLAN,VANCOMYCINE** (SOUS FORME DE CHLORHYDRATE),500MG/FL DE PDRE.**,0.0
TARGOPLANIN,TEICOPLANINE,"200MG/FL. DE
LYOPH",0.0
TARGOCID,TEICOPLANINE,"200MG/FL.DE
PDRE.",0.0
TARGOCID,TEICOPLANINE,"400MG/FL.DE
PDRE.",0.0
METLESS LP,METFORMINE HYDROCHLORIDE,500MG,0.0
METLESS LP,METFORMINE HYDROCHLORIDE,750 MG,0.0
METLESS LP,"METFORMINE
HYDROCHLORIDE",1G,0.0
METFOR LP,METFORMINE HYDROCHLORIDE,1G,0.0
VILDAMETFOR,VILDAGLIPTINE/METFOR MINE HYDROCHLORIDE,50MG/850MG,0.0
GLIMEPIRIDE PHYSIOPHARM,GLIMEPIRIDE,2MG,0.0
WIPACK,EAU POUR PREPARATIONS INJECTABLES,AMPOULE DE 5 ML,0.0
HEMI-DAONIL,GLIBENCLAMIDE,"2,5MG",0.0
MIGLUCAN,GLIBENCLAMIDE,"2,5MG",0.0
GLIBENCROVIS,GLIBENCLAMIDE,"2,5MG",0.0
DIABENIL,GLIBENCLAMIDE,"2,5MG",0.0
DAONIL,GLIBENCLAMIDE,5MG,0.0
GLIBIL,GLIBENCLAMIDE,5MG,0.0
GLUCONIL,GLIBENCLAMIDE,5MG,0.0
DIABENIL,GLIBENCLAMIDE,5MG,0.0
DIAPHAG,GLICLAZIDE,80MG,0.0
NEXECOR,"METFORMINE
CHLORHYDRATE",500MG,0.0
FORMENTIN,"METFORMINE
CHLORHYDRATE",500MG,0.0
DIABAMINE BGL,"METFORMINE
CHLORHYDRATE",500MG,0.0
GLUCOFORMINE,"METFORMINE
CHLORHYDRATE",500MG,0.0
GLUCOMEX,"METFORMINE
CHLORHYDRATE",500MG,0.0
PHYSIOPHORMIN E,METFORMINE CHLORHYDRATE,500MG,0.0
NOVOFORMINE,METFORMINE CHLORHYDRATE,500MG,0.0
NOVOFORMINE,"METFORMINE
CHLORHYDRATE",850MG,0.0
NEXECOR,METFORMINE CHLORHYDRATE,850MG,0.0
FORMENTIN,"METFORMINE
CHLORHYDRATE",850MG,0.0
DIABAMINE BGL,METFORMINE CHLORHYDRATE,850MG,0.0
METFOR 850,"METFORMINE
CHLORHYDRATE",850MG,0.0
METOPHAGE,METFORMINE CHLORHYDRATE,850MG,0.0
METFORAL,METFORMINE CHLORHYDRATE,850MG,0.0
GLUCOFORMINE,"METFORMINE
CHLORHYDRATE",850MG,0.0
GLUCOMEX,METFORMINE CHLORHYDRATE,850MG,0.0
FARMIDOX,"METFORMINE
CHLORHYDRATE",850MG,0.0
GLUCOPHAGE 850,"METFORMINE
CHLORHYDRATE",850MG,0.0
GLUCONAD,"METFORMINE
CHLORHYDRATE",850MG,0.0
GLUCOTAC,METFORMINE CHLORHYDRATE,850MG,0.0
"PHYSIOPHORMIN
E","METFORMINE
CHLORHYDRATE",850MG,0.0
DIAGUANID,"METFORMINE
CHLORHYDRATE",850MG,0.0
"METFORMINE
ZENTIVA","METFORMINE
CHLORHYDRATE",850MG,0.0
STAGID,"METFORMINE
EMBONATE",700MG,0.0
ARBOSE,ACARBOSE,50MG,0.0
CORECT,ACARBOSE,50MG,0.0
ACARLYSE,ACARBOSE,50MG,0.0
GLYACARB,ACARBOSE,50MG,0.0
GLUCAR,ACARBOSE,50MG,0.0
GLUCONOVA,ACARBOSE,50MG,0.0
LARIMEL,ACARBOSE,50MG,0.0
GLUCOBAY,ACARBOSE,50MG,0.0
ACROBAY,ACARBOSE,50MG,0.0
GLORION,GLIMEPIRIDE,1MG,0.0
AMAPIRIDE HUP,GLIMEPIRIDE,1MG,0.0
IRYS 1MG,GLIMEPIRIDE,1MG,0.0
GLIMEPIRIDE IVAL,GLIMEPIRIDE,1MG,0.0
ROZEMIDE,GLIMEPIRIDE,1MG,0.0
LAVIDA,GLIMEPIRIDE,1MG,0.0
GLUDOSIN,GLIMEPIRIDE,1MG,0.0
AMAREL,GLIMEPIRIDE,1MG,0.0
GLUMEPIRIDE BEKER,GLIMEPIRIDE,1MG,0.0
GLODEC,GLIMEPIRIDE,1MG,0.0
GLIMICARE,GLIMEPIRIDE,1MG,0.0
PIRAMYL,GLIMEPIRIDE,1MG,0.0
"GLIMEPIRIDE
BEKER",GLIMEPIRIDE,2MG,0.0
GLIMICARE,GLIMEPIRIDE,2MG,0.0
GLORION,GLIMEPIRIDE,2MG,0.0
AMAPIRIDE HUP,GLIMEPIRIDE,2MG,0.0
IRYS 2MG,GLIMEPIRIDE,2MG,0.0
GLIMEPIRIDE LDM,GLIMEPIRIDE,2MG,0.0
GLIMEPIRIDE IVAL,GLIMEPIRIDE,2MG,0.0
ROZEMIDE,GLIMEPIRIDE,2MG,0.0
LAVIDA,GLIMEPIRIDE,2MG,0.0
GLUDOSIN,GLIMEPIRIDE,2MG,0.0
AMAREL,GLIMEPIRIDE,2MG,0.0
GLODEC 2,GLIMEPIRIDE,2MG,0.0
PIRAMYL,GLIMEPIRIDE,2MG,0.0
"GLIMEPIRIDE
BEKER",GLIMEPIRIDE,3MG,0.0
GLORION,GLIMEPIRIDE,3MG,0.0
AMAPIRIDE HUP,GLIMEPIRIDE,3MG,0.0
IRYS 3MG,GLIMEPIRIDE,3MG,0.0
GLIMEPIRIDE LDM,GLIMEPIRIDE,3MG,0.0
GLIMEPIRIDE IVAL,GLIMEPIRIDE,3MG,0.0
LAVIDA,GLIMEPIRIDE,3MG,0.0
GLUDOSIN,GLIMEPIRIDE,3MG,0.0
AMAREL,GLIMEPIRIDE,3MG,0.0
GLODEC 3,GLIMEPIRIDE,3MG,0.0
GLIMICARE,GLIMEPIRIDE,3MG,0.0
PIRAMYL,GLIMEPIRIDE,3MG,0.0
ROZEMIDE,GLIMEPIRIDE,3MG,0.0
"GLIMEPIRIDE
BEKER",GLIMEPIRIDE,4MG,0.0
GLORION,GLIMEPIRIDE,4MG,0.0
AMAPIRIDE HUP,GLIMEPIRIDE,4MG,0.0
IRYS 4MG,GLIMEPIRIDE,4MG,0.0
ROZEMIDE,GLIMEPIRIDE,4MG,0.0
LAVIDA,GLIMEPIRIDE,4MG,0.0
GLUDOSIN,GLIMEPIRIDE,4MG,0.0
AMAREL,GLIMEPIRIDE,4MG,0.0
GLIMEPIRIDE PHYSIOPHARM,GLIMEPIRIDE,4MG,0.0
GLODEC,GLIMEPIRIDE,4MG,0.0
GLIMICARE,GLIMEPIRIDE,4MG,0.0
PIRAMYL,GLIMEPIRIDE,4MG,0.0
GLIMEPIRIDE IVAL,GLIMEPIRIDE,4MG,0.0
"REPAGLINIDE
BEKER",REPAGLINIDE,"0,5MG",0.0
DIAGLINIDE,REPAGLINIDE,"0,5MG",0.0
GLINIX,REPAGLINIDE,"0,5MG",0.0
GLYCENORM,REPAGLINIDE,"0,5MG",0.0
SUCRONORME,REPAGLINIDE,"0,5MG",0.0
NOVONORM,REPAGLINIDE,"0,5MG",0.0
DIABENORM,REPAGLINIDE,"0,5MG",0.0
"REPAGLINIDE
BEKER",REPAGLINIDE,1MG,0.0
DIAGLINIDE,REPAGLINIDE,1MG,0.0
GLINIX,REPAGLINIDE,1MG,0.0
GLYCENORM,REPAGLINIDE,1MG,0.0
NEONORM,REPAGLINIDE,1MG,0.0
SUCRONORME,REPAGLINIDE,1MG,0.0
NOVONORM,REPAGLINIDE,1MG,0.0
DIABENORM,REPAGLINIDE,1MG,0.0
DIAGLINIDE,REPAGLINIDE,2MG,0.0
REPAGLINIDE GL,REPAGLINIDE,2MG,0.0
GLINIX,REPAGLINIDE,2MG,0.0
GLYCENORM,REPAGLINIDE,2MG,0.0
"REPAGLINIDE
BEKER",REPAGLINIDE,2MG,0.0
NEONORM,REPAGLINIDE,2MG,0.0
NOVONORM,REPAGLINIDE,2MG,0.0
DIABENORM,REPAGLINIDE,2MG,0.0
NOVOFORMINE,"METFORMINE
CHLORHYDRATE",1000MG,0.0
NEXECOR,"METFORMINE
CHLORHYDRATE",1000MG,0.0
FORMENTIN,METFORMINE CHLORHYDRATE,1000MG,0.0
DIABAMINE BGL,METFORMINE CHLORHYDRATE,1000MG,0.0
GLUCOPHAGE,"METFORMINE
CHLORHYDRATE",1000MG,0.0
METFORAL 1000,METFORMINE CHLORHYDRATE,1000MG,0.0
GLUCOFORMINE,METFORMINE CHLORHYDRATE,1000MG,0.0
GLUCOMEX,"METFORMINE
CHLORHYDRATE",1000MG,0.0
DIAGUANID,"METFORMINE
CHLORHYDRATE",1000MG,0.0
"METFORMINE
ZENTIVA","METFORMINE
CHLORHYDRATE",1000MG,0.0
"PHYSIOPHORMIN
E","METFORMINE
CHLORHYDRATE",1000MG,0.0
GLICLAZIDE BGL,GLICLAZIDE,30MG,0.0
GLATIX,GLICLAZIDE,30MG,0.0
GLICRON,GLICLAZIDE,30MG,0.0
DIAMICRON,GLICLAZIDE,30MG,0.0
GLAZIDAL LP,GLICLAZIDE,30MG,0.0
GLURENOR,GLIQUIDONE,30MG,0.0
ACTOS,"PIOGLITAZONE
CHLORHYDRATE EXPRIME EN",15MG,0.0
ACTOS,"PIOGLITAZONE
CHLORHYDRATE",30MG,0.0
GLIMICARE,GLIMEPIRIDE,6MG,0.0
GLORION,GLIMEPIRIDE,6MG,0.0
LAVIDA,GLIMEPIRIDE,6MG,0.0
AMAREL,GLIMEPIRIDE,6MG,0.0
IRYS,GLIMEPIRIDE,6MG,0.0
GLUCOBAY,ACARBOSE,100MG,0.0
GLYBEK,ACARBOSE,100MG,0.0
GLUCAR,ACARBOSE,100MG,0.0
GLUCONOVA,ACARBOSE,100MG,0.0
SITANORM,"SITAGLIPTINE PHOSPHATE MONOHYDRATE EXPRIME EN
SITAGLIPTINE",100MG,0.0
JEGA,SITAGLIPTINE PHOSPHATE MONOHYDRATE EXPRIME EN SITAGLIPTINE,100MG,0.0
DIATAG,"SITAGLIPTINE PHOSPHATE MONOHYDRATE EXPRIME EN
SITAGLIPTINE",100MG,0.0
GLYSAVIA,"SITAGLIPTINE PHOSPHATE MONOHYDRATE EXPRIME EN
SITAGLIPTINE",100MG,0.0
JANUVIA,"SITAGLIPTINE
PHOSPHATE MONOHYDRATE",100MG,0.0
DALVEX,"SITAGLIPTINE
PHOSPHATE MONOHYDRATE",100MG,0.0
SITAGLIPTINE,"SITAGLIPTINE
PHOSPHATE MONOHYDRATE",100MG,0.0
GLAVIP,Vildagliptine,50MG,0.0
GALVUS,Vildagliptine,50MG,0.0
PHYSIOPHORMIN E,METFORMINE CHLORHYDRATE,500MG/SACHET,0.0
PHYSIOPHORMIN E,METFORMINE CHLORHYDRATE,850MG/SACHET,0.0
PHYSIOPHORMIN E,METFORMINE CHLORHYDRATE,1000MG/SACHET,0.0
SITANORM,"SITAGLIPTINE
PHOSPHATE",50 MG,0.0
"SITAGLIPTINE
BEKER","SITAGLIPTINE
PHOSPHATE",50 MG,0.0
VILDAMETFOR,VIDAGLIPTINE/METFOR MINE CHLORHYDRATE,50MG/1000MG,0.0
INSUMAN RAPID,INSULINE HUMAINE RAPIDE,100UI/ML,0.0
UMULINE RAPIDE,INSULINE RAPIDE HUMAINE,100UI/ML,0.0
ACTRAPID HM PENFILL,INSULINE RAPIDE HUMAINE,100UI/ML,0.0
INSULATARD HM PENFILL,"INSULINE HUMAINE INTERMEDIAIRE
MONOPHASIQUE",100UI/ML,0.0
MIXTARD 30 HM PENFILL,"INSULINE HUMAINE
INTERMEDIAIRE BIPHASIQUE",100UI/ML,0.0
JUSLINE 30/70,"INSULINE HUMAINE (rDNA) 30% / INSULINE HUMAINE ISOPHANE
70%",100UI/ML,0.0
MIXTARD 30HM,"INSULINE HUMAINE/INSULINE
ISOPHANE 30%/70%",100UI/ML,0.0
"UMULINE PROFIL
30","INSULINE HUMAINE /
INSULINE HUMAINE",100UI/ML,0.0
JUSLINE N,"INSULINE HUMAINE
(rDNA) ISOPHANE",100UI/ML,0.0
UMULINE NPH,"INSULINE HUMAINE
ISOPHANE",100UI/ML,0.0
INSULATARD HM,INSULINE ISOPHANE,100UI/ML,0.0
INSUDAL BASAL,INSULINE HUMAINE ISOPHANE,100UI/ML,0.0
INSUMAN BASAL,INSULINE HUMAINE ISOPHANE,"100UI/ML (3,5MG/ML)",0.0
ACTRAPID HM,INSULINE HUMAINE MONOCOMPOSEE,100UI/ML,0.0
HUMALOG 100,INSULINE LISPRO,"100UI/ML (3,5MG/ML)",0.0
INSUMAN RAPID,INSULINE HUMAINE BIOGENETIQUE RAPIDE,100UI/ML,0.0
JUSLINE R,INSULINE HUMAINE (rDNA) RAPIDE,100UI/ML,0.0
UMULINE RAPIDE,INSULINE HUMAINE RAPIDE,100UI/ML,0.0
INSUDAL RAPID,INSULINE HUMAINE BIOGENETIQUE RAPIDE,100UI/ML,0.0
INSUDAL COMB 25,"INSULINE HUMAINE /
INSULINE HUMAINE ISOPHANE 25%/75%",100UI/ML,0.0
INSUMAN COMB 25,"INSULINE HUMAINE
25% / INSULINE HUMAINE ISOPHANE","100UI/ML (3,5MG/ML)",0.0
INSUMAN COMB 25,"INSULINE HUMAINE
25% / INSULINE HUMAINE ISOPHANE",100UI/ML,0.0
INSUMAN BASAL,INSULINE HUMAINE ISOPHANE,100UI/ML,0.0
LANTUS,INSULINE GLARGINE,100UI/ML,0.0
LANTUS,INSULINE GLARGINE,100UI/ML,0.0
ABASAGLAR,INSULINE GLARGINE LILLY,"100UI/ML (3,64MG/ML)",0.0
BASALOG ONE,INSULINE GLARGINE,"100UI/ML (3,64MG/ML)",0.0
LANTUS SOLOSTAR,INSULINE GLARGINE,"100UI/ML (3,64MG/ML)",0.0
NOVORAPID FLEXPEN,INSULINE ASPARTE,100UI/ML,0.0
NOVORAPID PENFILL,INSULINE ASPARTE,100UI/ML,0.0
"NOVOMIX 30
FLEXPEN","INSULINE ASPARTE /
INSULINE ASPARTE",100UI/ML,0.0
NOVOMIX 30 PENFILL,INSULINE ASPARTE / INSULINE ASPARTE PROTAMINE 30/70%,100UI/ML,0.0
LEVEMIR FLEXPEN,INSULINE DETEMIR,"100U/ML (OU
100UI/ML)",0.0
LEVEMIR PENFILL,INSULINE DETEMIR,"100U/ML (OU
100UI/ML)",0.0
APIDRA,INSULINE GLULISINE,100UI/ML,0.0
APIDRA,INSULINE GLULISINE,100UI/ML,0.0
HUMALOG MIX 25,INSULINE LISPRO 25% / INSULINE LISPRO PROTAMINE 75%,"100UI/ML (3,5MG/ML)",0.0
HUMALOG MIX 50,"INSULINE LISPRO 50% / INSULINE LISPRO
PROTAMINE 50%","100UI/ML (3,5MG/ML)",0.0
HUMALOG,INSULINE LISPRO,"100UI/ML (3,5MG/ML)",0.0
HUMALOG MIX 25,INSULINE LISPRO 25% / INSULINE LISPRO PROTAMINE 75%,"100UI/ML (3,5MG/ML)",0.0
HUMALOG KIWIKPEN,INSULINE LISPRO,"100UI/ML (3,5MG/ML)",0.0
HUMALOG MIX 25 KIWIKPEN,"INSULINE LISPRO 25% /
INSULINE LISPRO PROTAMINE 75%","100UI/ML (3,5MG/ML)",0.0
HUMALOG MIX 50 KIWIKPEN,INSULINE LISPRO 50% / INSULINE LISPRO PROTAMINE 50%,"100UI/ML (3,5MG/ML)",0.0
GLUCAGEN HYPOKIT,Glucagon chlorhydrate exprimé en glucagon,1MG/ML,0.0
KAYEXALATE,POLYSTIRENE SULFONATE DE SODIUM,15G/MESURETTE,0.0
ISOCTINE,"CYPROHEPTADINE CHLORHYDRATE EXPRIME EN
CYPROHEPTADINE",2MG/5ML,0.0
HEPTAL,"CYPROHEPTADINE CHLORHYDRATE EXPRIME EN
CYPROHEPTADINE",2MG/5ML,0.0
HEPTAGYL,"CYPROHEPTADINE CHLORHYDRATE EXPRIME EN
CYPROHEPTADINE",2MG/5ML,0.0
LAPETI,"CYPROHEPTADINE CHLORHYDRATE EXPRIME EN
CYPROHEPTADINE",2MG/5ML,0.0
PRIACTYL,"CYPROHEPTADINE CHLORHYDRATE EXPRIME EN
CYPROHEPTADINE",2MG/5ML,0.0
CYPRODINE,"CYPROHEPTADINE CHLORHYDRATE EXPRIME EN
CYPROHEPTADINE",4MG,0.0
LAPETI,"CYPROHEPTADINE CHLORHYDRATE EXPRIME EN
CYPROHEPTADINE",4MG,0.0
CIPTADINE,CYPROHEPTADINE CHLORHYDRATE EXPRIME EN CYPROHEPTADINE,4MG,0.0
ORYACTINE,"CYPROHEPTADINE CHLORHYDRATE EXPRIME EN
CYPROHEPTADINE",4MG,0.0
MODESTAMINE,"CYPROHEPTADINE CHLORHYDRATE EXPRIME EN
CYPROHEPTADINE",4MG,0.0
PERIACTINE,"CYPROHEPTADINE CHLORHYDRATE EXPRIME EN
CYPROHEPTADINE",4MG,0.0
CALCIBRO,BROMO-GALACTOGLUCONATE DE CALCIUM,2G,0.0
OSSECAL,CARBONATE DE CALCIUM EXPRIME EN CALCIUM ELEMENT,500MG/SACHET,0.0
KINADYN CALCIUM,CARBONATE DE CALCIUM EXPRIME EN CALCIUM ELEMENT,500MG/SACHET,0.0
CALCIUM HYSA 500,CALCIUM CARBONATE EXPRIME EN CALCIUM ELEMENT,500MG DE CALCIUM (1250MG DE CALCIUM CARBONATE),0.0
CALCIDOSE,"CALCIUM CARBONATE
EXPRIME EN CALCIUM","500MG/SACHET
DOSE",0.0
CALCIUM SANDOZ,"CALCIUM  ELEMENT**
(SOUS FORME DE CALCIUM GLUCONOLACTATE ET","500MG** ( SEL
2,94G / 0,3 G)",0.0
NEOCALCIGENOL,"PHOSPHATE
TRICALCIQUE / FLUORURE DE SODIUM","125MG/0,5MG/8 µG/22,50MG/5M
L",0.0
LEVOTYNE,LEVOCARNITINE,10% (10G/100ML),0.0
EAU POUR PREPARATIONS INJECTABLES RAZES,EAU POUR PREPARATIONS INJECTABLES IM/IV,---,0.0
"EAU POUR PREPARATIONS
INJECTABLES","EAU POUR PREPARATIONS
INJECTABLES IM/IV",---,0.0
WI PACK,EAU POUR PREPARATIONS INJECTABLES IM/IV,FL/500ML,0.0
GLUCOSE 5%,GLUCOSE,5%,0.0
GLUCOSE 5%,GLUCOSE,5% FL. 500ML,0.0
GLUCOPACK,"GLUCOSE
MONOHYDRATEE",10%,0.0
GLUCOSE 10%,GLUCOSE,10% FL. 500ML,0.0
GLUCOPACK,"GLUCOSE
MONOHYDRATE EXPRIME EN GLUCOSE",15%,0.0
GLUCOSE,GLUCOSE,15% FL. 500ML,0.0
PIMAG,MAGNESIUM PIDOLATE,"1,5G/10ML",0.0
TONIMAG,MAGNESIUM PIDOLATE,"1,5MG/5ML",0.0
PYROMAG,MAGNESIUM PIDOLATE**,"0,15G/ML**
(15%) (750MG/5ML)**",0.0
ENERMAG,MAGNESIUM PIDOLATE,"1,5G/10ML",0.0
NONAN,OLIGOELEMENTS,,0.0
CHLORURE DE POTASSIUM AGUETTANT,CHLORURE DE POTASSIUM,10%,0.0
KALIPACK,CHLORURE DE POTASSIUM,"10% ( 0,1G/ML)",0.0
KALIGON,"POTASSIUM
GLUCONATE",15%,0.0
REHYDRAX,"CHLORURE DE
SODIUM/CHLORURE DE","2,6G/ 1,5G
/2,9G**/ 13,5G /",0.0
LACTAFLEX,"SODIUM CHLORURE /
POTASSIUM CHLORURE","0,6G  / 0,04G /
0,027G /0,320G",0.0
SODIUM BICARBONATE,SODIUM BICARBONATE,8.4%,0.0
PHYSIOL,SODIUM CHLORURE,0.9%,0.0
PHYSIOL,SODIUM CHLORURE,0.9%,0.0
"CHLORURE DE SODIUM 0,9%",SODIUM CHLORURE,0.9%,0.0
CHLORURE DE SODIUM BIEFFE,SODIUM CHLORURE,0.9%,0.0
"CHLORURE DE SODIUM 0,9%",SODIUM CHLORURE,0.9%,0.0
"CHLORURE DE SODIUM 0,9%",SODIUM CHLORURE ISOTONIQUE,0.9%,0.0
NATRIPACK,SODIUM CHLORURE,10%,0.0
"CHLORURE DE SODIUM HYPERTONIQUE
SAIDAL",CHLORURE DE SODIUM,10%,0.0
CALCIUM SANDOZ,"CALCIUM
GLCUACLOCNIUOMLAPCIDTAOTLEA/TCEAR","3,40G/0,150G/SA
C6H7,E5TMOGU/55M00LMENG",0.0
CALCIFOR,EXPRIME EN CALCIUM,CALCIUM,0.0
CALCIAL,"CALCIUM PIDOLATE
EXPRIME EN CALCIUM","67,5MG/5ML
(0,5G/5ML EN",0.0
ACTICAL,CALCIUM PIDOLATE,10%,0.0
CALPEROS,CALCIUM CARBONATE,500MG,0.0
"CALCIUM
NOVAGENERICS",CALCIUM CARBONATE,500MG,0.0
MEGAMAG,ASPARTATE DE MAGNESIUM DIHYDRATE,400MG,0.0
MAGNE,MAGNESIUM PIDOLATE,"15% ( OU
0,75G/5ML)",0.0
ISOMAG,MAGNESIUM PIDOLATE,15%,0.0
ACTIMAG,MAGNESIUM PIDOLATE,"15% (0,75G/5ML SOIT 61MG/5ML DE MAGNESIUM
ELEMENT)",0.0
VITAMAG,MAGNESIUM ELEMENT (SOUS FORME DE MAGNESIUM PIDOLATE),"61MG/5ML DE
MAGNESIUM (SOIT 0,75G/5ML OU 15% DE MAGNESIUM",0.0
ENERMAG,MAGNESIUM PIDOLATE,"15% (1,5G/10ML)",0.0
"URO 3000CHLORURE DE SODIUM 0,9%",CHLORURE DE SODIUM,0.9%,0.0
CALCIUM D3 SOPHAL,COLECALCIFEROL / CALCIUM CARBONATE EXPRIME EN CALCIUM ELEMENT,400UI/500MG,0.0
FIXECAL,COLECALCIFEROL / CALCIUM CARBONATE EXPRIME EN CALCIUM ELEMENT,400UI/500MG,0.0
OSSE D3,COLECALCIFEROL  / CALCIUM CARBONATE EXPRIME EN CALCIUM ELEMENT,400UI/500MG,0.0
IDEOS,"COLECALCIFEROL  / CALCIUM CARBONATE EXPRIME EN CALCIUM
ELEMENT",400UI/500MG,0.0
CALCIUM D3 NOVAGENERICS,"COLECALCIFEROL  /
CALCIUM CARBONATE EXPRIME EN CALCIUM",400UI/500MG,0.0
CALCIUM D3 IVAL,"COLECALCIFEROL  / CALCIUM CARBONATE EXPRIME EN CALCIUM
ELEMENT",400UI/500MG,0.0
"EAU POUR
PREPARATIONS INJECTABLES","EAU POUR PREPARATIONS
INJECTABLES IM/IV",AMP. DE 2ML,0.0
EAU POUR PREPARATION INJECTABLE,EAU POUR PREPARATION INJECTABLE,AMP. DE 3ML,0.0
EAU POUR PREPARATIONS INJECTABLES RAZES,EAU POUR PREPARATIONS INJECTABLES IM/IV,AMP. DE 5ML,0.0
"EAU POUR
PREPARATION","EAU POUR
PREPARATION",AMP. DE 5ML,0.0
EAU POUR PREPARATION INJECTABLE RAZES,EAU POUR PREPARATION INJECTABLE IM/IV,AMP. DE 10ML,0.0
WIPACK,EAU POUR PREPARATION INJECTABLE,AMPOULE DE 10 ML,0.0
MAGNO SANOL,OXYDE DE MAGNESIUM,250MG,0.0
REHYDRAX,"CHLORURE DE
SODIUM/CHLORURE DE POTASSIUM/ CHLORURE DE MAGNESIUM/ GLUCONATE DE CALCIUM /GLUCOSE","1,5G/1G/0,5G/0,5 G/27,5G/500ML",0.0
CALCIUM API,CALCIUM CARBONATE EXPRIME EN CALCIUM ELEMENT,500MG,0.0
BIOHYDRATE,"GLUCOSE
MONOHYDRATE/CHLOR URE DE SODIUM/CHLORURE DE","5,5G/0,3G/0,2G/0
,1G/0,05G/100ML",0.0
ACTICAL,CALCIUM PIDOLATE EXPRIME EN CALCIUM ELEMENT,"135MG/10ML DE
CALCIUM** (1G/10ML OU 10% DE PIDOLATE",0.0
VITAMAG,"MAGNESIUM ELEMENT
(SOUS FORME DE","127MG/5ML DE
MAGNESIUM",0.0
GLUCOPACK,"GLUCOSE
MON   HYDRATE",3G/100ML,0.0
KINADYN MG,"CARONATE DE
MAGNESIUM EXPRIME",3MG/SACHET,0.0
VITAMINE C,ACIDE ASCORBIQUE,500MG/5ML,0.0
VITA-C,ACIDE ASCORBIQUE,500MG,0.0
UN-ALFA,ALFACALCIDOL,1µG,0.0
UN-ALFA,ALFACALCIDOL,"0,25 µG",0.0
DEDROGYL,CALCIFEDIOL,5µG/GTTE.,0.0
VITAMINE D3 B.O.N,COLECALCIFEROL,200 000UI/ML,0.0
VITAM,COMPLEXE VITAMINIQUE,,0.0
VITAFORM,"COMPLEXE
VITAMINIQUE",,0.0
FRUBIOSE VIT D 1000 U.I,"ERGOCALCIFEROL / GLUCONATE DE CALCIUM / LACTATE DE
CALCIUM","1000UI/129MG/3
6,8 MG/5 ML",0.0
FRUBIOSE VIT D 5000 U.I,"ERGOCALCIFEROL / GLUCONATE DE CALCIUM / LACTATE DE
CALCIUM","5000UI/500MG/3
50MG/5ML",0.0
B.SIX,PYRIDOXINE,250MG,0.0
PYRIDOXINE API,PYRIDOXINE CHLORHYDRATE,250MG,0.0
THIAMINE API,THIAMINE NITRATE,250MG,0.0
API E,TOCOPHEROL,100MG,0.0
APIROVIT,THIAMINE/PYRIDOXINE,250MG/250MG,0.0
"VITAMINE B1 B6
BGL","THIAMINE
MONONITRATE /",250MG/250MG,0.0
BIROVIT HUP,"THIAMINE CHLORHYDRATE / PYRIDOXINE
CHLORHYDRATE",250MG/250MG,0.0
VITAZYME,THIAMINE MONONITRATE / PYRIDOXINE CHLORHYDRATE,250MG/250MG,0.0
NEUROVIT,THIAMINE/PYRIDOXINE,250MG/250MG,0.0
NOVITAL,"THIAMINE CHLORHYDRATE / PYRIDOXINE
CHLORHYDRATE",250MG/250MG,0.0
LADOSCORBINE,ACIDE ASCORBIQUE,500MG,0.0
VITAMINE  C,ACIDE ASCORBIQUE,500MG,0.0
APISCORBUT,ACIDE ASCORBIQUE,500MG,0.0
SARGENINE,ASPARTATE D'ARGININE,1G,0.0
ARGINOR,ARGININE ASPARTATE,1G/5ML,0.0
SARGENOR,ARGININE ASPARTATE,1G/5ML,0.0
VITAL C,ACIDE ASCORBIQUE,500MG,0.0
MEGADYN,"COMPLEXE VITAMINIQUE +
OLIGOELEMENTS",,0.0
ARGINOR + C,ARGININE ASPARTATE / ACIDE ASCORBIQUE,"1,5G/0,5G/5ML",0.0
SARGENOR VITAMINE C,ARGININE ASPARTATE / ACIDE ASCORBIQUE,"1,5G/0,5G/5ML",0.0
TROIS B,"THIAMINE / PYRIDOXINE
/ CYANOCOBALAMINE","125MG/125MG/0
,55MG",0.0
TONI C 1000,"ASCORBATE DE SODIUM
/ GLUTAMATE DE","1G/250MG/100M
G/100MG",0.0
TRI-B-VIT HUP,"THIAMINE
MONONITRATE / PYRIDOXINE CHLORHYDRATE /",200MG/100MG/1 MG,0.0
TRI-B,"THIAMINE
MONONITRATE /","200MG/100MG/1
MG",0.0
STIMOL,MALATE DE CITRILLUNE,1G/10ML,0.0
APISCORBUT,ACIDE ASCORBIQUE,1G,0.0
LAROSCORBINE,ACIDE ASCORBIQUE,1G,0.0
VITAMINE C UPSA EFFERVESCENTE,ACIDE ASCORBIQUE,1G,0.0
ARGINOR ENFANT,ARGININE ASPARTATE,"0,5G/5ML",0.0
SARGENOR ENFANT,ARGININE ASPARTATE,"0,5G/5ML",0.0
CALCIDOSE VITAMINE D,"COLECALCIFEROL / CALCIUM CARBONATE EXPRIME EN CALCIUM
ELEMENT",400UI/500MG/SA CHET,0.0
ASTENIA,"VITAMINE A / VITAMINE
D3 / VIATAMINE E / VITAMINE B1 / VITAMINE B2/ VITAMINE B6 / NICOTINAMIDE /ACIDE FOLIQUE / ACIDE PANTHOTENIQUE / BIOTINE / VITAMINE B12 / VITAMINE C / BETA CAROTENE","0,4MG/0,005MG/
10MG/1,4MG/1,6 MG/2MG/18MG/ 0,2MG/6MG/0,15
0MG/0,001MG/
60MG/2,4MG",0.0
FRUBIAL FAIBLE,ERGOCALCIFEROL (OU VIT D2) / GLUCONATE DE CALCIUM / PHOSPHATE BICALCIQUE,"1500UI/125,5MG/
20,45MG/5ML",0.0
API E,ACETATE ALPHA TOCOPHEROL,500 MG,0.0
OKAGé,"OXOGLURATE
D'ORNITHINE EXPRIME",5G/SACHET-DOSE,0.0
CETORNAN,"OXOGLURATE
D'ORNITHINE EXPRIME EN OXOGLURATE DE L(+)ORNITHINE",5G/SACHET-DOSE,0.0
OXOGLURATE D'ORNITHINE MYLAN,OXOGLURATE D'ORNITHINE EXPRIME EN OXOGLURATE DE L(+)ORNITHINE MONOHYDRATE,5G/SACHET-DOSE,0.0
INTRALIPIDE 20%,HUILE DE SOJA PURIFIEE,20G/100ML,0.0
OLICLINOMEL N4-550E,ACIDES AMINES / GLUCOSE / LIPIDES,"5,5%/20%/10%",0.0
OLICLINOMEL N7-1000 E,ACIDES AMINES / GLUCOSE / LIPIDES,10%/40%/20%,0.0
PKU ANAMIX INFANT,LAIT SANS PHENYLALANINE,,0.0
APTAMIL PEPTI JUNIOR,LAIT EN POUDRE SANS PROTEINES DE LAIT DE VACHE,,0.0
XP MAXAMAID,LAIT SANS PHENYLALANINE,,0.0
XP MAXAMUM,LAIT SANS PHENYLALANINE,,0.0
HEBERPROT- P 75,"FACTEUR DE CROISSANCE EPIDERMIQUE HUMAIN RECOMBINANT (F.C.E.
HUM. REC.)",15µG/ML,0.0
MYOZYME,ALGLUCOSIDASE ALFA,"50 MG/FL APRES
RECONSTITUTION 5MG/ML",0.0
ORFADIN,NITISINONE,10MG,0.0
ORFADIN,NITISINONE,5MG,0.0
CEREZYME 400,IMIGLUCERASE,"400 UNITES D'IMIGLUCERASE
/ FL. DE PDRE.",0.0
NAGLAZYME,GALSULFASE,"1MG/ML (OU
5MG/5ML)",0.0
ALDURAZYME,LARONIDASE,"100U DE LARONIDASE /ML (500U DE
LARONIDASE /ML)",0.0
FABRAZYME,AGALSIDASE BETA,35MG/FL. DE PDRE.,0.0
VPRIV,VELAGLUCERASE ALFA,"400 U DE
VELAGLUCERASE ALFA / FL. DE",0.0
ELAPRASE,IDURSULFASE SHIRE,2MG/ML,0.0
REPLAGAL,AGALSIDASE ALFA,1 MG/ML,0.0
HUNTERASE,"IDURSULFASE-BETA
GREEN CROSS",2MG/ML,0.0
VICTOZA,LIRAGLUTIDE,6MG/ML,0.0
VETRAM LP,LEVETIRACETAM,500 MG,0.0
VETRAM LP,LEVETIRACETAM,750 MG,0.0
TOPICLOMAX,TOPIRAMATE,200 MG,0.0
DEPAKINE,VALPROATE DE SODIUM,200MG,0.0
ENCORATE,VALPROATE DE SODIUM,200MG,0.0
DEPAKINE,VALPROATE DE SODIUM,500MG,0.0
ENCORATE 500,VALPROATE DE SODIUM,500MG,0.0
IPAKINE,VALPROATE DE SODIUM,200MG/ML,0.0
VALPROATE AFRO,VALPROATE DE SODIUM,200MG/ML,0.0
VALPROATE DE SODIUM BGL,VALPROATE DE SODIUM,200MG/ML,0.0
CONVEP,VALPROATE DE SODIUM,200MG/ML,0.0
ISOLEP,VALPROATE DE SODIUM,200MG/ML,0.0
PHYSIOLONE,VALPROATE DE SODIUM,200MG/ML,0.0
VALKINE,VALPROATE DE SODIUM,200MG/ML,0.0
DEPAKINE,VALPROATE DE SODIUM,200MG/ML,0.0
PAKEDAL,VALPROATE DE SODIUM,200MG/ML,0.0
MEVAKINE,VALPROATE DE SODIUM,200MG/ML,0.0
CARBIMOL,CARBAMAZEPINE,200MG,0.0
NEUPAX,CARBAMAZEPINE,200MG,0.0
BIOMAZINE,CARBAMAZEPINE,200MG,0.0
CARBATOL,CARBAMAZEPINE,200MG,0.0
AZEPAL,CARBAMAZEPINE,200MG,0.0
TAVER,CARBAMAZEPINE,200MG,0.0
TEGRETOL,CARBAMAZEPINE,200MG,0.0
NEUROZEPINE,CARBAMAZEPINE,200MG,0.0
NEUPAX,CARBAMAZEPINE,20MG/ML,0.0
TEGRETOL,CARBAMAZEPINE,100MG/5ML,0.0
CLONA,CLONAZEPAM,2MG,0.0
NOVATRIL,CLONAZEPAM,2MG,0.0
RIVOMED,CLONAZEPAM,2MG,0.0
CLONA,CLONAZEPAM,"2,5MG/ML",0.0
GARDENAL,"PHENOBARBITAL**
(SOUS FORME","40MG/FL. DE
LYOPH.**",0.0
SEVENAL,PHENOBARBITAL,50MG,0.0
NEUROLAL,PHENOBARBITAL,50MG,0.0
PHENOXAL,PHENOBARBITAL,100MG,0.0
SEVENAL,PHENOBARBITAL,100MG,0.0
NEUROLAL,PHENOBARBITAL,100MG,0.0
CARBIMOL LP,CARBAMAZEPINE,400MG,0.0
TEGRETOL LP,CARBAMAZEPINE,400MG,0.0
ZEPTOL CR 400,CARBAMAZEPINE,400MG,0.0
VALPROCIDE GS CHRONO 500,VALPROATE DE SODIUM,"500MG**
(333MG D'ACIDE VALPROIQUE SEL",0.0
"DEPAKINE
CHRONO",VALPROATE DE SODIUM,500MG,0.0
"LAMOTRIGINE
BEKER",LAMOTRIGINE,5MG,0.0
AMITRAL,LAMOTRIGINE,5MG,0.0
LAMITOR,LAMOTRIGINE,5MG,0.0
AMOTRIDAL,LAMOTRIGINE,5MG,0.0
LAMOTRIGINE BEKER,LAMOTRIGINE,25MG,0.0
AMITRAL,LAMOTRIGINE,25MG,0.0
AMOTRIDAL,LAMOTRIGINE,25MG,0.0
LAMOTRIGINE BEKER,LAMOTRIGINE,100MG,0.0
AMITRAL,LAMOTRIGINE,100MG,0.0
AMOTRIDAL,LAMOTRIGINE,100MG,0.0
LAMOGINE,LAMOTRIGINE,25MG,0.0
LAMOGINE,LAMOTRIGINE,50MG,0.0
LYRICA,Prégabaline,25MG,0.0
PREGABA,Prégabaline,25MG,0.0
LYRIZIN,Prégabaline,50MG,0.0
LEPTICA,Prégabaline,50MG,0.0
"PREGABALINE
BEKER",Prégabaline,50MG,0.0
NEURICA,Prégabaline,50MG,0.0
RICABALINE,Prégabaline,50MG,0.0
REGAB,Prégabaline,50MG,0.0
"PREGABALINE
LDM",Prégabaline,50MG,0.0
YRICAL,Prégabaline,50MG,0.0
PRERICA,Prégabaline,50MG,0.0
LYRICA,Prégabaline,50MG,0.0
PREGABA,Prégabaline,50MG,0.0
NEURAXON,Prégabaline,50MG,0.0
LEPTICA,Prégabaline,150MG,0.0
"PREGABALINE
BEKER",Prégabaline,150MG,0.0
NEURICA,Prégabaline,150MG,0.0
LYRIZIN,Prégabaline,150MG,0.0
RICABALINE,Prégabaline,150MG,0.0
REGAB,Prégabaline,150MG,0.0
"PREGABALINE
LDM",Prégabaline,150MG,0.0
YRICAL,Prégabaline,150MG,0.0
PRERICA,Prégabaline,150MG,0.0
PREGABA,Prégabaline,150MG,0.0
NEURAXON 150,Prégabaline,150MG,0.0
LEPTICA,Prégabaline,300MG,0.0
"PREGABALINE
BEKER",Prégabaline,300MG,0.0
LYRIZIN,Prégabaline,300MG,0.0
RICABALINE,Prégabaline,300MG,0.0
REGAB,Prégabaline,300MG,0.0
PREGABALINE LDM,Prégabaline,300MG,0.0
LYRICA,Prégabaline,300MG,0.0
PREGABA,Prégabaline,300MG,0.0
"LEVETIRACETAM
BEKER",LEVETIRACETAM,250MG,0.0
BIOCETAM,LEVETIRACETAM,250MG,0.0
KEPAM,LEVETIRACETAM,250MG,0.0
VETRAM,LEVETIRACETAM,250MG,0.0
"LEVETIRACETAM
LDM",LEVETIRACETAM,250MG,0.0
EGORIE,LEVETIRACETAM,250MG,0.0
EPILEPTAM,LEVETIRACETAM,250MG,0.0
KEPPRA,LEVETIRACETAM,250MG,0.0
BIOCETAM,LEVETIRACETAM,500MG,0.0
KEPAM,LEVETIRACETAM,500MG,0.0
VETRAM,LEVETIRACETAM,500MG,0.0
LEVETIRACETAM LDM,LEVETIRACETAM,500MG,0.0
EPILEPTAM,LEVETIRACETAM,500MG,0.0
LEVETIRACETAM BEKER,LEVETIRACETAM,500MG,0.0
TOPICLOMAX,TOPIRAMATE,25MG,0.0
REPANIDE,TOPIRAMATE,25MG,0.0
TOPICLOMAX,TOPIRAMATE,50MG,0.0
REPANIDE,TOPIRAMATE,50MG,0.0
TOPICLOMAX,TOPIRAMATE,100MG,0.0
REPANIDE,TOPIRAMATE,100MG,0.0
GABATREX,Gabapentine,300MG,0.0
NEURALGIN,Gabapentine,300MG,0.0
GABATREX,Gabapentine,400MG,0.0
AMOTRIDAL,LAMOTRIGINE,50MG,0.0
LAMOGINE,LAMOTRIGINE,100MG,0.0
KEPAM,LEVETIRACETAM,100MG/ML,0.0
VETRAM,LEVETIRACETAM,100MG/ML,0.0
LYRIZIN,Prégabaline,75MG,0.0
NEURICA,Prégabaline,75MG,0.0
REGAB,Prégabaline,75MG,0.0
"PREGABALINE
BEKER",Prégabaline,75MG,0.0
BIOCETAM,LEVETIRACETAM,750MG,0.0
VETRAM,LEVETIRACETAM,750MG,0.0
BIOCETAM,LEVETIRACETAM,1000MG,0.0
ASIA  MIGRAINE,ERGOTAMINE TARTRATE  ASSOCIE,1MG,0.0
DIGROMIN,DIHYDROERGOTAMINE,2MG/ML,0.0
ISOTAMINE,DIHYDROERGOTAMINE,2MG/ML,0.0
NATIFEN,PIZOTIFENE (SOUS FORME DE MALEATE),"0,50MG
(PIZOTIFENE MALEATE",0.0
MIGRAZEN,"PIZOTIFENE (SOUS
FORME DE MALATE)","0,5MG DE
PIZOTIFENE",0.0
SOMAZINA,CITICOLINE,"125MG/ML  (OU
500MG/4ML )",0.0
CICOLINA,CITICOLINE** (SOUS FORME MONOSODIQUE),"100MG/ML** (OU
10G/100ML)",0.0
CALMIG,SUMATRIPTAN SUCCINATE,50MG,0.0
MIGREX,SUMATRIPTAN SUCCINATE EXPRIME EN SUMATRIPAN,50MG,0.0
RELPAX,"ELETRIPTAN
HYDROBROMURE",20MG,0.0
RELPAX,"ELETRIPTAN
HYDROBROMURE",40MG,0.0
MESTINON,"PYRIDOSTIGMINE
BROMURE",60MG,0.0
MADOPAR 250,"LEVODOPA/BENSERAZID
E",200MG/50MG,0.0
LEVOMED,LEVODOPA / CARBIDOPA,100MG/10MG,0.0
LEVOCARB,LEVODOPA / CARBIDOPA,250MG/25MG**,0.0
LEVOMED,"LEVODOPA /
CARBIDOPA",250MG/25MG,0.0
PARKINANE  LP,TRIHEXYPHENIDYLE,2MG,0.0
PARKINANE  LP,TRIHEXYPHENIDYLE,5MG,0.0
PARKIDYL,TRIHEXYPHENIDYLE CHLORHYDRATE,5MG,0.0
SOWEL,"TRIHEXYPHENIDYLE
CHLORHYDRATE",5MG,0.0
CANTAPONE,ENTACAPONE,200MG,0.0
COMTAN,ENTACAPONE,200MG,0.0
PARKIDYL,TRIHEXYPHENIDYLE CHLORHYDRATE,2MG,0.0
SOWEL,TRIHEXYPHENIDYLE CHLORHYDRATE,2MG,0.0
KEPNIROL,"ROPINIROLE CHLORHYDRATE EXPRIME EN
ROPINIROLE","0,25MG",0.0
KEPNIROL,"ROPINIROLE
CHLORHYDRATE EXPRIME EN",1MG,0.0
ALZHANTINE,MEMANTINE CHLORHYDRATE,5 MG,0.0
ALZHANTINE,"MEMANTINE
CHLORHYDRATE",10 MG,0.0
RESTILON,"RIVASTIGMINE
TARTRATE EXPRIME EN",6 MG,0.0
DONEPEZIL BEKER,"DONEPEZIL
CHLORHYDRATE",5MG,0.0
SYNOSIA,"DONEPEZIL
CHLORHYDRATE",5MG,0.0
DONCEPT,DONEPEZIL CHLORHYDRATE,5MG,0.0
ARIDONE HUP,"DONEPEZIL
CHLORHYDRATE",5MG,0.0
DOPEZIL,"DONEPEZIL
CHLORHYDRATE",5MG,0.0
DONEPEZIL BEKER,"DONEPEZIL
CHLORHYDRATE",10MG,0.0
SYNOSIA,"DONEPEZIL
CHLORHYDRATE",10MG,0.0
DONCEPT,"DONEPEZIL
CHLORHYDRATE",10MG,0.0
ARIDONE HUP,DONEPEZIL CHLORHYDRATE,10MG,0.0
DOPEZIL 10MG,DONEPEZIL CHLORHYDRATE,10MG,0.0
DEMENTILE,DONEPEZIL CHLORHYDRATE,10MG,0.0
RIVASTIG,"RIVASTIGMINE HYDROGENOTARTRATE EXPRIME EN
RIVASTIGMINE",2MG/ML,0.0
KYNCEPT,DONEPEZIL CHLORHYDRATE,5 MG,0.0
DORICEPT,DONEPEZIL CHLORHYDRATE,5 MG,0.0
KYNCEPT,DONEPEZIL CHLORHYDRATE,10 MG,0.0
DORICEPT,DONEPEZIL CHLORHYDRATE,10 MG,0.0
RIVASTI,"RIVASTIGMINE HYDROGENOTARTRATE EXPRIME EN
RIVASTIGMINE","1,5MG",0.0
RESTILON,RIVASTIGMINE TARTRATE EXPRIME EN RIVASTIGMINE,"1,5MG",0.0
RIVASTI,"RIVASTIGMINE HYDROGENOTARTRATE EXPRIME EN
RIVASTIGMINE",3MG,0.0
RESTILON,"RIVASTIGMINE HYDROGENOTARTRATE EXPRIME EN
RIVASTIGMINE",3MG,0.0
RIVASTI,"RIVASTIGMINE HYDROGENOTARTRATE EXPRIME EN
RIVASTIGMINE","4,5MG",0.0
RESTILON,"RIVASTIGMINE HYDROGENOTARTRATE EXPRIME EN
RIVASTIGMINE","4,5MG",0.0
REBIF,INTERFERON BETA 1A,"44µG/0,5ML (12MUI/0,5ML)",0.0
AVONEX,INTERFERON BETA 1A RECOMBINANT,"30µG/0,5ML (OU
6MUI/0,5ML)",0.0
REBIF,INTERFERON BETA 1A,"22µG/0,5ML (6MUI/0,5ML)",0.0
TYSABRI,NATALIZUMAB,300MG/FL. DE CONC. (20MG/ML),0.0
BETAFERON,INTERFERON BETA-1B RECOMBINANT,250µG/ML (8MUI/ML) DE SOL. RECONSTITUEE,0.0
REBIF,INTERFERON BETA 1-A,"22 UG /0,5 ML",0.0
REBIF,INTERFERON BETA 1-A,"44UG /0,5 ML",0.0
"DYSPORT
500UNITES SPEYWOOD","TOXINE BOTULINIQUE
TYPE  A : COMPLEXE TOXINE -","500UI SPEYWOOD
(Une Unité Speywood",0.0
SEDACOR,"ETHER ETHYLIQUE  DE
L'ACIDE ALPHA BROMO ISO VALERIANATE /","20MG/18,26MG/
1,42MG/ML",0.0
SOMACOLINE,"CITICOLINE** (SOUS
FORME MONOSODIQUE)",100MG/ML**,0.0
SOMAZINA,CITICOLINE**(SOUS FORME SODIQUE),"100MG/ML*(10G
/100ML)",0.0
CITICOLINE ISO,CITICOLINE**(SOUS FORME MONOSODIQUE),100MG/ML**,0.0
CITICOLINE PHARMAGHREB,CITICOLINE** (SOUS FORME SODIQUE),"100MG/ML** (OU
10G/100ML)",0.0
CITICOLINE GL,CITICOLINE**(SOUS FORME SODIQUE),100MG/ML,0.0
SOMAZINA,CITICOLINE** (SOUS FORME DE SEL DE SODIUM),"250MG/ML** (OU
1000MG/4ML)",0.0
NOVAPREXA,OLANZAPINE,10MG,0.0
ATRYLINE,AMITRIPTYLINE CHLORHYDRATE EXPRIME EN AMITRIPTYLINE,25MG,0.0
MITRIL,"AMITRIPTYLINE CHLORHYDRATE EXPRIME EN
AMITRIPTYLINE",25MG,0.0
LAROXYLINE,"AMITRIPTYLINE CHLORHYDRATE EXPRIME EN
AMITRIPTYLINE",25MG,0.0
TONIC + C,"ASCORBATE DE SODIUM
/ GLUTAMATE DE SODIUM / CHLORHYDRATE  DE","60MG / 250MG /
100MG / 100MG
/100ML",0.0
UPTONIC,"AMITRIPTYLINE CHLORHYDRATE EXPRIME EN
AMITRIPTYLINE",25MG,0.0
ATRYLINE,"AMITRIPTYLINE CHLORHYDRATE EXPRIME EN
AMITRIPTYLINE",50MG,0.0
MITRIL,"AMITRIPTYLINE CHLORHYDRATE EXPRIME EN
AMITRIPTYLINE",50MG,0.0
LAROXYLINE,"AMITRIPTYLINE CHLORHYDRATE EXPRIME EN
AMITRIPTYLINE",50MG,0.0
UPTONIC,"AMITRIPTYLINE CHLORHYDRATE EXPRIME EN
AMITRIPTYLINE",50MG,0.0
GEROXYL,AMITRIPTYLINE CHLORHYDRATE EXPRIME EN AMITRIPTYLINE,4% (40MG/ML),0.0
MITRIL,"AMITRIPTYLINE CHLORHYDRATE EXPRIME EN
AMITRIPTYLINE",4% (40MG/ML),0.0
ISOPTYL,"AMITRIPTYLINE CHLORHYDRATE EXPRIME EN
AMITRIPTYLINE",4% (40MG/ML),0.0
ANXIOL,"AMITRIPTYLINE CHLORHYDRATE EXPRIME EN
AMITRIPTYLINE",4% (40MG/ML),0.0
AMITRIPTYLINE,"AMITRIPTYLINE CHLORHYDRATE EXPRIME EN
AMITRIPTYLINE",4% (40MG/ML),0.0
TRIPTAMYL,"AMITRIPTYLINE
CHLORHYDRATE EXPRIME EN",4% (40MG/ML),0.0
AMATRILINE,"AMITRIPTYLINE
CHLORHYDRATE",4% (40MG/ML),0.0
ATRYLINE,"AMITRIPTYLINE
CHLORHYDRATE",4% (40MG/ML),0.0
ANAFRANIL,CLOMIPRAMINE CHLORHYDRATE,25MG/2ML,0.0
CLONAPRIME,"CLOMIPRAMINE
CHLORHYDRATE",10MG,0.0
CRONIL,"CLOMIPRAMINE
CHLORHYDRATE",10MG,0.0
ANAFRANIL,"CLOMIPRAMINE
CHLORHYDRATE",10MG,0.0
CLONAPRIME,CLOMIPRAMINE CHLORHYDRATE,25MG,0.0
CRONIL,CLOMIPRAMINE CHLORHYDRATE,25MG,0.0
ANAFRANIL,"CLOMIPRAMINE
CHLORHYDRATE",25MG,0.0
TRIANIL,"CLOMIPRAMINE
CHLORHYDRATE",25MG,0.0
CLOFRANIL,CLOMIPRAMINE CHLORHYDRATE,25MG,0.0
CLONAPRIME,CLOMIPRAMINE CHLORHYDRATE,75MG,0.0
CRONIL,CLOMIPRAMINE CHLORHYDRATE,75MG,0.0
ANAFRANIL,CLOMIPRAMINE CHLORHYDRATE,75MG,0.0
ATHYMIL,"MIANSERINE
CHLORHYDRATE",30MG,0.0
SURMONTIL,TRIMIPRAMINE,25MG,0.0
SURMONTIL,TRIMIPRAMINE MESILATE EXPRIME EN TRIMIPRAMINE,4%,0.0
TRIMIANIN,TRIMIPRAMINE,4%,0.0
ROSAL,FLUOXETINE CHLORHYDRATE EXPRIME EN FLUOXETINE,20MG,0.0
FLUOXETINE MERINAL,FLUOXETINE CHLORHYDRATE EXPRIME EN FLUOXETINE,20MG,0.0
NEOXETINE,FLUOXETINE CHLORHYDRATE EXPRIME EN FLUOXETINE,20MG,0.0
FLUOXETINE UPC,FLUOXETINE,20MG/5ML,0.0
PAROXETINE GL,PAROXETINE CHLORHYDRATE HEMIHYDRATE EXPRIME EN PAROXETINE,20MG,0.0
PAROXETINE BEKER,"PAROXETINE CHLORHYDRATE HEMIHYDRATE EXPRIME
EN PAROXETINE",20MG,0.0
DOZAX,PAROXETINE CHLORHYDRATE HEMIHYDRATE EXPRIME EN PAROXETINE,20MG,0.0
ADDNOK,"PAROXETINE CHLORHYDRATE HEMIHYDRATE (EXPRIME EN
PAROXETINE)",20MG,0.0
DEPRETINE,PAROXETINE CHLORHYDRATE EXPRIME EN PAROXETINE,20MG,0.0
DEROXAT,"PAROXETINE CHLORHYDRATE HEMIHYDRATE EXPRIME
EN PAROXETINE",20MG,0.0
PAXETINE,"PAROXETINE
CHLORHYDRATE",20MG,0.0
PAROXINAD,"PAROXETINE
CHLORHYDRATE",20MG,0.0
PAREXAT,"PAROXETINE CHLORHYDRATE ANHYDRE (EXPRIME EN
PAROXETINE)",20MG,0.0
LEPONEX,CLOZAPINE,25MG,0.0
LEPONEX,CLOZAPINE,100MG,0.0
SERLOFT,"SERTRALINE CHLORHYDRATE EXPRIME EN
SERTRALINE",50MG,0.0
ZOLOFT,"SERTRALINE CHLORHYDRATE EXPRIME EN
SERTRALINE",50MG,0.0
ZEXIL,"SERTRALINE
CHLORHYDRATE EXPRIME EN",50MG,0.0
ZOTROP,"SERTRALINE
CHLORHYDRATE EXPRIME EN",50MG,0.0
SOLOTIK,"SERTRALINE
CHLORHYDRATE EXPRIME EN",50MG,0.0
ESCITALOPRAM BEKER,"ESCITALOPRAM OXALATE EXPRIME EN
ESCITALOPRAM",10MG,0.0
TALOPREX,ESCITALOPRAM OXALATE EXPRIME EN ESCITALOPRAM,10MG,0.0
LINAPEX,ESCITALOPRAM OXALATE EXPRIME EN ESCITALOPRAM,10MG,0.0
CELOPRAM,ESCITALOPRAM OXALATE EXPRIME EN ESCITALOPRAM,10MG,0.0
CYMOXETINE,"DULOXETINE CHLORHYDRATE EXPRIME EN
DULOXETINE",30MG,0.0
WYSERIN,"DULOXETINE CHLORHYDRATE EXPRIME EN
DULOXETINE",30MG,0.0
CYMBALTA,"DULOXETINE CHLORHYDRATE EXPRIME EN
DULOXETINE",30MG,0.0
DULOX,"DULOXETINE CHLORHYDRATE EXPRIME EN
DULOXETINE",30MG,0.0
CYMOXETINE,"DULOXETINE CHLORHYDRATE EXPRIME EN
DULOXETINE",60MG,0.0
WYSERIN,"DULOXETINE CHLORHYDRATE EXPRIME EN
DULOXETINE",60MG,0.0
DULOX,"DULOXETINE
CHLORHYDRATE EXPRIME EN",60MG,0.0
CYACETINE,DULOXETINE CHLORHYDRATE EXPRIME EN DULOXETINE,60MG,0.0
CYMBALTA,"DULOXETINE CHLORHYDRATE EXPRIME EN
DULOXETINE",60MG,0.0
SOLOTIK,SERTRALINE** (SOUS FORME DE CHLORHYDRATE),100MG**,0.0
AVISINE,"VENLAFAXINE CHLORHYDRATE EXPRIME EN
VENLAFAXINE","37,5MG",0.0
VENLAXOR LP,"VENLAFAXINE CHLORHYDRATE EXPRIME EN
VENLAFAXINE","37,5MG",0.0
VENLAFAXINE GEBER,"VENLAFAXINE CHLORHYDRATE EXPRIME EN
VENLAFAXINE","37,5MG",0.0
TEDEMA LP,VENLAFAXINE CHLORHYDRATE EXPRIME EN VENLAFAXINE,"37,5MG",0.0
FLAXYNE,"VENLAFAXINE CHLORHYDRATE EXPRIME EN
VENLAFAXINE","37,5MG",0.0
EFFEXOR LP,"VENLAFAXINE CHLORHYDRATE EXPRIME EN
VENLAFAXINE","37,5MG",0.0
AVISINE,"VENLAFAXINE CHLORHYDRATE EXPRIME EN
VENLAFAXINE",75 MG,0.0
VANLAXOR LP,"VENLAFAXINE
CHLORHYDRATE EXPRIME EN",75 MG,0.0
VENLAFAXINE GEBER,"VENLAFAXINE
CHLORHYDRATE EXPRIME EN",75MG,0.0
FLAXYNE,"VENLAFAXINE
CHLORHYDRATE EXPRIME EN",75MG,0.0
ESCITOL,"ESCITALOPRAM OXALATE EXPRIME EN
ESCITALOPRAM",20MG,0.0
DEPRESS,"ESCITALOPRAM
OXALATE EXPRIME EN ESCITALOPRAM",20MG,0.0
LINAPEX,"ESCITALOPRAM**
(SOUS FORME D'OXALATE)",20MG,0.0
CELOPRAM,ESCITALOPRAM OXALATE EXPRIME EN ESCITALOPRAM,20MG,0.0
ESCITOL,ESCITALOPRAM OXALATE EXPRIME EN ESCITALOPRAM,10MG/ML,0.0
LINAPEX,"ESCITALOPRAM**
(SOUS FORME",5MG**,0.0
PAROXETIL BGL,"PAROXETINE** (SOUS FORME DE CHLORHYDRATE
HEMIHYDRATE)",10MG**,0.0
DEPRETINE,Paroxetine(sous forme de chlorhydrate hemihydratée),10MG**,0.0
DEPRESTAT LP,"AMITRIPTYLINE
CHLORHYDRATE",25MG,0.0
SERVAL,"SERTRALINE
CHLORHYDRATE",25MG,0.0
CELOPRAM,"ESCITALOPRAM
OXALATE EXPRIME EN",20MG/ML,0.0
TRANXENE,"CLORAZEPATE
DIPOTASSIQUE",20MG/2ML,0.0
TRANXENE,"CLORAZEPATE
DIPOTASSIQUE","50MG /2,5 ML",0.0
CLORAXENE,CLORAZEPATE DIPOTASSIQUE,5MG,0.0
TRANXENE,CLORAZEPATE DIPOTASSIQUE,5MG,0.0
TRANOXANE,"CLORAZEPATE
DIPOTASSIQUE",5MG,0.0
CLORAXENE,"CLORAZEPATE
DIPOTASSIQUE",10MG,0.0
TRANXENE,"CLORAZEPATE
DIPOTASSIQUE",10MG,0.0
TRANOXANE,"CLORAZEPATE
DIPOTASSIQUE",10MG,0.0
VALZEPAM,DIAZEPAM,10MG/2ML,0.0
NOVAPAM,DIAZEPAM,5MG,0.0
VALZEPAM,DIAZEPAM,5MG,0.0
VALZEPAM,DIAZEPAM,10MG,0.0
XAVEL,DIAZEPAM,"1% (OU
10MG/ML)",0.0
ATARAX,HYDROXYZINE,50MG/ML,0.0
CROXIZINE,"HYDROXYZINE
CHLORHYDRATE",25MG,0.0
ATARAX,HYDROXYZINE,25MG,0.0
HYDROXIL,HYDROXYZINE DICHLORHYDRATE,25MG,0.0
CROXIZINE,"HYDROXYZINE
CHLORHYDRATE",100MG,0.0
ATARAX,HYDROXYZINE,100MG,0.0
"LORAZEPAM -
AGD",LORAZEPAM,1MG,0.0
MAPEZ,LORAZEPAM,1MG,0.0
ANXIENAD,LORAZEPAM,1MG,0.0
NEVROSTAT,LORAZEPAM,1MG,0.0
TEMESTA,LORAZEPAM,1MG,0.0
ORZEPAM,LORAZEPAM,1MG,0.0
"LORAZEPAM -
AGD",LORAZEPAM,"2,5MG",0.0
ORZEPAM,LORAZEPAM,"2,5MG",0.0
MAPEZ,LORAZEPAM,"2,5MG",0.0
NEVROSTA,LORAZEPAM,"2,5MG",0.0
TEMESTA,LORAZEPAM,"2,5MG",0.0
PREZIVA,PRAZEPAM,10MG,0.0
PRAZEPAM GS,PRAZEPAM,10MG,0.0
LYSANXIA,PRAZEPAM,10MG,0.0
HYXYAH,HYDROXYZINE,2MG/ML,0.0
DURRAX,HYDROXYZINE DICHLORHYDRATE,2MG/ML,0.0
HYDROXIL,HYDROXYZINE DICHLORHYDRATE,2MG/ML,0.0
ATARAX,HYDROXYZINE,2MG/ML,0.0
PRAZEPAM GS,PRAZEPAM,15MG/ML,0.0
LYSANXIA,PRAZEPAM,15MG/ML,0.0
STRESAM,ETIFOXINE CHLORHYDRATE,50MG,0.0
ANXYPAM,BROMAZEPAM,6MG,0.0
BROMAZEPAM,BROMAZEPAM,6MG,0.0
KIETYL,BROMAZEPAM,6MG,0.0
BROMAZEPAM IVAL,BROMAZEPAM,6MG,0.0
"BROMAZEPAM
PHYSIOPHARM",BROMAZEPAM,6MG,0.0
TRANSOMIL,BROMAZEPAM,6MG,0.0
LEXOPAM,BROMAZEPAM,6MG,0.0
TRANSOMIL,BROMAZEPAM,"1,5MG",0.0
TRANSOMIL,BROMAZEPAM,3MG,0.0
IPNODIS,MIDAZOLAM,5MG/ML,0.0
MIDAZOLAM MYLAN,MIDAZOLAM,5MG/ML (50MG/10ML),0.0
"HIKMA
MIDAZOLAM","MIDAZOLAM
CHLORHYDRATE","5MG/ML
(15MG/3ML)",0.0
ZOLIDRATE,ZOLPIDEM TARTRATE,10MG,0.0
STILNOX,ZOLPIDEM,10MG,0.0
MIDAZOLAM MYLAN,MIDAZOLAM,"1MG/ML (OU
5MG/5ML)",0.0
DORMAZINE,"CHLORPROMAZINE
(CHLORHYDRATE)",100MG,0.0
PROMAZ,"CHLORPROMAZINE CHLORHYDRATE EXPRIME EN
CHLORPROMAZINE",100MG,0.0
LARGAMED 100,"CHLORPROMAZINE CHLORHYDRATE EXPRIME EN
CHLORPROMAZINE",100MG,0.0
LARGACTIL,CHLORPROMAZINE,100MG,0.0
LARGACTIL,"CHLORPROMAZINE
CHLORHYDRATE EXPRIME EN",4%,0.0
PROMAZ,"CHLORPROMAZINE CHLORHYDRATE EXPRIME EN
CHLORPROMAZINE",4%,0.0
DORMAZINE,CHLORPROMAZINE,4%,0.0
NOZINAN,LEVOMEPROMAZINE,25MG/ML,0.0
NOVAZIN,"LEVOMEPROMAZINE MALEATE EXPRIME EN
LEVOMEPROMAZINE",25MG,0.0
NOZINAN,LEVOMEPROMAZINE,25MG,0.0
NOVAZIN,LEVOMEPROMAZINE MALEATE EXPRIME EN LEVOMEPROMAZINE,100MG,0.0
NOZINAN,LEVOMEPROMAZINE,100MG,0.0
NOZINAN,"LEVOMEPROMAZINE
CHLORHYDR   TE",4%,0.0
LEVOZAN,"LEVOMEPROMAZINE
CHLORHYDRATE",4%,0.0
PIPORTIL,PIPOTIAZINE,10MG,0.0
SULAN,SULPIRIDE,50MG,0.0
SYNED,SULPIRIDE,50MG,0.0
DOGMATIL,SULPIRIDE,50MG,0.0
"SULPIRIDE
MERINAL",SULPIRIDE,50MG,0.0
SULRID,SULPIRIDE,50MG,0.0
SULPUREN,SULPIRIDE,50MG,0.0
SULPIRIDE LS,SULPIRIDE,50MG,0.0
KANISAR,SULPIRIDE,50MG,0.0
SULPIDAL,SULPIRIDE,50MG,0.0
G-SULPIRIDE,SULPIRIDE,50MG,0.0
SULMATIL,SULPIRIDE,"25MG/5ML OU
0,5%",0.0
G-SULPIRIDE,SULPIRIDE,"25MG/5ML (OU
0,5G/100ML)",0.0
SYNED,SULPIRIDE,"25MG/5ML OU
0,5%",0.0
SUNADIL,SULPIRIDE,"0,5G/100ML",0.0
SULPIMEX,SULPIRIDE,"25MG/5ML
(0,5G/100ML)",0.0
SUPRIL,SULPIRIDE,"25MG/5ML
(0,5G/100ML)",0.0
SULPIRED,SULPIRIDE,25MG/5ML,0.0
SULPUREN,SULPIRIDE,"25MG/5ML (OU
0,5%)",0.0
DOGMATIL SANS SUCRE,SULPIRIDE,"25MG/5ML OU
0,5%",0.0
SYNEDIL Gé,SULPIRIDE,25MG/5ML,0.0
SULRID,SULPIRIDE,"0,5G/100ML",0.0
PROLINATE,FLUPHENAZINE DECANOATE,25MG/ML,0.0
HALDOL,HALOPERIDOL,5MG/ML,0.0
HALLUDOL,HALOPERIDOL,5MG/ML,0.0
SENORM 5,HALOPERIDOL,5MG/ML,0.0
HADOL,HALOPERIDOL,2MG/ML,0.0
HALOPERIDOL BGL,HALOPERIDOL,2MG/ML,0.0
VILBAR,HALOPERIDOL,2MG/ML,0.0
HOLIT FORT,HALOPERIDOL,2MG/ML,0.0
ISOPERIDOL,HALOPERIDOL,2MG/ML,0.0
HALDOMEX,HALOPERIDOL,2MG/ML,0.0
HALOL,HALOPERIDOL,2MG/ML,0.0
HALOPERIDOL,HALOPERIDOL,"2MG/ML OU 0,2%",0.0
HALLUDOL,HALOPERIDOL,2MG/ML,0.0
NEURALDOL,HALOPERIDOL,2MG/ML,0.0
"HALOPERIDOL
GENERICLAB",HALOPERIDOL,"2MG/ML (OU
0,2%)",0.0
DISTENSOL,HALOPERIDOL,5MG,0.0
RISPERIDONE BEKER,RISPERIDONE,1MG,0.0
RISPERIDONE BGL,RISPERIDONE,1MG,0.0
RISPAL,RISPERIDONE,1MG,0.0
RIPERAL,RISPERIDONE,1MG,0.0
RESPIROX,RISPERIDONE,1MG,0.0
RISPERNAD,RISPERIDONE,1MG,0.0
RISPEED,RISPERIDONE,1MG,0.0
RIPSYZEN,RISPERIDONE,1MG,0.0
RISPERIDONE BEKER,RISPERIDONE,2MG,0.0
RISPERIDONE BGL,RISPERIDONE,2MG,0.0
RISPAL,RISPERIDONE,2MG,0.0
RIPERAL,RISPERIDONE,2MG,0.0
RESPIROX,RISPERIDONE,2MG,0.0
RISPERNAD,RISPERIDONE,2MG,0.0
RIPSYZEN,RISPERIDONE,2MG,0.0
RISPED,RISPERIDONE,2MG,0.0
RISPERIDONE BEKER,RISPERIDONE,4MG,0.0
RISPERIDONE BGL,RISPERIDONE,4MG,0.0
RISPAL,RISPERIDONE,4MG,0.0
RIPERAL,RISPERIDONE,4MG,0.0
RESPIROX,RISPERIDONE,4MG,0.0
RISPERNAD,RISPERIDONE,4MG,0.0
RISPEED,RISPERIDONE,4MG,0.0
RIPSYZEN,RISPERIDONE,4MG,0.0
RISPERIDONE BGL,RISPERIDONE,1MG/ML,0.0
RESDONE,RISPERIDONE,1MG/ML,0.0
RISPERDAL,RISPERIDONE,1MG/ML,0.0
RIPERAL,RISPERIDONE,1MG/ML,0.0
MISULAR,AMISULPRIDE,200 MG,0.0
"AMISULPRIDE
BEKER",AMISULPRIDE,200MG,0.0
SUPRIMIDE,AMISULPRIDE,200MG,0.0
AMISULPRIDE LDM,AMISULPRIDE,200MG,0.0
SOLIAN,AMISULPRIDE,200MG,0.0
OLANZA,OLANZAPINE,5MG,0.0
LANZAPREX,OLANZAPINE,5MG,0.0
ZOLAMPINE,OLANZAPINE,5MG,0.0
LANZAPREX,OLANZAPINE,10MG,0.0
VAINCOR 10MG,OLANZAPINE,10MG,0.0
OLANZEX,OLANZAPINE,10MG,0.0
OLANZAPINE MM,OLANZAPINE,10MG,0.0
OLANZAPINE NAD,OLANZAPINE,10MG,0.0
ZOLAMPINE,OLANZAPINE,10MG,0.0
OLZANID,OLANZAPINE,10MG,0.0
OLANZA,OLANZAPINE,10MG,0.0
OLANZA ORO,OLANZAPINE,10MG,0.0
OLANZOMAX,OLANZAPINE,10MG,0.0
PSYCHOLANZ ODT,OLANZAPINE,10MG,0.0
LANZAPREX,OLANZAPINE,10MG,0.0
SCHIZOPIN,OLANZAPINE,10MG,0.0
NOVAPREXA,OLANZAPINE,10mg,0.0
OLPREXA,OLANZAPINE,10MG,0.0
ZOLAMPINE,OLANZAPINE,10MG,0.0
"ARIPIPRAZOLE
BEKER",ARIPIPRAZOLE,10MG,0.0
ZOLIFY,ARIPIPRAZOLE,10MG,0.0
ABILIZOLE,ARIPIPRAZOLE,10MG,0.0
ARINIA,ARIPIPRAZOLE,10MG,0.0
"ARIPIPRAZOLE
LDM",ARIPIPRAZOLE,10MG,0.0
ABILIFY,ARIPIPRAZOLE,10MG,0.0
ARIPIPRAZOLE BEKER,ARIPIPRAZOLE,15MG,0.0
ZOLIFY,ARIPIPRAZOLE,15MG,0.0
ARINIA,ARIPIPRAZOLE,15MG,0.0
ARIPIPRAZOLE LDM,ARIPIPRAZOLE,15MG,0.0
ABILIFY,ARIPIPRAZOLE,15MG,0.0
ABILIZOLE,ARIPIPRAZOLE,15MG,0.0
STRATTERA,"ATOMOXETINE CHLORHYDRATE EXPRIME EN
ATOMOXETINE","10MG** (ATOMOXETINE HYDROCHLORIDE
11,43MG)",0.0
STRATTERA,"ATOMOXETINE CHLORHYDRATE EXPRIME EN
ATOMOXETINE","18MG** (ATOMOXETINE HYDROCHLORIDE
20,57MG)",0.0
STRATTERA,"ATOMOXETINE CHLORHYDRATE EXPRIME EN
ATOMOXETINE","25MG** (ATOMOXETINE HYDROCHLORIDE
28,57MG)",0.0
STRATTERA,"ATOMOXETINE CHLORHYDRATE EXPRIME EN
ATOMOXETINE","40MG** (ATOMOXETINE HYDROCHLORIDE
45,71MG)",0.0
STRATTERA,"ATOMOXETINE CHLORHYDRATE EXPRIME EN
ATOMOXETINE","60MG** (ATOMOXETINE HYDROCHLORIDE
68,56MG)",0.0
"RISPERDAL
CONSTA LP",RISPERIDONE,"12,5MG/ML",0.0
"RISPERDAL CONSTA LP 37,5MG/2ML",RISPERIDONE,"18,75MG/ML",0.0
RISPERDAL CONSTA LP 50MG/2ML,RISPERIDONE,25MG/ML,0.0
RISPERONE,RISPERIDONE,3MG,0.0
VENEXOR,VENLAFAXINE**  (SOUS FORME DE VENLAFAXINE CHLORHYDRATE),"37,5MG**",0.0
VENEXOR,"VENLAFAXINE**  (SOUS
FORME DE",75MG**,0.0
HALDOL DECANOAS,"HALOPERIDOL** (SOUS FORME DE DECANOATE
)",50MG/ML**,0.0
LOXAPAC,"LOXAPINE SUCCINATE
EXPRIME EN LOXAPINE",100MG,0.0
PSYDAL ODT,RISPERIDONE,1MG,0.0
"RISPERIDONE
BEKER ORO",RISPERIDONE,2MG,0.0
PSYDAL ODT,RISPERIDONE,2MG,0.0
RISPERIDONE BEKER ORO,RISPERIDONE,4MG,0.0
PSYDAL ODT,RISPERIDONE,4MG,0.0
LOXAPAC,LOXAPINE SUCCINATE EXPRIME EN LOXAPINE,25MG**,0.0
SEROQUEL,"QUETIAPINE FUMARATE EXPRIME EN
QUETIAPINE",25MG,0.0
SELOPRESS,"QUETIAPINE FUMARATE EXPRIME EN
QUETIAPINE",25MG,0.0
SEROQUEL,"QUETIAPINE FUMARATE EXPRIME EN
QUETIAPINE",100MG,0.0
SELOPRESS,QUETIAPINE FUMARATE EXPRIME EN QUETIAPINE,100MG,0.0
SEROQUEL,"QUETIAPINE FUMARATE EXPRIME EN
QUETIAPINE",200MG,0.0
SELOPRESS,"QUETIAPINE FUMARATE
EXPRIME EN QUETIAPINE",200MG,0.0
PINAQUINE,"QUETIAPINE FUMARATE
EXPRIME EN QUETIAPINE",200MG,0.0
Q-PINE ALEMBIC MAMI,"QUETIAPINE FUMARATE EXPRIME EN
QUETIAPINE",300MG,0.0
SEROQUEL,"QUETIAPINE FUMARATE
EXPRIME EN QUETIAPINE",300MG,0.0
SELOPRESS,"QUETIAPINE FUMARATE
EXPRIME EN",300MG,0.0
OLANZA ORO,OLANZAPINE,5MG,0.0
OLANZA ORO,OLANZAPINE,5MG,0.0
OLANZOMAX,OLANZAPINE,5MG,0.0
AMISULPRIDE BEKER,AMISULPRIDE,400MG,0.0
SUPRIMIDE,AMISULPRIDE,400MG,0.0
SOLIAN,AMISULPRIDE,400MG,0.0
ARIPIPRAZOLE BEKER,ARIPIPRAZOLE,20MG,0.0
ZOLIFY,ARIPIPRAZOLE,20MG,0.0
Q-PINE ALEMBIC MAMI,QUETIAPINE FUMARATE EXPRIME EN QUETIAPINE,50MG,0.0
PINAQUINE,"QUETIAPINE FUMARATE EXPRIME EN
QUETIAPINE",50MG,0.0
QUETAL LP,"QUETIAPINE FUMARATE EXPRIME EN
QUETIAPINE",200MG,0.0
PINAQUINE LP,"QUETIAPINE FUMARATE EXPRIME EN
QUETIAPINE",200MG,0.0
QUETAL LP,"QUETIAPINE FUMARATE EXPRIME EN
QUETIAPINE",50 MG,0.0
QUETAL LP,"QUETIAPINE FUMARATE EXPRIME EN
QUETIAPINE",150 MG,0.0
QUETAL LP,QUETIPINE FUMARATE EXPRIME EN QUETIAPINE,300 MG,0.0
ABILIZOLE,ARIPIPRAZOLE,10 MG,0.0
ABILIZOLE,ARIPIPRAZOLE,15 MG,0.0
NICOPATCH,NICOTINE,"17,5MG/DISPOSIT
IF DE 10CM2 (27MG/24H)",0.0
NICOPATCH,NICOTINE,35MG/DISPOSITIF DE 20CM2 (14MG/24H),0.0
NICOPATCH,NICOTINE,"52,5MG/DISPOSIT
2",0.0
CALCIBRONAT,"CALCIUM
BROMOGALACTOGLUCO NATE",2G,0.0
ANESTOCIL,OXYBUPROCAINE,"0,4% (4mg/ml)",0.0
CEBESINE,OXYBUPROCAINE,"0,4%",0.0
APICROM,CROMOGLYCATE DE SODIUM,2%,0.0
CRODIUM,CROMOGLYCATE DE SODIUM,2%,0.0
EPICO,"CROMOGLYCATE DE
SODIUM",2%,0.0
CROMEDIL 2%,"CROMOGLYCATE DE
SODIUM",2%,0.0
DADCROME,CROMOGLYCATE DE SODIUM,2%,0.0
CROMOGLYCATE DE SODIUM,CROMOGLYCATE DE SODIUM,2%,0.0
UNICROM,"CROMOGLYCATE DE
SODIUM",2%,0.0
NAABAK,"ACIDE N-ACETYL ASPARTYL GLUTAMIQUE (SOUS FORME SEL DE
SODIUM)**","4,9G/100ML",0.0
NAAXIA,"ACIDE N-ACETYL
ASPARTYL GLUTAMIQUE","4,9G/100ML**",0.0
LEVOPHTA,LEVOCABASTINE,0.05%,0.0
OPHTAZOLIN,"ANTAZOLINE  (SULFATE)
/ NAPHAZOLINE (NITRATE)","5MG/0,25MG/ML",0.0
ALMIDE,LODOXAMIDE,"0,1%",0.0
OPATANOL,OLOPATADINE**(SOUS FORME DE CHLORHYDRATE),"1MG/ML** (OU
5MG/5ML)",0.0
ZALERG,"KETOTIFENE
HYDROGENOFUMARATE","0,25MG/ML",0.0
BETOPTIC,BETAXOLOL CHLORHYDRATE,0.5%,0.0
BERTOCIL,"BETAXOLOL
CHLORHYDRATE","( 5MG/ML) 0,5%",0.0
CARTEOL,CARTEOLOL,1%,0.0
APICARPIN,PILOCARPINE,1%,0.0
PILO 1,PILOCARPINE (NITRATE),1%,0.0
APICARPIN,PILOCARPINE,2%,0.0
TIMOLOL,TIMOLOL,0.25%,0.0
CROMOLOL,TIMOLOL,0.25%,0.0
OPHTAMOLOL,"TIMOLOL MALEATE
EXPRIME EN TIMOLOL",0.25%,0.0
TIMPTOL,TIMOLOL,0.25%,0.0
TUNOLOL,TIMOLOL,0.25%,0.0
TIMOLOL ALCON,TIMOLOL,0.50%,0.0
APIMOL,TIMOLOL MALEATE EXPRIME EN TIMOLOL,0.50%,0.0
TIMOLOL,TIMOLOL,0.50%,0.0
OPHTAMOLOL,"TIMOLOL MALEATE
EXPRIME EN TIMOLOL",0.50%,0.0
DIGAOL,TIMOLOL MALEATE EXPRIME EN TIMOLOL,0.50%,0.0
MEDYOL,"TIMOLOL MALEATE
EXPRIME EN TIMOLOL",0.50%,0.0
TIMOLOL,TIMOLOL,0.50%,0.0
TIMPTOL,TIMOLOL,0.50%,0.0
TUNOLOL,TIMOLOL,0.50%,0.0
CARTEOL,CARTEOLOL,2%,0.0
PILOLOL,PILOCARPINE / TIMOLOL,"1G/0,5G",0.0
ZOLAMIDE,"DORZOLAMIDE CHLORHYDRATE EXPRIME EN
DORZOLAMIDE",2% (20MG/ML),0.0
TRUSAMID,"DORZOLAMIDE CHLORHYDRATE EXPRIME EN
DORZOLAMIDE",2% (20MG/ML),0.0
TRUSOPT,"DORZOLAMIDE CHLORHYDRATE EXPRIME EN
DORZOLAMIDE",2% (20MG/ML),0.0
DORZAMIDE,"DORZOLAMIDE CHLORHYDRATE EXPRIME EN
DORZOLAMIDE",2% (20MG/ML),0.0
DORZAMED,"DORZOLAMIDE
CHLORHYDRATE",2% (20MG/ML),0.0
XOLA JAM,"DORZOLAMIDE
CHLORHYDRATE",2% (20MG/ML),0.0
ALZOR,"DORZOLAMIDE
CHLORHYDRATE",2% (20MG/ML),0.0
LATANEKS,LATANOPROST,50µG/ML,0.0
XALATAN,LATANOPROST,50µG/ML,0.0
LATAZ,LATANOPROST,"5(0,µ0G0/5M%)L
(0,005%)",0.0
LATASOPT,LATANOPROST,50µG/ML,0.0
TRAVATAN,TRAVOPROST,40µG/ML,0.0
AZOPT,BRINZOLAMIDE,10MG/ML,0.0
ZOLAMIDE +,DORZOLAMIDE CHLORHYDRATE EXPRIME EN DORZOLAMIDE / TIMOLOL MALEATE EXPRIME EN TIMOLOL,20MG/5MG/ML,0.0
COSOTIMOL,DORZOLAMIDE CHLORHYDRATE EXPRIME EN DORZOLAMIDE / TIMOLOL MALEATE EXPRIME EN TIMOLOL,20MG/5MG/ML,0.0
XOLAMOL,"DORZOLAMIDE
CHLORHYDRATE",20MG/5MG/ML,0.0
COSOPT,"DORZOLAMIDE
CHLORHYDRATE",20MG/5MG/ML,0.0
DORZASOPT,"DORZOLAMIDE
CHLORHYDRATE EXPRIME EN",20MG/5MG/ML,0.0
CARTEOL LP,CARTEOLOL,1%,0.0
CARTEOL LP,CARTEOLOL,2%,0.0
XALACOM,"LATANOPROST /
TIMOLOL","50μG/5MG/ML
(0,005%/0,5%)",0.0
GELTIM LP,"TIMOLOL MALEATE
EXPRIME EN TIMOLOL",1MG/G,0.0
CEBENICOL,CHLORAMPHENICOL,0.4%,0.0
CROPHENICOL,CHLORAMPHENICOL,0.4%,0.0
CLOMYCINE,CHLORTETRACYCLINE,1%,0.0
BACICOLINE A LA BACTRACINE,"COLISTIMETHATE
SODIQUE / HYDROCORTISONE","25MUI/1G/50
000UI/ 1G/100ML",0.0
APIGEN,GENTAMICINE**,3MG/ML,0.0
GENTOCIL,"GENTAMICINE** (SOUS
FORME DE SULFATE)","3MG/ML (0,3%)",0.0
GENTADAR,"GENTAMICINE** (SOUS
FORME DE SULFATE)",3MG/ML**,0.0
GENTALEX,GENTAMICINE** (SOUS FORME DE SULFATE),3MG/ML,0.0
GENTAMYCINE,GENTAMICINE,3MG/ML,0.0
GENTICOL,GENTAMICINE,3MG/ML,0.0
UNIGENTA,"GENTAMICINE** (SOUS
FORME DE SULFATE)",3MG/ML,0.0
"GENTAMICINE CHAUVIN O,3%",GENTAMICINE (SOUS FORME DE SULFATE),0.3%,0.0
NEOMYC,NEOMYCINE SULFATE,"0,35%",0.0
NEO EYE,NEOMYCINE,"0,35%",0.0
OPHTAMYCIN,NEOMYCINE (SULFATE),"0,35%",0.0
NEOMYCINE UNIMED,NEOMYCINE SULFATE,"0,35%",0.0
NEOMYC,"NEOMYCINE (SOUS
FORME DE SULFATE)**",1%**,0.0
NEODRON,DEXAMETHASONE PHOSPHATE/ NEOMYCINE SULFATE EXPRIME EN NEOMYCINE,"1MG/3,5MG",0.0
NEODEX,DEXAMETHASONE / NEOMYCINE,"100MG/350000UI
/100ML",0.0
CHIBRO-CADRON,"DEXAMETHASONE /
NEOMYCINE","100MG/350000UI
/100ML",0.0
DEXAMEX,"DEXAMETHASONE
PHOSPHATE SODIQUE","100MG/350000UI
/100ML",0.0
NEOMIXIN,NEOMYCINE/POLYMYXI NE B,0.5%,0.0
CEBEMYXINE,NEOMYCINE/POLYMYXI NE B,3 400UI/10 000UI,0.0
NEOPOLI,"NEOMYCINE/POLYMYXI
NE B",0.5%,0.0
CRONOLONE-NEO,"NEOMYCINE
(SULFATE)** /","0,35 %** / 0,1
%**",0.0
APIFLOX,NORFLOXACINE,"0,3% (OU
3MG/ML)",0.0
CHIBROXINE,NORFLOXACINE,"0,3% (OU
3MG/ML)",0.0
FLOXAMED,NORFLOXACINE,"0,3% (3MG/ML)",0.0
"RIFAMYCINE
CHIBRET",RIFAMYCINE,"1 000 000
UI/100ML",0.0
"RIFAMYCINE
CHIBRET",RIFAMYCINE (SODIQUE),"1000 000UI/100G
(OU 1%)",0.0
CROSULCAF,"SULFACETAMIDE /
CHLORAMPHENICOL","10 % / 0,5%",0.0
FUCITHALMIC,ACIDE FUSIDIQUE,1%,0.0
ACIFUDAL,ACIDE FUSIDIQUE,1%,0.0
FRAKIDEX,"FRAMYCETINE /
DEXAMETHASONE","630.000UI/100M
G/100ML",0.0
STERDEX,DEXAMETHASONE/OXY TETRACYCLINE,"0,267MG/1,335M
G/RECIPIENT UNIDOSE",0.0
TOBREX,TOBRAMYCINE,300 000UI,0.0
FRAKIDEX,"FRAMYCETINE
/DEXAMETHASONE","315 000
UI/0,1G/100G",0.0
CEBEMYXINE,"NEOMYCINE /
POLYMYXINE B","340 000UI/1 000
000 UI /100G",0.0
CILOXAN,"CIPROFLOXACINE CHLORHYDRATE EXPRIME EN
CIPROFLOXACINE",0.3%,0.0
CIPRODAR,"CIPROFLOXACINE ** (SOUS FORME D' HDROCHLORIDE
MONOHYDRATE)","0,3%**",0.0
INDOBIOTIC,INDOMETACINE/GENTA MICINE,"5MG/15
000UI/5ML",0.0
OPHTAMESONE N,BETAMETHASONE SODIUM PHOSPHATE / NEOMYCINE SULFATE,1MG/5MG/ML,0.0
CILOXAN,CIPROFLOXACINE CHLORHYDRATE EXPRIME EN CIPROFLOXACINE,0.3%,0.0
GATIFLOXACINE GL,"GATIFLOXACINE**
(SOUS FORME DE GATIFLOXACINE","0,3% ( 3mg/ml)",0.0
TYMER,GATIFLOXACINE** (SOUS FORME DE GATIFLOXACINE SESQUIHYDRATE),"0,3%**",0.0
CORONOL,Ofloxacine,"0,3% ( 3mg/ml)",0.0
OPTIFLOX,Ofloxacine,0.3%,0.0
OPTIDEX-T,TOBRAMYCINE / DEXAMETHASONE,"0,3% / 0,1%",0.0
AZYTER,AZITHROMYCINE (SOUS FORME DIHYDRATEE)**,15MG/G**,0.0
OXYDEX,"OXYTETRACYCLINE
CHLORHYDRATE/","0,5%/0,1%",0.0
FLOXEDOL,Ofloxacine,"0,3% (3 MG/ML)",0.0
DACRYOSERUM,"ACIDE
BORIQUE/BORATE DE SODIUM","1,8%/1,2%",0.0
PROPIOSOD,"PROPIONATE DE
SODIUM",5%,0.0
VITABACT,PICLOXYDINE CHLORHYDRATE,0.05%,0.0
DESOMEDINE,"HEXAMIDINE (SOUS FORME DE DI-
ISETHIONATE)**","0,1%**",0.0
ACICLOSINA,ACICLOVIR,3% (OU 30MG/G),0.0
VIRGAN,GANCICLOVIR,"0,15%.",0.0
MAXIDROL,"DEXAMETHASONE / NEOMYCINE /
POLYMYXINE B","100MG/350
000UI/60 0000UI",0.0
DEXNEPOLY,"DEXAMETHASONE /
NEOMYCINE SULFATE /","0,1%/0,35%/6000
00UI/100ML",0.0
P.N.D.,"DEXAMETHASONE
PHOSPHATE SODIQUE EXPRIME EN","100MG/350000UI
/600000UI/100M L",0.0
HYDROCORT,HYDROCORTISONE,1%,0.0
PREDSOL,PREDNISOLONE,0.25%,0.0
CRONOLONE,TRIAMCINOLONE ACETONIDE,0.1%,0.0
MAXIDROL,"DEXAMETHASONE / NEOMYCINE SULFATE /
POLYMYXINE B SULFATE","0,1G/350000UI/6
00000UI/100G",0.0
FLUCON,FLUOROMETHOLONE,0.1%,0.0
OPTIF JAM,FLUOROMETHOLONE,0.1%,0.0
OPHTAPRED,PREDNISOLONE,0.5%,0.0
OPHTAMESONE,BETAMETHASONE SODIUM PHOSPHATE,1MG/ML,0.0
VEXOL,RIMEXOLONE,1%,0.0
OPTIPRED,"PREDNISOLONE (SOUS
FORME D'ACETATE)**",1%,0.0
DEXAFLOX,"DEXAMETHASONE /
OFLOXACINE",1MG/3MG/ML,0.0
DEXAFREE,"DEXAMETHASONE
PHOSPHATE SODIQUE",1MG/ML,0.0
CROPINE,ATROPINE,0.25%,0.0
ATROPINE - ALCON,ATROPINE,0.3%,0.0
"ATROPINE -
ALCON",ATROPINE,0.5%,0.0
APITROPIN,ATROPINE,0.5%,0.0
CROPINE,ATROPINE (SULFATE) EXPRIME EN ATROPINE,0.5%,0.0
"ATROPINE -
ALCON",ATROPINE,1%,0.0
APITROPIN,ATROPINE,1%,0.0
CROPINE,ATROPINE (SULFATE) EXPRIME EN ATROPINE,1%,0.0
SKIACOL,CYCLOPENTOLATE,0.5%,0.0
CICLOPLEGICEDOL,"CYCLOPENTOLATE
CHLORHYDRATE",( 10MG/ML)1 %,0.0
PENTOLATE,CYCLOPENTOLATE,0.5%,0.0
APIFRIN -10,PHENYLEPHRINE,10%,0.0
NEOSYNEPHRINE FAURE 10%,PHENYLEPHRINE CHLORHYDRATE,10%,0.0
MYDRIATICUM,TROPICAMIDE,0.5%,0.0
MYDRICOL,TROPICAMIDE,0.5%,0.0
INDOCOLLYRE,Indométacine,0.1%,0.0
XINAC,Diclofénac sodique,0.1%,0.0
DICLOGESIC,Diclofénac sodique,0.1%,0.0
VOLTARENE,Diclofénac sodique,0.1%,0.0
"FLUORESCEINE
SODIQUE FAURE",FLUORESCEINE,10%,0.0
CATACOL,"INOSINE
MONOPHOSPHATE DE",1MG/ML,0.0
CORRECTOL,"INOSINE
MONOPHOSPHATE DE",1MG/ML,0.0
KERATYL,NANDROLONE,1%,0.0
VITAMINE A FAURE,RETINOL,150 000UI,0.0
LACRINORM,CARBOMERE 980,0.2%,0.0
VISUDYNE,VERTEPORFINE,15MG,0.0
VELITEN,"ACIDE ASCORBIQUE /
VITAMINE E /RUTOSIDE","200MG / 50MG /
200MG",0.0
LENTICLEAN,"SODIUM CHLORURE
+TAMPON PH 7,4",0.9%,0.0
LIPOSIC,CARBOMERE 980,"0,2% (OU 2MG/G)",0.0
SICCAFLUID,CARBOMERE 974P,"2,5MG/G",0.0
HYFRESH,HYALURONATE DE SODIUM,"0,2% (OU
2MG/ML)",0.0
ARTELAC,HYPROMELLOSE,"3,20MG/ML",0.0
FLUIDABAK,POVIDONE,1.5%,0.0
LUCENTIS,RANIBIZUMAB,"10MG/ML
(2,3MG/0,23ML)",0.0
EYLEA,AFLIBERCEPT,40 MG/ML,0.0
OPTIF PLUS,FLUOROMETHOLONE / CROMOGLYCATE DE SODIUM,"1MG /
20MG**/ML",0.0
OTOFA,RIFAMYCINE SODIQUE,"2,6G/100ML",0.0
OTOCINE,CIPROFLOXACINE CHLORHYDRATE EXPRIME EN CIPROFLOXACINE,"2MG/ML (1MG/0,5ML)",0.0
OTOCROVIS,"FLUOCINOLONE
ACETONIDE /","0,025% / 0,35% /
1 000",0.0
POLYDEXA,"NEOMYCINE
SULFPAOTEL/YPMOYLXYIMNEYXINE","650.000UI/1000.0
00UI/0,100G/100",0.0
PANOTILE,/NEOMYCINE/ACETATE,"1000 000UI /1G/
0,1G / 4G",0.0
TANGANIL,ACETYL- DL- LEUCINE,500MG/5ML,0.0
TANGANIL,ACETYL- DL- LEUCINE,500MG,0.0
SERC,BETAHISTINE,8MG,0.0
MEVERC,BETAHISTINE,8MG,0.0
TANAKAN,EXTRAIT DE GINKO BILOBA TITRE A 24% D'HETEROSIDES DE GINKGO BILOBA ET 6% DE GINKOLIDES-BILOBALIDE,40MG/ML,0.0
GINKOBA,GINKGO BILOBA,40MG/ML,0.0
TANAKAN,"EXTRAIT DE GINKGO
STANDARDISE",40MG,0.0
BETAHISTINE NOVAGENERICS,"BETAHISTINE (SOUS FORME DE
DICHLORHYDRATE",24 MG,0.0
BETAHIST,BETAHISTINE CHLORHYDRATE,24MG,0.0
BETASERC,BETAHISTINE,24MG,0.0
LECTIL,"BETAHISTINE (SOUS
FORME DE",16MG,0.0
MEVERC,"BETAHISTINE (SOUS FORME DE
DICHLORHYDRATE)**",16MG,0.0
OSMOTOL,"RESORCINOL / EPHEDRINE
(CHLORHYDRATE)",0.10%,0.0
CERULYSE,XYLENE,5G/100G,0.0
OTIPAX,"PHENAZONE/CHLORHY
DRATE DE LIDOCAINE","4G/1G pour 100G
de solution",0.0
ORICALM,"PHENAZONE/CHLORHY
DRATE DE LIDOCAINE",4G/1G,0.0
ORILYSE,DOCUSATE DE SODIUM,"0,5 G/100 ML (
0,05G/10 ML)",0.0
FLUVERBIEN,FLUBENDAZOLE,100MG,0.0
FLUBENE,FLUBENDAZOLE,100MG,0.0
FLUVERMAL,FLUBENDAZOLE,100MG,0.0
OXYDAZOLE,FLUBENDAZOLE,100MG/5ML (2%),0.0
FLUMOX,FLUBENDAZOLE,100MG/5ML,0.0
FLUVERMAL,FLUBENDAZOLE,100MG/5ML,0.0
WORMAZOL,MEBENDAZOLE,100MG,0.0
VERMAZOL,MEBENDAZOLE,100MG,0.0
MEBEVIS,MEBENDAZOLE,20MG/ML,0.0
WORMAZOL,MEBENDAZOLE,100MG/5ML,0.0
HELMINTOX,PYRANTEL,125MG,0.0
COMBANTRIN,PYRANTEL,125MG,0.0
HELMINTOX,PYRANTEL,"125MG/2,5ML",0.0
COMBANTRIN,PYRANTEL,"125MG/2,5ML",0.0
HELMINTOX,PYRANTEL,250MG,0.0
VERTEN,ALBENDAZOLE,400 MG,0.0
OXYZOL,ALBENDAZOLE,400MG,0.0
NIVAQUINE,CHLOROQUINE,100MG,0.0
FALCI CARE,Artésunate,60 MG,0.0
GLUCANTIME,"ANTIMONIATE DE
MEGLUMINE","1,5G /5ML",0.0
FAGYX,TINIDAZOLE,500MG,0.0
FASIGYNE,TINIDAZOLE,500MG,0.0
BECLOJET,BECLOMETASONE,250µG/BOUFFEE,0.0
CLENIL 250,BECLOMETASONE DIPROPIONATE,250µG/BOUFFEE,0.0
BECLATE 250,BECLOMETASONE,250µG/BOUFFEE,0.0
NASABEC,BECLOMETASONE DIPROPIONATE MONOHYDRATE EXPRIME EN BECLOMETASONE DIPROPIONATE,50µG/DOSE,0.0
BECONASE,BECLOMETASONE,50µG/ Dose,0.0
TOTINAL,KETOTIFENE** (SOUS FORME DE FUMARATE),1MG,0.0
TIFEN,KETOTIFENE** (SOUS FORME DE FUMARATE),1MG,0.0
KETOF,KETOTIFENE** (SOUS FORME DE FUMARATE),1MG/5ML,0.0
TOTINAL,KETOTIFENE** (SOUS FORME DE FUMARATE),1MG/5ML,0.0
HASSALYSE,"KETOTIFENE** (SOUS
FORME DE FUMARATE)",1MG/5ML,0.0
TOTILAM,KETOTIFENE,1MG/5ML,0.0
ZADITEN,"KETOTIFENE** (SOUS
FORME DE FUMARATE)",1MG/5ML,0.0
TIFEN,KETOTIFENE,1MG/5ML,0.0
ALERFEN,KETOTIFENE,1MG/5ML,0.0
SALBUTAMOL,SALBUTAMOL,"0,5MG/ML",0.0
VENTOLINE,SALBUTAMOL,"0,5MG/ML",0.0
ASMADIL,SALBUTAMOL,2MG,0.0
VANTAMED,SALBUTAMOL,2MG,0.0
SALBUTAMOL,SALBUTAMOL,2MG,0.0
KOXMA,SALBUTAMOL** (SOUS FORME DE SULFATE),2MG/5ML,0.0
RABWALYSE,SALBUTAMOL,"0,40MG/ML OU
2MG/5ML",0.0
SALBUMEX,SALBUTAMOL** (SOUS FORME DE SULFATE),2MG/5ML,0.0
XABUMOL,"SALBUTAMOL  SULFATE
EXPIRIME EN SALBUTAMOL","2MG/5ML (0,04G/100ML)",0.0
SALBULAM,SALBUTAMOL (SOUS FORME DE SULFATE),2MG/5ML,0.0
SALBUTAMOL LPA,SALBUTAMOL** (SOUS FORME DE SULFATE),2MG/5ML**,0.0
"SALBUTAMOL
SAIDAL","SALBUTAMOL** (SOUS
FORME DE SULFATE)",2MG/5ML**,0.0
"SALBUTAMOL
PHYSIOPHARM","SALBUTAMOL  SULFATE
EXPIRIME EN",2MG/5ML,0.0
VENTMAX,SALBUTAMOL,100µG/DOSE,0.0
ASTHALIN,SALBUTAMOL,100µG/BOUFFEE,0.0
VENTOLINE,SALBUTAMOL,100µG/DOSE,0.0
ASTHALIN,"SALBUTAMOL SULFATE
EXPRIME EN",5MG/ML**,0.0
VENTOLINE,SALBUTAMOL,5MG/ML,0.0
BRICANYL,TERBUTALINE (SULFATE),"0,5MG/ML",0.0
ASMALINE,TERBUTALINE,"0,5MG/ML",0.0
DIFFUMAX,THEOPHYLLINE,200MG,0.0
THEOSTAT LP,THEOPHYLLINE,200MG,0.0
BUDECORT- 200,BUDESONIDE,200µG/DOSE,0.0
ATROVENT ENF.,"IPRATROPIUM
BROMURE","0,25MG/2ML",0.0
ATROVENT ADUL .,IPRATROPIUM BROMURE,"0,50MG/2ML",0.0
BRICANYL LP,TERBUTALINE SULFATE,5MG,0.0
ISOBUTALINE,TERBUTALINE SULFATE,"0,3MG/ML",0.0
TALIN,TERBUTALINE,"0,3MG/ML",0.0
BRICANYL,TERBUTALINE SULFATE,5MG/2ML,0.0
BRICANYL TURBUHALER,TERBUTALINE SULFATE,"0,5MG/ DOSE",0.0
THEOSTAT LP,THEOPHYLLINE,300MG,0.0
BECLATE - NASAL,BECLOMETASONE,50µG/BOUFFEE,0.0
"FLOHALE HFA 50
INHALER","FLUTICASONE
PROPIONATE",50µG/DOSE,0.0
FLIXOTIDE,FLUTICASONE PROPIONATE,50µG/DOSE,0.0
FLOHALE HFA 125,"FLUTICASONE
PROPIONATE",125µG/DOSE,0.0
FLIXOTIDE,"FLUTICASONE
PROPIONATE",125µG/DOSE,0.0
FLOHALE HFA 250,FLUTICASONE PROPIONATE,250µG/DOSE,0.0
FLIXOTIDE,FLUTICASONE PROPIONATE,250µG/DOSE,0.0
OXEOL,"BAMBUTEROL
CHLORHYDRATE",10MG,0.0
PULMICORT,BUDESONIDE,"0,5MG/2ML",0.0
PULMICORT,BUDESONIDE,1MG/ 2ML,0.0
PULMICORT TURBUHALER,BUDESONIDE,200µG/DOSE,0.0
FORADIL,FORMOTEROL FUMARATE,12µG,0.0
FORMOTEROL ZENTIVA,FORMOTEROL HEMIFUMARATE,12µG,0.0
SERETIDE DISKUS,"FLUTICASONE
PROPIONATE / SALMETEROL XINAFOATE EXPRIME EN",100µG/50µG/DOS E,0.0
SERETIDE DISKUS,"FLUTICASONE
PROPIONATE / SALMETEROL",250µG/50µG/DOS E,0.0
SERETIDE DISKUS,"FLUTICASONE
PROPIONATE / SALMETEROL",500µG/50µG/DOS E,0.0
MOTRINEX,"MONTELUKAST SODIQUE EXPRIME EN
MONTELUKAST",10MG,0.0
MONTELAIR,"MONTELUKAST SODIQUE EXPRIME EN
MONTELUKAST",10MG,0.0
SINGASM,"MONTELUKAST SODIQUE EXPRIME EN
MONTELUKAST",10MG,0.0
SINGULAIR,MONTELUKAST SODIQUE EXPRIME EN MONTELUKAST,10MG,0.0
MONTELUKAST BEKER,MONTELUKAST SODIQUE EXPRIME EN MONTELUKAST,10MG,0.0
MONTELUKAST BEKER,"MONTELUKAST SODIQUE EXPRIME EN
MONTELUKAST",4MG,0.0
MOTRINEX,"MONTELUKAST SODIQUE EXPRIME EN
MONTELUKAST",4MG,0.0
MONTELAIR,"MONTELUKAST SODIQUE EXPRIME EN
MONTELUKAST",4MG,0.0
SINGASM,MONTELUKAST SODIQUE EXPRIME EN MONTELUKAST,4MG,0.0
SINGULAIR,MONTELUKAST SODIQUE EXPRIME EN MONTELUKAST,4MG,0.0
MONTELUKAST BEKER,"MONTELUKAST SODIQUE EXPRIME EN
MONTELUKAST",5MG,0.0
MOTRINEX,"MONTELUKAST
SODIQUE EXPRIME EN MONTELUKAST",5MG,0.0
MONTELAIR,MONTELUKAST SODIQUE EXPRIME EN MONTELUKAST,5MG,0.0
SINGASM,"MONTELUKAST
SODIQUE EXPRIME EN",5MG,0.0
SINGULAIR,MONTELUKAST SODIQUE EXPRIME EN MONTELUKAST,5MG,0.0
SPIRIVA,"TIOTROPIUM BROMURE
MONOHYDRATE EXPRIME EN",18µG,0.0
FORATEC HFA,FORMOTEROL FUMARATE,12µG/DOSE,0.0
IPRALIN,"SALBUTAMOL SULFATE
/ BROMURE D'IPRATROPIUM ANHYDRE",200µG/40µG,0.0
ASTHALIN,SALBUTAMOL SULFATE EXPRIME EN SALBUTAMOL,200µG/GLE.,0.0
SINGULAIR,MONTELUKAST SODIQUE EXPRIME EN MONTELUKAST,4MG/SACHET,0.0
XOLAIR,OMALIZUMAB,150MG/FL,0.0
ENCOFLUIDE ADULTE,"TERPINE / EUCALYPTOL
/ BENZOATE DE SODIUM
/GUAIFENESINE (DCI) / TEINTURE D'IPECA /
CODEINE BASE","0,25G/0,01G/2G/
0,2G/1G/0,048G/
100ML",0.0
NEO-CODION ADULTE,CODEINE CAMPHOSULFONATE,"0,1722G/100ML (CODEINE BASE 15,4MG/CUILLERE A SOUPE)",0.0
EUPHON ADULTE,"CODEINE / EXTRAIT SEC
AQUEUX D'ERYSIUM","0,1G / 0,3G /
100ML",0.0
TUSSICOD,CODEINE,0.05%,0.0
NEO-CODION ENFANT,CODEINE CAMPHOSULFONATE EXPRIME EN CODEINE / BENZOATE DE SODIUM,"3,285MG/61MG/
5ML",0.0
NEO-CODION,CODEINE,25MG,0.0
"ATUSSINE
ADULTES","DEXTROMETHORPHANE
BROMHYDRATE /","0,2G/0,2G/100ML",0.0
ATUSSINE ENFANTS,"DEXTROMETHORPHANE BROMHYDRATE / MEPYRAMINE MALEATE
/ GUAÏFENESINE","0,1G/0,1G/0,4G/1
00ML",0.0
RHINATHIOL AD TOUX SECHE,PHOLCODINE,0.12%,0.0
POLERY ADULTE,"CODEINE/EXTRAIT
FLUIDE D'ERYSIUM","11,8MG/443MG/
15ML",0.0
TUSSIDEX,"DEXTROMETHORPHANE
BROMHYDRATE","0,1G/100ML (OU
5MG/5ML)",0.0
HUMEX TOUX SECHE ENFANT,DEXTROMETHORPHANE BROMHYDRATE,"0,1G/100ML (OU
5MG/5ML)",0.0
CODEINE BIOTIC LP,CODEINE PHOSPHATE,"28,5MG",0.0
BIOCALYPTOL A LA PHOLCODINE,PHOLCODINE / GAIACOL,"131MG/19,75MG
/100ML",0.0
TUSSIDEX,DEXTROMETHORPHANE BROMHYDRATE,0.20%,0.0
"HUMEX TOUX
SECHE ADU  TE","DEXTROMETHORPHANE
BROMHYDRATE","0,133G/100ML
(OU 20MG/15ML",0.0
"DENORAL
ENFANTS","BUZEPIDE/CLOCINIZINE/
PHOLCODINE","0,004G/0,015G/0,
040G/100ML",0.0
DENORAL ADULTES,BUZEPIDE/CLOCINIZINE/ PHOLCODINE,"0,006G/0,0225G/
0,090G/100ML",0.0
EUPNEX,OXELADINE,10 MG/5ML,0.0
PENTUSSIL,PENTOXYVERINE,"6,75 MG/5ML",0.0
"NEO-CODION
NOURRISSONS","BENZOATE DE SODIUM
/ TEINTURE DE","74,1MG/30,8MG/
32,964MG/CUILLE",0.0
OXOMEMAZINE,OXOMEMAZINE,1MG/ML,0.0
OXOMERAL,OXOMEMAZINE,1MG/ML,0.0
TOPLEX,OXOMEMAZINE,1MG/ML,0.0
CAMPHOBIOTIC NOURRISSON,EUCALYPTOL / GAIACOL GLYCOLATE D'ETHYL,"0,03G/0,03G",0.0
CAMPHOBIOTIC ENFANT,"CAMPHRE / EUCALYPTOL / GAIACOL
/ GAIACOL GLYCOLATE D'ETHYL","0,04G/0,05G/0,02 G /0,08G",0.0
CAMPHOBIOTIC ADULTE,"CAMPHRE / GAIACOL /
EUCALYPTOL / GAIACOL GLYCOLATE D'ETHYL /","0,1G/0,06G/0,05G
/0,15G/0,07G/0,0 1G",0.0
"ZECUF AVEC
SUCRE","OCIMUM SANCTUM /
GOLYCCIMERURMHISZANGCLTAUBMRA//","100MG / 60MG /
15000MMGG//1600MMGG//",0.0
ZECUF SANS SUCRE,GLYCERRHIZA GLABRA / CURCUMA LONGA /,"50MG / 10MG /
60MG / 20MG /",0.0
"TENOBIOTIC
NOURRISSONS","TENOATE DE SODIUM /
HUILE ESSENTIELLE",95MG/44MG,0.0
TROPHYL N,TENOATE DE SODIUM,95MG,0.0
TROPHIRES-NOURRISSONS,"TENOATE DE SODIUM / HUILE ESSENTIELLE
D'EUCALYPTUS","0,095G/0,044G",0.0
TROPHYL E,TENOATE DE SODIUM,190MG,0.0
"TUSSO
RHINATHIOL TOUX SECHE",PHOLCODINE,"0,06%",0.0
FEBRECTOL NOURRISSONS,"PARACETAMOL/HUILE ESSENTIELLE DE PIN DE
SYLVESTRE",150MG/20MG,0.0
FEBRECTOL ENFANTS,PARACETAMOL/HUILE ESSENTIELLE DE PIN DE SYLVESTRE,300MG/30MG,0.0
FEBRECTOL ADULTES,PARACETAMOL/HUILE ESSENTIELLE DE PIN DE SYLVESTRE,600MG/40MG,0.0
TENOBIOTIC ADULTE,TENOATE DE SODIUM / HUILE ESSENTIELLE D'EUCALYPTUS,285MG/110MG,0.0
TROPHIRES-ADULTES,"TENOATE DE SODIUM/HUILE ESSENTIELLE
D'EUCALYPTUS","0,285G/0,110G",0.0
TROPHYL PLUS N,"TENOATE DE SODIUM/HUILE ESSENTIELLE D'EUCALYPTUS/PARACE
TAMOL","0,065G / 0,044G /
150MG",0.0
TROPHIRES COMPOSE NOURRISSONS,"TENOATE DE SODIUM/HUILE ESSENTIELLE D'EUCALYPTUS/PARACE
TAMOL","0,065G / 0,044G /
0,150G",0.0
THYNORES PLUS ENFANT,TENOATE DE SODIUM / HUILE ESSENTIELLE D'EUCALYPTUS / PARACETAMOL,"130MG/75MG/30
0MG",0.0
TROPHYL PLUS E,"TENOATE DE
SODIUM/HUILE ESSENTIELLE","0,130G / 0,075G /
300MG",0.0
"TROPHIRES
COMPOSE ENFANTS","TENOATE DE
SODIUM/HUILE ESSENTIELLE","0,130G / 0,075G /
0,300G",0.0
"TROPHIRES COMPOSE
ADULTES","TENOATE DE
SODIUM/HUILE ESSENTIELLE","0,200G / 0,110G /
0,450G",0.0
POLERY ENFANTS,PHOLCODINE/EXTRAIT FLUIDE D'ERYSIMUM,"1MG/29,6MG",0.0
TYNORES ENFANT,"TENOATE DE SODIUM /
HUILE ESSENTIELLE","0,190G/0,075G",0.0
"TENOBIOTIC
ENFANTS","TENOATE DE SODIUM /
HUILE ESSENTIELLE",190MG/75MG,0.0
"TROPHIRES-
ENFANTS","TENOATE DE
SODIUM/HUILE","0,190G / 0,075G",0.0
"BRONCHOCALM
ADULTES","DEXTROMETHORPHANE
BROMHYDRATE","0,2%",0.0
"DEXSTOP 0,2%",DEXTROMETHORPHANE HYDROBROMIDE,"0,2%",0.0
BRONCHOCALM ENFANTS,DEXTROMETHORPHANE BROMHYDRATE,"0,1%",0.0
DEXSTOP ENFANTS,DEXTROMETHORPHANE HYDROBROMIDE,"O,1%",0.0
FLUPEX,"GUAIFENESINE (DCI) /
BENZOATE DE SODIUM","30MG/300MG/37
,5MG/1,5MG/15",0.0
TOPLEXIL,OXOMEMAZINE,"0,33MG/ML",0.0
"SINECOD 0,15%",BUTAMIRATE CITRATE,"1,5MG/ML",0.0
BIOCARB  ENFANT,CARBOCYSTEINE,2%,0.0
"PECTOSAN
EXPECTORAN",CARBOCISTEINE,"2% (OU
2G/100ML)",0.0
PULMOFOR ENFANT,CARBOCYSTEINE,2%,0.0
RHINATHIOL ENFANT,CARBOCYSTEINE,2%,0.0
MUCOLYSE ENFANT,CARBOCYSTEINE,2%,0.0
CARBOMEX,CARBOCYSTEINE,2%,0.0
"CARBOFLUID
ENFANT",CARBOCYSTEINE,2%,0.0
CARBOLAM,CARBOCYSTEINE,2%,0.0
BRONCHOLACTOL ENFANT,CARBOCYSTEINE,2%,0.0
RHINASTINE,CARBOCYSTEINE,2%,0.0
"HUMEX EXPECTORANT
ENFANT",CARBOCISTEINE,2% (100MG/5ML),0.0
RHINOLACTOL ENFANT,CARBOCYSTEINE,2%,0.0
"GRIPEX TOUX
GRASSE",CARBOCISTEINE,5%,0.0
PECTOSAN EXPECTORANT ADULTE,CARBOCISTEINE,5%,0.0
RHINATHIOL ADULTE,CARBOCYSTEINE,5%,0.0
MUCOLYSE AD.,CARBOCYSTEINE,5%,0.0
CARBOMEX,CARBOCYSTEINE,5%,0.0
"CARBOFLUIDE
ADULTE",CARBOCYSTEINE,5%,0.0
CARBOLAM,CARBOCYSTEINE,5%,0.0
"CARBODAL SANS
SUCRE",CARBOCYSTEINE,5%,0.0
RHINASTINE,CARBOCYSTEINE,5%,0.0
HUMEX EXPECTORANT ADULTE,CARBOCISTEINE,5%,0.0
BIOCARB ADULTE,CARBOCYSTEINE,5%,0.0
"PULMOFOR
ADULTES",CARBOCYSTEINE,5%,0.0
"BRONCHOLACTOL
ADULTES",CARBOCYSTEINE,5%,0.0
RHINOLACTOL,CARBOCISTEINE,5%,0.0
AMBOLAR,AMBROXOL (CHLORHYDRATE),0.3%,0.0
MUCOREX,AMBROXOL,0.30%,0.0
TOUXOL,"AMBROXOL  ( SOUS
FORME DE","0,3%**",0.0
FLUXOL,"AMBROXOL
(CHLORHYDRATE)",0.3%,0.0
"MUXOL SANS
SUCRE","AMBROXOL  ( SOUS
FORME DE","0,3%**",0.0
AMBRODAL,"AMBROXOL
(CHLORHYDRATE)",0.3%,0.0
AMBROBIOTIC,AMBROXOL (CHLORHYDRATE),0.3%,0.0
BROXOL,AMBROXOL (CHLORHYDRATE),0.30%,0.0
SOLUXOL,AMBROXOL (CHLORHYDRATE),0.30%,0.0
SOLMUCOL 200,N-ACETYLCYSTEINE,200MG,0.0
"FLUIMICIL EXPECTORANT
ACETYLCYSTEINE",N-ACETYLCYSTEINE,200MG/SACHET-DOSE,0.0
RHINATHIOL AD SANS SUCRE,CARBOCYTEINE,5%,0.0
MUCOTEC,ERDOSTEINE,150MG,0.0
MUCOTEC,ERDOSTEINE,300MG,0.0
MUCOLAD,CARBOCYSTEINE,375MG,0.0
ISOLVON,BROMHEXINE,10MG/5ML,0.0
BROMHEXINE,BROMHEXINE CHLORHYDRATE,"10MG/5ML (OU
0,2%)",0.0
"RHINATHIOL SANS
SUCRE ENFANTS ET NOURRISSONS",CARBOCYSTEINE,2%,0.0
FLUIMEX,ACETYLCYSTEINE OU N ACETYLCYSTEINE,200MG,0.0
"FLUISEDAL SANS
PROMETHAZINE","MEGLUMINE
(BENZOATE  ANHYDRE)","130MG/15MG/5
ML",0.0
AMBROBIOTIC LP,"AMBROXOL (SOUS
FORME DE",75MG**,0.0
RHUM 'NET,"BALSAMIQUES POUR
INHALATION",,0.0
"BALSOFUMINE
SIMPLE","BALSAMIQUES POUR
INHALATION",,0.0
BALSOFUMINE MENTHOLEE,BALSAMIQUES POUR INHALATION,1%,0.0
BALSOFUMINE MENTHOLEE,BALSAMIQUES POUR INHALATION,4%,0.0
VAPORHUM,BALSAMIQUES POUR INHALATION,,0.0
BUDIAIR 200µG ET BUDIAIR 200µG JET,BUDESONIDE DIPROPIONATE,200µG/DOSE,0.0
BREQUAL,FLUTICASONE (SOUS FORME DE PROPIONATE)** / SALMETEROL**(SOUS FORME DE XINAFOATE),500µG**/50µG*,0.0
BREQUAL,FLUTICASONE (SOUS FORME DE PROPIONATE)** / SALMETEROL**(SOUS FORME DE XINAFOATE),250µG**/50µG*,0.0
BREQUAL,FLUTICASONE (SOUS FORME DE PROPIONATE)** / SALMETEROL**(SOUS FORME DE XINAFOATE),100µG**/50µG*,0.0
SEROFLO,FLUTICASONE (SOUS FORME DE PROPIONATE)** / SALMETEROL**(SOUS FORME DE XINAFOATE),"100µG**/50µG**
/GELE.",0.0
SEROFLO,FLUTICASONE(SOUS FORME DE PROPIONATE)** / SALMETEROL**(SOUS FORME DE XINAFOATE),"250µG/50µG/GLE.
**",0.0
SYMBICORT TURBUHALER,BUDESONIDE / FORMOTEROL,100µG/6µG/DOSE,0.0
FORACORT,"BUDESONIDE / FORMOTEROL (SOUS FORME DE
FUMARATE)**","100µG/6µG/GLE.*
*",0.0
"SYMBICORT
TURBUHALER","BUDESONIDE /
FORMOTEROL",200µG/6µG/DOSE,0.0
FORACORT,BUDESONIDE / FORMOTEROL (SOUS FORME DE FUMARATE)**,"200µG/6µG/GLE.*
*",0.0
BUDEK PLUS,"BUDESONIDE /
FORMOTEROL ( FORMOTEROL",400µG/12µG/DOS E,0.0
SYMBICORT TURBUHALER,BUDESONIDE / FORMOTEROL,400µG/12µG/DOS E,0.0
FORMONIDE,"BUDESONIDE /
FORMOTEROL (SOUS FORME DE FUMARATE","100µG/6µG/DOSE
**",0.0
FORACORT HFA 100,BUDESONIDE / FORMOTEROL FUMARATE,100µG/6µG/DOSE,0.0
FORMONIDE,BUDESONIDE / FORMOTEROL (SOUS FORME DE FUMARATE DIHYDRATE)**,"200µG/6µG/DOSE
**",0.0
FORACORT HFA 200,"BUDESONIDE / FORMOTEROL
FUMARATE",200µG/6µG/DOSE,0.0
FOSTER,"BECLOMETASONE DIPROPIONATE/ FORMOTEROL
FUMARATE DIHYDRATE",100µG/6µG,0.0
SURVANTA,BERACTANT,25 MG/ML,0.0
FLUCIDAL,ACIDE NIFLUMIQUE,3%,0.0
NEFRAXIL,ACIDE NIFLUMIQUE,3%,0.0
NIFLURIC,ACIDE NIFLUMIQUE,3%,0.0
ALPHA-TRYPSINE,CHYMOTRYPSINE,5400UAE,0.0
PERCUTALGINE,"DEXAMETHASONE ACETATE / SALICYLAMIDE / SALICYLATE
D'HYDROXYETHYLE","0,005% / 2% /
10%",0.0
PHLOGOREN,DICLOFENAC DIETHYLAMINE EXPRIME EN DICLOFENAC SODIQUE,1%,0.0
BIOFENAC,DICLOFENAC DIETHYLAMINE EXPRIME EN DICLOFENAC SODIQUE,1%,0.0
TABIFLEX COOL,DICLOFENAC DIETHYLAMINE EXPRIME EN DICLOFENAC SODIQUE,1%,0.0
CLOGEL,DICLOFENAC DIETHYLAMINE EXPRIME EN DICLOFENAC SODIQUE,1%,0.0
DICLOFENIL,DICLOFENAC DIETHYLAMINE EXPRIME EN DICLOFENAC SODIQUE,1%,0.0
DEFLAMAC,"DICLOFENAC
DIETHYLAMINE EXPRIME EN DICLODFICELNOAFCESNOADCIQUE",1%,0.0
DICLOFENAC NOVA GENERICS,DIETHYLAMINE EXPRIME EN,1%,0.0
"VOLTARENE
EMULGEL","DICLOFENAC
DIETHYLAMINE",1%,0.0
VOLTENAC,Diclofénac sodique,1%,0.0
FELCAM,PIROXICAM,0.5%,0.0
FENOXAM,PIROXICAM,0.5%,0.0
ORTHOCAM,PIROXICAM,0.5%,0.0
PIROXICAM LPA,PIROXICAM,0.5%,0.0
"PIROXICAM
NOVAGENERICS",PIROXICAM,0.5%,0.0
PRIXAM,PIROXICAM,0.5%,0.0
PIROXENE,PIROXICAM,0.5%,0.0
NIFLURIC,ACIDE NIFLUMIQUE,2.5%,0.0
NIFLUGEL,ACIDE NIFLUMIQUE,2.5%,0.0
GEMATE GEL,ACIDE NIFLUMIQUE,2.5%,0.0
KETOFEN,KETOPROFENE,2.5%,0.0
GEPROFEN,KETOPROFENE,2.5%,0.0
"KETOPROFENE
LDM",KETOPROFENE,2.5%,0.0
KETUM,KETOPROFENE,2.5%,0.0
SAIFEN,KETOPROFENE,2.5%,0.0
K-PROFEN,KETOPROFENE,2.5%,0.0
PERCUTALGINE SPRAY,"DEXAMETHASONE  /
SALICYLAMIDE  / SALICYLATE","0,05% / 8,5% /
10%",0.0
ANTALFEN,IBUPROFENE,5% ( 5G/100 G ),0.0
IBUMAL,IBUPROFENE,5%,0.0
IBUTHOL,"IBUPROFENE/LEVOMEN
THOL","5G/3G POUR
100G",0.0
ZYLORIC,ALLOPURINOL,100MG,0.0
NO URIC 100,ALLOPURINOL,100MG,0.0
URICLAR,ALLOPURINOL,100MG,0.0
NADLORIC,ALLOPURINOL,100MG,0.0
ZANURIC 100,ALLOPURINOL,100MG,0.0
NO URIC 300,ALLOPURINOL,300MG,0.0
URICLAR,ALLOPURINOL,300MG,0.0
ZANURIC,ALLOPURINOL,300MG,0.0
COLCHICINE OPOCALCIUM,COLCHICINE CRISTALISEE,1MG,0.0
COLCHIMED,COLCHICINE CRISTALISEE,1MG,0.0
COLCHIMEX,COLCHICINE CRISTALISEE,1MG,0.0
CALCO,"CALCITONINE
SYNTHETIQUE DE",50UI/ML,0.0
CALCO,"CALCITONINE
SYNTHETIQUE DE SAUMON",100UI/ML,0.0
PAMIDRIA,PAMIDRONATE SODIUM,90MG/FL.,0.0
ACTONEL,"RISEDRONATE
MONOSODIQUE",30MG,0.0
OSTEOS,"ACIDE RISEDRONIQUE
SEL MONOSODIQUE",30MG,0.0
PLAQUENIL,HYDROXYCHLOROQUIN E,200MG,0.0
XARIA,"HYDROXYCHLOROQUIN
E SULFATE",200MG,0.0
ACTONEL,"RISEDRONATE
MONOSODIQUE",5MG,0.0
OSTEOS,"ACIDE RISEDRONIQUE
SEL MONOSODIQUE",5MG,0.0
ARAVA,LEFLUNOMIDE,10MG,0.0
ARAVA,LEFLUNOMIDE,20MG,0.0
ARAVA,LEFLUNOMIDE,100MG,0.0
OSTONEL ONCE A WEEK,"ACIDE RISEDRONIQUE
MONOSODIQUE HEMIPENTAHYDRATE",35MG,0.0
RISONATE,"ACIDE RISEDRONIQUE
MONOSODIQUE",35MG,0.0
RISALDENE,"ACIDE RISEDRONIQUE
SODIQUE",35MG,0.0
OSTEOS,ACIDE RISEDRONIQUE SEL MONOSODIQUE,35MG,0.0
BACRO,BACLOFENE,10MG,0.0
BACLON,BACLOFENE,10MG,0.0
LIORESAL,BACLOFENE,10MG,0.0
MYDOSED,"TOLPERISONE
CHLORHYDRATE",150MG,0.0
MYDOCALM,TOLPERISONE CHLORHYDRATE,150MG,0.0
RELAXAN,THIOCOLCHICOSIDE,4MG,0.0
MIOCED,THIOCOLCHICOSIDE,4MG,0.0
SYNTHOL GEL,"LEVOMENTHOL /
VERATROLE / RESORCINOL / ACIDE","0,52G/0,25G/0,03 G/0,1G/100G",0.0
SEPTHOL,LEVOMENTHOL / VERATROLE / RESORCINOL / ACIDE SALICYLIQUE,"260MG/125MG/1
5MG/50MG/50G",0.0
LATENDRA,CAMPHRE,4%,0.0
PROTOS,RANELATE DE STRONTIUM,2G/SACHET,0.0
DROMAX,ALENDRONATE MONOSODIQUE TRIHYDRATE EXPRIME EN ACIDE ALENDRONIQUE,70MG,0.0
FOLENAT,ALENDRONATE MONOSODIQUE TRIHYDRATE EXPRIME EN ALENDRONATE DE SODIUM,70MG,0.0
OSPORIX,"ALENDRONATE MONOSODIQUE TRIHYDRATE EXPRIME EN ACIDE
ALENDRONIQUE",70MG,0.0
OSTOMAX,"ALENDRONATE
MONOSODIQUE TRIHYDRATE EXPRIME EN ALENDRONATE DE",70MG,0.0
ENDRONAX,"ACIDE ALENDRONIQUE
MONOSODIQUE",70MG,0.0
POROSIMAX,"ALENDRONATE
MONOSODIQUE TRIHYDRATE EXPRIME",70MG,0.0
EVIFEN,RALOXIFENE CHLORHYDRATE,60MG,0.0
EVISTA,RALOXIFENE CHLORHYDRATE,60MG,0.0
FORTEO,TERIPARATIDE,"250µG/ML (600µG/2,4ML) OU 20µG/DOSE",0.0
FOSAVANCE,"ALENDRONATE
MONOSODIQUE TRIHYDRATE EXPRIME EN ACIDE ALENDRONIQUE /",70MG/2800UI,0.0
PROLIA,DENOSUMAB,60MG/ML,0.0
POROSIMAX PLUS,"ACIDE ALENDRONIQUE
MONOSODIQUE",70MG/5600UI,0.0
PIASCLEDINE 300,"INSAPONIFIABLE D'HUILE D'AVOCAT / INSAPONIFIABLE
D'HUILE DE SOJA","100MG/200MG (TOTAL 300MG D'INSAPONIFIABL
ES AVOCAT-SOJA)",0.0
STRUCTUM,"SULFATE DE
CHONDROÏTINE",500MG,0.0
"LEFLUBIC
ALEMBIC MAMI",LEFLUNOMIDE,10MG,0.0
RUMAVA,LEFLUNOMIDE,10MG,0.0
REDUPAR,LEFLUNOMIDE,10MG,0.0
LEFUMIDE 10,LEFLUNOMIDE,10MG,0.0
LEFUMIDE 20,LEFLUNOMIDE,20MG,0.0
RUMAVA,LEFLUNOMIDE,20MG,0.0
REDUPAR,LEFLUNOMIDE,20MG,0.0
REDUPAR,LEFLUNOMIDE,100MG,0.0
HUMIRA,ADALIMUMAB,"40MG/0,8ML",0.0
METHOTREXATE EBEWE,METHOTREXATE DISODIQUE EXPRIME EN METHOTREXATE,"10MG/ML**  (OU
7,5MG/0,75ML -
10MG/ML -
15MG/1,5ML -
20MG/2ML)",0.0
ENBREL,ETANERCEPT,50MG/SERING.,0.0
ENBREL,ETANERCEPT,25MG/SERING,0.0
ACTEMRA,TOCILIZUMAB,20MG/ML/FLACO N,0.0
TRIFED PLUS,"TRIPROLIDINE CHLORHYDRATE / PSEUDOEPHEDRINE CHLORHYDRATE /
PARACETAMOL","2,5MG/50MG/30
0MG",0.0
RHINAFED,TRIPROLIDINE CHLORHYDRATE / PSEUDOEPHEDRINE CHLORHYDRATE / PARACETAMOL,"2,5MG/50MG/30
0MG",0.0
RHUMAFED,"TRIPROLIDINE CHLORHYDRATE / PSEUDOEPHEDRINE CHLORHYDRATE /
PARACETAMOL","2,5MG/50MG/30
0MG",0.0
SOMIFED,TRIPROLIDINE CHLORHYDRATE / PSEUDOEPHEDRINE CHLORHYDRATE / PARACETAMOL,"2,5MG/50MG/30
0MG",0.0
TRIFED PLUS,"TRIPROLIDINE(SOUS FORME DECHLORHYDRATE)** / PSEUDOEPHEDRINE (SOUS FORME DE CHLORHYDRATE)** /
PARACETAMOL","1,25MG** /
25MG**/ 125MG
/ 5ML",0.0
RHUMOFEBRAL,"TRIPROLIDINE (CHLORHYDRATE) / PSEUDIEPHEDRINE (CHLORHYDRATE) /
PARACETAMOL","1,25MG/25MG/1
25MG/5ML",0.0
RHUMAFED,TRIPROLIDINE (SOUS FORME DE CHLORHYDRATE)**  / PSEUDOEPHEDRINE (SOUS FORME DE CHLORHYDRATE)** / PARACETAMOL,"1,25MG/25MG/
125MG /5ML**",0.0
RHUMAFRO,"TRIPROLIDINE (SOUS
FORME DE CHLORHYDRATE)**  / PSEUDOEPHEDRINE","1,25MG/25MG/
125MG /5ML",0.0
GRIPEX,"PHENYLPROPANOLAMI NE CHLORHYDRATE/CHLOR
PHENIRAMINE MALEATE",50MG/4MG,0.0
HUMEX RHUME,"PARACETAMOL/PSEUD
OEPHEDRINE (SOUS FORME DE CHLORHYDRATE)** ET","500MG/60MG** (COMP.)  ET 500MG/04MG**
(GLES.)",0.0
FERVEX ENFANT,"PARACETAMOL / ACIDE ASCORBIQUE / MALEATE DE
PHENIRAMINE","0,28G/0,1G/0,01G
/SACH.DE 3G",0.0
FERVEX ADULTE SANS SUCRE,PARACETAMOL / ACIDE ASCORBIQUE / PHENIRAMINE MALEATE,"500MG/200MG/2
5MG**/SACH.",0.0
BIOVEX,PARACETAMOL / ACIDE ASCORBIQUE / PHENIRAMINE MALEATE,"500MG/ 200MG/
25MG",0.0
FERVEX,PARACETAMOL / ACIDE ASCORBIQUE / MALEATE DE PHENIRAMINE,"0,5G/0,2G/0,025G
/SACH.DE 13,1G",0.0
RYNZA,"PARACETAMOL /
MALEATE DE PHENIRAMINE / PHENYLEPHRINE",750MG/20MG/10 MG/30MG/SACH. DE 5G,0.0
MENTEX,"DIPHENHYDRAMINE
HYDROCHLORIDE / DEXTROMETHORPHANE","12,5MG/15MG/3
0MG/125MG/57 MG/1MG/5ML",0.0
PARADIPAL,"PARACETAMOL /
PSEUDOEPHEDRINE (SOUS FORME DE","500MG/60MG**
COMP. DE JOUR ET",0.0
"PANADOL RHUME
+ GRIPPE","PARACETAMOL / CAFEINE / PHENYLEPHRINE
CHLORHYDRATE","500MG/25MG/5
MG**",0.0
XYDOL RHUME,IBUPROFENE / PSEUDOEPHEDRINE CHLORHYDRATE,200MG/30MG,0.0
GRIPEX PLUS,"IBUPROFENE / PSEUDOEPHEDRINE
CHLORHYDRATE",200MG/30MG,0.0
RHINEDAL,IBUPROFENE / PSEUDOEPHEDRINE CHLORHYDRATE,200MG/30MG,0.0
TRIPARACETAL,"PARACETAMOL /
PSEUDOEPHEDRINE CHLORHYDRATE  /","500MG/60MG**/
2,5MG**",0.0
HUMEXLIB,"PARACETAMOL
/MALEATE DE CHLORPHENIRAMINE",500MG/4MG,0.0
GEFRANE,"THIOPHENE (SOUS
FORME DE CARBOXYLATE DE",2%,0.0
SOUFRANE 2%,THIOPHENECARBOXYLA TE DE SODIUM,"2,34G/100 ML (2%)",0.0
RHINOFLUIMUCIL,"ACETYLCYSTEINE/TUAM
INOHEPTANE/CHLORUR","100MG/50MG/1,
25MG/10ML",0.0
DADCROME,"CROMOGLYCATE DE
SODIUM",2%,0.0
CROMOSOL,CROMOGLYCATE DE SODIUM,2%,0.0
AVAMYS,FLUTICASONE FUROATE,"27,50µG/DOSE",0.0
ISOFRA,FRAMYCETINE,1.25%,0.0
NIFRAMYCINE,"FRAMYCETINE (SOUS
FORME DE SULFATE)**","1,25% **(856
250UI/100ML)",0.0
SOFRAMICINE,FRAMYCETINE,1.25%,0.0
"NIFRAMYCINE
HYDROCORTISON","FRAMYCETINE** /
HYDROCORTISONE","1,25G**/0,1G/10
0ML",0.0
HEXALYSE,"BICLOTYMOL/LYSOZYM
E/ENOXOLONE",5MG/5MG/5MG,0.0
FLOMIST,"FLUTICASONE
PROPIONATE",50µG/DOSE,0.0
FLIXONASE,FLUTICASONE PROPIONATE,50µG/DOSE,0.0
FLIXASONE,FLUTICASONE PROPIONATE,50µG/DOSE,0.0
FLUCASONE,FLUTICASONE PROPIONATE,50µG/DOSE,0.0
NASACET,TRIAMCINOLONE ACETONIDE,55µG/DOSE,0.0
NASACORT,TRIAMCINOLONE ACETONIDE,55µG/DOSE,0.0
RINOCLENIL 100,BECLOMETASONE DIPROPIONATE,100µG/DOSE,0.0
NASONEX,MOMETASONE FUROATE ANHYDRE,50µG/DOSE,0.0
TASONEX,"MOMETASONE
FUROATE ANHYDRE",50µG/DOSE,0.0
ETACID,MOMETASONE FUROATE MONOHYDRATE,50µG/DOSE,0.0
RESPINHAL,"OXYMETAZOLINE (SOUS
FORME DE","0,5MG/ML** (OU
0,05%)",0.0
RESPIBIEN,"OXYMETAZOLINE
CHLORHYDRATE","0,5MG/ML**",0.0
RHINAAXIA,"ACIDE N-ACETYL
ASPARTYL GLUTAMIQUE,SEL DE",6G/100ML,0.0
RHINOCORT,BUDESONIDE,64µG/DOSE,0.0
ELUDRIL,CHLORHEXIDINE/TETRA CAINE,"50MG/15MG
pour 100ML",0.0
SYNTHOL,"LEVOMENTHOL/VERATR
OL/RESORCINOL/ACIDE","0,26G/0,26G/0,02
1G/0,0105G/100G",0.0
DAD MOUTH WASH,HEXETIDINE,"0,1%",0.0
ORALVEX,HEXETIDINE,0.1%,0.0
DOLODENT,AMYLEINE CHLORAL,"0,75G/100G",0.0
HEXASPRAY,Biclotymol,"750MG/30G (0,75G/30G)",0.0
GIVALEX,"HEXETIDINE /
SALICYLATE DE CHOLINE
/ CHLORBUTANOL","0,1G/0,5G/0,25G*
*/100ML",0.0
ELUDRIL,"CHLORHEXIDINE DIGLUCONATE
/CHLOROBUTANOL
HEMIHYDRATE","0,5ML/0,5G/100 ML",0.0
HUMEX MAL DE GORGE,"BENZALKONIUM CHLORURE/LIDOCAINE
CHLORHYDRATE","0,030G/0,300G/1
00ML",0.0
HYSADRIL,"CHLORHEXIDINE**
(SOUS FORME DE",0.20%,0.0
LYSOPAINE SANS SUCRE,"CETYLPYRIDINIUM
CHLORURE / LYSOSYME CHLORHYDRATE","1,5MG / 20MG",0.0
DAKTAZOL,MICONAZOLE,2G%,0.0
DAKTARIN,MICONAZOLE,2G%,0.0
MICONAZOLE NOVAGENERICS,MICONAZOLE,2%,0.0
DEKTAGEL,Miconazole,2%,0.0
NALOXONE MYLAN,"NALOXONE CHLORHYDRATE
ANHYDRE","0,4MG/ML",0.0
DESFERAL,DEFEROXAMINE,"500MG/7,5ML",0.0
KAPTIRON,Déférasirox,125MG,0.0
DEFEROX,Déférasirox,125MG,0.0
CAPTAFER,Déférasirox,125MG,0.0
KELOSIROX,Déférasirox,125MG,0.0
EXJADE,Déférasirox,125MG,0.0
KAPTIRON,Déférasirox,250MG,0.0
KELOSIROX,Déférasirox,250MG,0.0
DEFEROX,Déférasirox,250MG,0.0
CAPTAFER,Déférasirox,250MG,0.0
EXJADE,Déférasirox,250MG,0.0
DEFEROX,Déférasirox,500MG,0.0
CAPTAFER,Déférasirox,500MG,0.0
EXJADE,Déférasirox,500MG,0.0
KAPTIRON,Déférasirox,500MG,0.0
KELFER-250,DEFERIPRONE,250MG,0.0
KELFER-500,DEFERIPRONE,500MG,0.0
NOVAPROST,"EXTRAIT DE PYGEUM
AFRICANUM",50MG,0.0
SERPENS,SERENOA REPENS,160MG,0.0
PERMIXON,SERENOA REPENS,160MG,0.0
XATRAL LP,"ALFUZOSINE
CHLORHYDRATE",5MG,0.0
FINCAR,FINASTERIDE,5MG,0.0
NOVASTERIDE,FINASTERIDE,5MG,0.0
PROSTAMED,FINASTERIDE,5MG,0.0
PROSTACARE,FINASTERIDE,5MG,0.0
ZODURA,Doxazosine mésilate exprimé en doxazosine,1MG,0.0
CARDOX,Doxazosine mésilate exprimé en doxazosine,1MG,0.0
ZODURA,Doxazosine mésilate exprimé en doxazosine,2MG,0.0
CARDOX,Doxazosine mésilate exprimé en doxazosine,2MG,0.0
CARDULAR,Doxazosine mésilate exprimé en doxazosine,2MG,0.0
DOXAZOSINE BEKER,Doxazosine mésilate exprimé en doxazosine,2MG,0.0
ZODURA,Doxazosine mésilate exprimé en doxazosine,4MG,0.0
DOXAZOSINE BEKER,Doxazosine mésilate exprimé en doxazosine,4MG,0.0
CARDOX,"Doxazosine mésilate
exprimé en doxazosine",4MG,0.0
OLSERAZ,TAMSULOSINE CHLORHYDRATE,"0,4MG",0.0
TAMSIR LP,TAMSULOSINE CHLORHYDRATE,"0,4MG",0.0
PROSTASIR LP,"TAMSULOSINE
CHLORHYDRATE","0,4MG",0.0
"TAMSULOSINE
BEKER","TAMSULOSINE
CHLORHYDRATE","0,4MG",0.0
"TAMSULOSINE
MM LP","TAMSULOSINE
CHLORHYDRATE","0,4MG",0.0
TAMSULIX LP,"TAMSULOSINE
CHLORHYDRATE","0,4MG",0.0
PROSTAM LP,"TAMSULOSINE
CHLORHYDRATE","0,4MG",0.0
SULOZIR LP,TAMSULOSINE CHLORHYDRATE,"0,4MG",0.0
TAMSUMED LP,TAMSULOSINE CHLORHYDRATE,"0,4MG",0.0
TAMSULOSINE WINTHROP LP,TAMSULOSINE CHLORHYDRATE,"0,4MG",0.0
PROSTALOZINE LP,TAMSULOSINE CHLORHYDRATE,"0,4MG",0.0
PROSTAX LP,ALFUZOSINE CHLORHYDRATE,10MG,0.0
DOXAMEX LP,"Doxazosine mésilate
exprimé en doxazosine",4MG,0.0
ZOXAN LP,"Doxazosine mésilate
exprimé en doxazosine",4MG,0.0
ZOXAN LP,"Doxazosine mésilate
exprimé en doxazosine",8MG,0.0
DRIPTANE,OXYBUTYNINE CHLORHYDRATE,5MG,0.0
RINOSPAN,"OXYBUTYNINE
CHLORHYDRATE",5MG,0.0
DITROPAN,"OXYBUTYNINE
ACCIHDLEOPRIPHEYMDIRDAITQEUE",5MG,0.0
UROPIMID,TRIHYDRATEE EXPRIME,400MG,0.0
NAXOLIN,NITROXOLINE,50MG,0.0
NABYOL FORTE,NITROXOLINE,100MG,0.0
NAXOLIN,NITROXOLINE,100MG,0.0
NOLIB,NITROXOLINE,100MG,0.0
URICARE,"FOSFOMYCINE TROMETAMOL EXPRIME
EN FOSFOMYCINE",3G/SACHET,0.0
MONURIL ADULTE,FOSFOMYCINE,3G/SACHET,0.0
CAPD FORMULE 55,DIALYSE EN POCHE ISOTONIQUE,"15G DE GLUCOSE
/ LITRE",0.0
CAPD FORMULE 62,DIALYSE EN POCHE LIQUIDE HYPERTONIQUE,"42,5G DE GLUCOSE / LITRE",0.0
"CAPD / DPCA 3 -
DIALYSE PERITONEALE CONTINUE AMBULATOIRE",DIALYSE EN POCHE LIQUIDE HYPERTONIQUE,"42,5G DE GLUCOSE / LITRE",0.0
RENACID A14 RENABIC L14,CONCENTRE ACIDE POUR HEMODIALYSE AU BICARBONATE LIQUIDE,,0.0
ACIDE BIOTIC,CONCENTRE ACIDE POUR HEMODIALYSE AU BICARBONATE LIQUIDE,,0.0
CONCENTRE ACIDE POUR HEMODIALYSE AU BICARBONATE,CONCENTRE ACIDE POUR HEMODIALYSE,,0.0
SOFACID A1,"CHLORURE DE SODIUM
/ CHLORURE DE POTASSIUM / CHLORURE DE CALCIUM
/ CHLORURE DE MAGNESIUM / ACIDE","170,06G/5,49G/9,
48G/5,62G/8,85G
/L",0.0
SOFACID A2,"CHLORURE DE SODIUM
/ CHLORURE DE POTASSIUM / CHLORURE DE CALCIUM
/ CHLORURE DE MAGNESIUM / ACIDE","210,70G/5,22G/9,
00G/3,56G/6,31G
/G",0.0
SOFABIC,"CHLORURE DE SODIUM
/ BICARBONATE DE SODIUM","23,53G/69,95G/L",0.0
"CAPD / DPCA 2 -
DIALYSE PERITONEALE CONTINUE",DIALYSE EN POCHE LIQUIDE HYPERTONIQUE,15G GLUCOSE/LITRE,0.0
CAPD / DPCA 4 - DIALYSE PERITONEALE CONTINUE AMBULATOIRE STAY SAFE 4,DIALYSE EN POCHE LIQUIDE HYPERTONIQUE,"22,73G GLUCOSE/LITRE",0.0
RENACID A13,CONCENTRE ACIDE POUR HEMODIALYSE AU BICARBONATE  POUDRE,,0.0
ACIDIAL,CONCENTRE ACIDE POUR HEMODIALYSE AU BICARBONATE POUDRE,,0.0
DPCA FORMULE 91,"CHLORURE DE SODIUM
/ CHLORURE DE CALCIUM DIHYDRATE / CHLORURE DE MAGNESIUM HEXAHYDRATE / SOLUTION DE LACTATE DE SODIUM A 60% / GLUCOSE MONOHYDRATE","5,670G/0,257G/
0,152G/ 6,537G
(3,922g/l de lactate de sodium pur)/ 25G (correspondant à 22,7g/l ou 2,27% de glucose anhydre) / 1000mL SOIT :
132mmol/l en SODIUM,
1,75mmol/l en CALCIUM,
0,75mmol/l en MAGNESIUM,
35mmol/l en LACTATE ,
102mmol/l en chlorure, 126,135mmol/L
EN GLUCOSE",0.0
"DIANEAL PDA 1,36%",GLUCOSE ANHYDRE (SOUS FORME MONOHYDRATEE) / SODIUM CHLORURE / CALCIUM CHLORURE DIHYDRATE / MAGNESIUM CHLORURE HEXAHYDRATE / SODIUM LACTATE,"13,6G/L (1,36%)
DE GLUCOSE ANHYDRE , 15G/L DE GLUCOSE MONONHYDRATE
/ (5,38G / 0,184/G
/ 0,051G / 4,480G)/L
SOIT 132mmole de sodium / 1,25mmole de calcium / 0,25mmole de magnésium  / 95,00 mole de
chlorure /",0.0
"DIANEAL PDA 2,27%",GLUCOSE ANHYDRE (SOUS FORME MONOHYDRATEE) / SODIUM CHLORURE / SODIUM LACTATE / CALCIUM CHLORURE DIHYDRATE / MAGNESIUM CHLORURE HEXAHYDRATE,"22,70G/L (2,27%) DE GLUCOSE ANHYDRE , 25G/L SOUS FORME MONONHYDRATE
/ (5,38G/4,48G/0,1 84G/0,051G)/L
SOIT 132mmole de sodium / 1,25mmole de calcium / 0,25mmole de magnésium  / 95,00 mole de chlorure / 40mmole de lactate )/L",0.0
"DIANEAL PDA 3,86%","GLUCOSE ANHYDRE
(SOUS FORME MONOHYDRATEE) / SODIUM CHLORURE / CALCIUM CHLORURE DIHYDRATE / MAGNESIUM CHLORURE HEXAHYDRATE /","38,6G/L (3,86%)
DE GLUCOSE ANHYDRE , 42,5G/L DE GLUCOSE MONONHYDRATE
/ (5,38G / 0,184/G
/ 0,051G / 4,480G)/L",0.0
"EXTRANEAL 7,5%",ICODEXTRINE (DCI)/SODIUM CHLORURE/SODIUM LACTATE / CALCIUM CHLORURE / MAGNESIUM CHLORURE,"75G/L (7,5%) D'ICODEXTRINE (5,4G/4,5G/0,257 G/0,051G)/L
SOIT PAR LITRE 133MMOL DE SODIUM, 1,75MMOL DE CALCIUM, 0,25MMOL DE MAGNESIUM, 96MMOL DE CHLORURE , 40MMOL DE LACTATE",0.0
MULTIBIC SANS SUCRE,"SOLUTION A CHLORURE DE CALCIUM DIHYDRATE/CHLORURE DE MAGNESIUM HEXAHYDRATE/GLUCOS E ANHYDRE S/F MONOHYDRATE SOLUTION B CHLORURE DE SODIUM
/BICARBONATE DE SODIUM","AVANT RECONSTITUTION
solution A SOLUTION ACIDE A BASE DE GLUCOSE ET ELECTROLYTES 4,410G/2,033 G/2,00 G/20,00 G SOLUTION B SOLUTION ALCALIN A BASE DE BICARBONATE DE SODIUM ET DE CHLORURE DE SODIUM APRES RECONSTITUTION 6,136 G/2,940 G/0,2205 G/0,1017G/1,100 G",0.0
"MULTIBIC 2 MMOL/L
POTASSIUM","SOLUTION ACIDE A BASE
DE GLUCOSE ET ELECTROLYTES","COMPARTIMENT
A (0,25 L)
,COMPARTIMENT",0.0
"MUTI-BIC 3
MMUMTI-OBLI/CL4","CHLORURE DE
PSOLTUATSISOIUNMA/CHLORURE","AVANT
RECOANVSTAINTUT TION",0.0
MMOL/L,DE,RECONSTITUTION,0.0
ROVERON,MESTEROLONE,25MG,0.0
PROVIRON,MESTEROLONE,25MG,0.0
RENAGEL,SEVELAMER,800MG,0.0
FOSEAL,SEVELAMER,800MG,0.0
EDEX,ALPROSTADIL,20µG/ML,0.0
EDEX,ALPROSTADIL,10µG/ML,0.0
VIABEK,Sildénafil citrate,50MG,0.0
HEXOR,Sildénafil citrate,50MG,0.0
CILAGRA,Sildénafil citrate,50MG,0.0
VIACTAL,Sildénafil citrate,50MG,0.0
VIAGNAFIL,Sildénafil citrate,50MG,0.0
VIADIS,Sildénafil citrate,50MG,0.0
VIAREC,Sildénafil citrate,50MG,0.0
SILVEGRA,Sildénafil citrate,50MG,0.0
ERECTA,Sildénafil citrate,50MG,0.0
VIAGRA,Sildénafil citrate,50MG,0.0
VIANAFIL,Sildénafil citrate,50MG,0.0
INAGRA,Sildénafil citrate,50MG,0.0
FORCE MEN,Sildénafil citrate,50MG,0.0
SILDEFAL,Sildénafil citrate,50MG,0.0
SILDENAFIL ZENTIVA,Sildénafil citrate,50MG,0.0
TAFIALYS,TADALAFIL,20MG,0.0
TADALIS,TADALAFIL,20MG,0.0
ERIXIUM,TADALAFIL,20MG,0.0
VITALIS 20MG,TADALAFIL,20MG,0.0
NOVALIS,TADALAFIL,20MG,0.0
GENTIX,TADALAFIL,20MG,0.0
CIAFAL,TADALAFIL,20MG,0.0
VIABEK,Sildénafil citrate,100MG,0.0
ERECTA,Sildénafil citrate,100MG,0.0
VIAREC,Sildénafil citrate,100MG,0.0
VIANAFIL,Sildénafil citrate,100MG,0.0
ZYDENA,UDENAFIL,100MG,0.0
ZYDENA,UDENAFIL,200MG,0.0
TADALIS,TADALAFIL,5MG,0.0
CLAFAL,TADALAFIL,5MG,0.0
VESICARE,"SOLIFENACINE
SUCCINATE",5MG,0.0
URILAX,"SOLIFENACINE
SUCCINATE",5MG,0.0
VESICARE,"SOLIFENACINE
SUCCINATE",10MG,0.0
VENACINE,SOLIFENACINE SUCCINATE,10MG,0.0
SOLIFENACINE GL,"SOLIFENACINE
SUCCINATE",10MG,0.0
URILAX,"SOLIFENACINE
SUCCINATE",10MG,0.0
"URO 3000
GLYCOCOLLE",GLYCOCOLLE,1.5%,0.0
"DAKIN COOPER
STABILISE","HYPOCHLORITE DE
SODIUM","0,5% DE CHLORE
ACTIF",0.0
DAKIN RPP,"HYPOCHLORITE DE
SODIUM","0,5% DE CHLORE
ACTIF",0.0
EAU OXYGENEE,"PEROXYDE D'
HYDROGENE",10VOLUMES,0.0
"OXYDERM 10 V
RPP","PEROXYDE D'
HYDROGENE","10 V , FLACON DE
1000 ML PET",0.0
"EAU OXYGENEE
10V","PEROXYDE
D'HYDROGENE",10 VOLUMES,0.0
EAU OXYGENEE,"PEROXYDE
D'HYDROGENE",10 VOLUMES,0.0
"EAU OXYGENEE
OFFICINALE","PEROXYDE D'
HYDROGENE",10 VOLUMES,0.0
EOSINE AQUEUSE,EOSINE AQUEUSE,2%,0.0
EOSINE AQUEUSE,EOSINE AQUEUSE,2%,0.0
"MERCUROCHROM
E",MERCURUCHROME,2%,0.0
"MERCUROCHROM
E",MERCUROCHROME,2%,0.0
MERCUROCHROM E AQUEUX 2%,MERCUROCHROME,2%,0.0
BLEU DE METHYLENE,BLEU DE METHYLENE,1%,0.0
ALCOOL CAMPHRE,ALCOOL ETHYLIQUE CAMPHRE,90°,0.0
ALCOOL CHIRURGICAL 70°,ALCOOL ETHYLIQUE,70°,0.0
ALCOOL CHIRURGICAL 70°,ALCOOL ETHYLIQUE,70°,0.0
ALCOOL CHIRURGICAL 70°,ALCOOL ETHYLIQUE,70°,0.0
"ALCOOL
CHIRURGICAL 70°",ALCOOL ETHYLIQUE,70°,0.0
"ALCOOL
CHIRURGICAL 70°",ALCOOL ETHYLIQUE,70°,0.0
ALCOOL CHIRURGICAL 70°,ALCOOL ETHYLIQUE,70°,0.0
ALCOOL DENATURE 70°,ALCOOL ETHYLIQUE,70°,0.0
EAU OXYGENE 30V,PEROXYDE D HYDROGENE,30V,0.0
"ALCOOL
CHIRURGICAL 90°",ALCOOL ETHYLIQUE,90°,0.0
ALCOOL CHIRURGICAL 90°,ALCOOL ETHYLIQUE,90°,0.0
"ALCOOL
DENATURE RPP",ALCOOL ETHYLIQUE 96°,90°,0.0
BUSILVEX,BUSULFAN,"6MG/ML
(60MG/10ML)",0.0
PHENOCEPT,MYCOPHENOLATE MOFETIL,500MG,0.0
MMF,MYCOPHENOLATE MOFETIL,500MG,0.0
MMF,"MYCOPHENOLATE
MOFETIL",250MG,0.0
"THYMOGLOBULIN
E","IMMUNOGLOBULINE DE
LAPIN ANTI-","25MG/FL. DE
PDRE. (5MG/ML",0.0
CICLAID,CICLOSPORINE,100MG/ML,0.0
SANDIMMUN NEORAL,CICLOSPORINE,25MG,0.0
SANDIMMUN NEORAL,CICLOSPORINE,50MG,0.0
SANDIMMUN NEORAL,CICLOSPORINE,100MG,0.0
TIM,"TACROLIMUS MONOHYDRATE EXPRIME EN
TACROLIMUS","0,5MG",0.0
VINGRAF,TACROLIMUS MONOHYDRATE EXPRIME EN TACROLIMUS,1MG,0.0
TIM,"TACROLIMUS
MONOHYDRATE EXPRIME EN",1MG,0.0
TIM,TACROLIMUS MONOHYDRATE EXPRIME EN TACROLIMUS,5MG,0.0
SIMULECT,Basiliximab,20MG /FLACON,0.0
SOLIRIS,ECULIZUMAB,10MG/ML (300MG/30ML),0.0
CLOTINAB,Abciximab,"2MG/ML (
10MG/5ML)",0.0
OXYNORM,Oxycodone chlorhydrate,20MG,0.0
OXYNORM,Oxycodone chlorhydrate,10MG,0.0
OXYNORM,Oxycodone chlorhydrate,5MG,0.0
OXYNORM,Oxycodone chlorhydrate,"10 MG /ML
20MG/2ML",0.0
EPIZOLONE-DEPOT,Méthylprednisolone acétate,40MG/ML,0.0
ALKERAN TM,Melphalan,50MG/10 ML,0.0
TYGACIL,Tigécycline,50 MG / FL,0.0
OMNITROPE,Somatropine recombinante  SANDOZ,"5mg/1,5ml",0.0
